"date","up","down","oscillator","middle","overbought","oversold"
"Wed Jul 05 2017 00:00:00 GMT+0530 (India Standard Time)",60,85,-25,0,70,30
"Thu Jul 06 2017 00:00:00 GMT+0530 (India Standard Time)",55,80,-25,0,70,30
"Fri Jul 07 2017 00:00:00 GMT+0530 (India Standard Time)",50,75,-25,0,70,30
"Mon Jul 10 2017 00:00:00 GMT+0530 (India Standard Time)",45,70,-25,0,70,30
"Tue Jul 11 2017 00:00:00 GMT+0530 (India Standard Time)",40,65,-25,0,70,30
"Wed Jul 12 2017 00:00:00 GMT+0530 (India Standard Time)",35,60,-25,0,70,30
"Thu Jul 13 2017 00:00:00 GMT+0530 (India Standard Time)",30,55,-25,0,70,30
"Fri Jul 14 2017 00:00:00 GMT+0530 (India Standard Time)",25,50,-25,0,70,30
"Mon Jul 17 2017 00:00:00 GMT+0530 (India Standard Time)",20,45,-25,0,70,30
"Tue Jul 18 2017 00:00:00 GMT+0530 (India Standard Time)",100,40,60,0,70,30
"Wed Jul 19 2017 00:00:00 GMT+0530 (India Standard Time)",95,35,60,0,70,30
"Thu Jul 20 2017 00:00:00 GMT+0530 (India Standard Time)",90,30,60,0,70,30
"Fri Jul 21 2017 00:00:00 GMT+0530 (India Standard Time)",85,25,60,0,70,30
"Mon Jul 24 2017 00:00:00 GMT+0530 (India Standard Time)",80,20,60,0,70,30
"Tue Jul 25 2017 00:00:00 GMT+0530 (India Standard Time)",100,15,85,0,70,30
"Wed Jul 26 2017 00:00:00 GMT+0530 (India Standard Time)",100,10,90,0,70,30
"Thu Jul 27 2017 00:00:00 GMT+0530 (India Standard Time)",100,5,95,0,70,30
"Fri Jul 28 2017 00:00:00 GMT+0530 (India Standard Time)",100,10,90,0,70,30
"Mon Jul 31 2017 00:00:00 GMT+0530 (India Standard Time)",100,5,95,0,70,30
"Tue Aug 01 2017 00:00:00 GMT+0530 (India Standard Time)",100,5,95,0,70,30
"Wed Aug 02 2017 00:00:00 GMT+0530 (India Standard Time)",95,5,90,0,70,30
"Thu Aug 03 2017 00:00:00 GMT+0530 (India Standard Time)",90,5,85,0,70,30
"Fri Aug 04 2017 00:00:00 GMT+0530 (India Standard Time)",85,10,75,0,70,30
"Mon Aug 07 2017 00:00:00 GMT+0530 (India Standard Time)",80,5,75,0,70,30
"Tue Aug 08 2017 00:00:00 GMT+0530 (India Standard Time)",75,5,70,0,70,30
"Wed Aug 09 2017 00:00:00 GMT+0530 (India Standard Time)",70,5,65,0,70,30
"Thu Aug 10 2017 00:00:00 GMT+0530 (India Standard Time)",65,5,60,0,70,30
"Fri Aug 11 2017 00:00:00 GMT+0530 (India Standard Time)",60,100,-40,0,70,30
"Mon Aug 14 2017 00:00:00 GMT+0530 (India Standard Time)",55,100,-45,0,70,30
"Wed Aug 16 2017 00:00:00 GMT+0530 (India Standard Time)",50,100,-50,0,70,30
"Thu Aug 17 2017 00:00:00 GMT+0530 (India Standard Time)",45,95,-50,0,70,30
"Fri Aug 18 2017 00:00:00 GMT+0530 (India Standard Time)",40,90,-50,0,70,30
"Mon Aug 21 2017 00:00:00 GMT+0530 (India Standard Time)",35,100,-65,0,70,30
"Tue Aug 22 2017 00:00:00 GMT+0530 (India Standard Time)",30,100,-70,0,70,30
"Wed Aug 23 2017 00:00:00 GMT+0530 (India Standard Time)",25,95,-70,0,70,30
"Thu Aug 24 2017 00:00:00 GMT+0530 (India Standard Time)",20,90,-70,0,70,30
"Mon Aug 28 2017 00:00:00 GMT+0530 (India Standard Time)",15,85,-70,0,70,30
"Tue Aug 29 2017 00:00:00 GMT+0530 (India Standard Time)",10,80,-70,0,70,30
"Wed Aug 30 2017 00:00:00 GMT+0530 (India Standard Time)",5,75,-70,0,70,30
"Thu Aug 31 2017 00:00:00 GMT+0530 (India Standard Time)",25,70,-45,0,70,30
"Fri Sep 01 2017 00:00:00 GMT+0530 (India Standard Time)",20,65,-45,0,70,30
"Mon Sep 04 2017 00:00:00 GMT+0530 (India Standard Time)",15,60,-45,0,70,30
"Tue Sep 05 2017 00:00:00 GMT+0530 (India Standard Time)",10,55,-45,0,70,30
"Wed Sep 06 2017 00:00:00 GMT+0530 (India Standard Time)",5,50,-45,0,70,30
"Thu Sep 07 2017 00:00:00 GMT+0530 (India Standard Time)",5,45,-40,0,70,30
"Fri Sep 08 2017 00:00:00 GMT+0530 (India Standard Time)",10,100,-90,0,70,30
"Mon Sep 11 2017 00:00:00 GMT+0530 (India Standard Time)",5,100,-95,0,70,30
"Tue Sep 12 2017 00:00:00 GMT+0530 (India Standard Time)",15,95,-80,0,70,30
"Wed Sep 13 2017 00:00:00 GMT+0530 (India Standard Time)",10,90,-80,0,70,30
"Thu Sep 14 2017 00:00:00 GMT+0530 (India Standard Time)",5,85,-80,0,70,30
"Fri Sep 15 2017 00:00:00 GMT+0530 (India Standard Time)",30,80,-50,0,70,30
"Mon Sep 18 2017 00:00:00 GMT+0530 (India Standard Time)",25,100,-75,0,70,30
"Tue Sep 19 2017 00:00:00 GMT+0530 (India Standard Time)",20,100,-80,0,70,30
"Wed Sep 20 2017 00:00:00 GMT+0530 (India Standard Time)",15,95,-80,0,70,30
"Thu Sep 21 2017 00:00:00 GMT+0530 (India Standard Time)",10,90,-80,0,70,30
"Fri Sep 22 2017 00:00:00 GMT+0530 (India Standard Time)",5,100,-95,0,70,30
"Mon Sep 25 2017 00:00:00 GMT+0530 (India Standard Time)",5,100,-95,0,70,30
"Tue Sep 26 2017 00:00:00 GMT+0530 (India Standard Time)",15,95,-80,0,70,30
"Wed Sep 27 2017 00:00:00 GMT+0530 (India Standard Time)",10,100,-90,0,70,30
"Thu Sep 28 2017 00:00:00 GMT+0530 (India Standard Time)",5,100,-95,0,70,30
"Fri Sep 29 2017 00:00:00 GMT+0530 (India Standard Time)",5,95,-90,0,70,30
"Tue Oct 03 2017 00:00:00 GMT+0530 (India Standard Time)",5,90,-85,0,70,30
"Wed Oct 04 2017 00:00:00 GMT+0530 (India Standard Time)",10,85,-75,0,70,30
"Thu Oct 05 2017 00:00:00 GMT+0530 (India Standard Time)",5,100,-95,0,70,30
"Fri Oct 06 2017 00:00:00 GMT+0530 (India Standard Time)",20,95,-75,0,70,30
"Mon Oct 09 2017 00:00:00 GMT+0530 (India Standard Time)",15,90,-75,0,70,30
"Tue Oct 10 2017 00:00:00 GMT+0530 (India Standard Time)",10,85,-75,0,70,30
"Wed Oct 11 2017 00:00:00 GMT+0530 (India Standard Time)",5,80,-75,0,70,30
"Thu Oct 12 2017 00:00:00 GMT+0530 (India Standard Time)",5,100,-95,0,70,30
"Fri Oct 13 2017 00:00:00 GMT+0530 (India Standard Time)",5,95,-90,0,70,30
"Mon Oct 16 2017 00:00:00 GMT+0530 (India Standard Time)",5,90,-85,0,70,30
"Tue Oct 17 2017 00:00:00 GMT+0530 (India Standard Time)",10,85,-75,0,70,30
"Wed Oct 18 2017 00:00:00 GMT+0530 (India Standard Time)",5,100,-95,0,70,30
"Thu Oct 19 2017 00:00:00 GMT+0530 (India Standard Time)",5,100,-95,0,70,30
"Mon Oct 23 2017 00:00:00 GMT+0530 (India Standard Time)",5,95,-90,0,70,30
"Tue Oct 24 2017 00:00:00 GMT+0530 (India Standard Time)",5,90,-85,0,70,30
"Wed Oct 25 2017 00:00:00 GMT+0530 (India Standard Time)",100,85,15,0,70,30
"Thu Oct 26 2017 00:00:00 GMT+0530 (India Standard Time)",100,80,20,0,70,30
"Fri Oct 27 2017 00:00:00 GMT+0530 (India Standard Time)",95,75,20,0,70,30
"Mon Oct 30 2017 00:00:00 GMT+0530 (India Standard Time)",90,70,20,0,70,30
"Tue Oct 31 2017 00:00:00 GMT+0530 (India Standard Time)",85,65,20,0,70,30
"Wed Nov 01 2017 00:00:00 GMT+0530 (India Standard Time)",80,60,20,0,70,30
"Thu Nov 02 2017 00:00:00 GMT+0530 (India Standard Time)",75,55,20,0,70,30
"Fri Nov 03 2017 00:00:00 GMT+0530 (India Standard Time)",70,50,20,0,70,30
"Mon Nov 06 2017 00:00:00 GMT+0530 (India Standard Time)",65,45,20,0,70,30
"Tue Nov 07 2017 00:00:00 GMT+0530 (India Standard Time)",60,40,20,0,70,30
"Wed Nov 08 2017 00:00:00 GMT+0530 (India Standard Time)",55,35,20,0,70,30
"Thu Nov 09 2017 00:00:00 GMT+0530 (India Standard Time)",50,30,20,0,70,30
"Fri Nov 10 2017 00:00:00 GMT+0530 (India Standard Time)",45,25,20,0,70,30
"Mon Nov 13 2017 00:00:00 GMT+0530 (India Standard Time)",40,20,20,0,70,30
"Tue Nov 14 2017 00:00:00 GMT+0530 (India Standard Time)",35,15,20,0,70,30
"Wed Nov 15 2017 00:00:00 GMT+0530 (India Standard Time)",30,10,20,0,70,30
"Thu Nov 16 2017 00:00:00 GMT+0530 (India Standard Time)",25,5,20,0,70,30
"Fri Nov 17 2017 00:00:00 GMT+0530 (India Standard Time)",20,5,15,0,70,30
"Mon Nov 20 2017 00:00:00 GMT+0530 (India Standard Time)",15,5,10,0,70,30
"Tue Nov 21 2017 00:00:00 GMT+0530 (India Standard Time)",10,5,5,0,70,30
"Wed Nov 22 2017 00:00:00 GMT+0530 (India Standard Time)",5,20,-15,0,70,30
"Thu Nov 23 2017 00:00:00 GMT+0530 (India Standard Time)",80,15,65,0,70,30
"Fri Nov 24 2017 00:00:00 GMT+0530 (India Standard Time)",75,10,65,0,70,30
"Mon Nov 27 2017 00:00:00 GMT+0530 (India Standard Time)",70,5,65,0,70,30
"Tue Nov 28 2017 00:00:00 GMT+0530 (India Standard Time)",65,30,35,0,70,30
"Wed Nov 29 2017 00:00:00 GMT+0530 (India Standard Time)",60,25,35,0,70,30
"Thu Nov 30 2017 00:00:00 GMT+0530 (India Standard Time)",55,20,35,0,70,30
"Fri Dec 01 2017 00:00:00 GMT+0530 (India Standard Time)",50,15,35,0,70,30
"Mon Dec 04 2017 00:00:00 GMT+0530 (India Standard Time)",45,10,35,0,70,30
"Tue Dec 05 2017 00:00:00 GMT+0530 (India Standard Time)",40,5,35,0,70,30
"Wed Dec 06 2017 00:00:00 GMT+0530 (India Standard Time)",35,5,30,0,70,30
"Thu Dec 07 2017 00:00:00 GMT+0530 (India Standard Time)",30,90,-60,0,70,30
"Fri Dec 08 2017 00:00:00 GMT+0530 (India Standard Time)",25,85,-60,0,70,30
"Mon Dec 11 2017 00:00:00 GMT+0530 (India Standard Time)",20,80,-60,0,70,30
"Tue Dec 12 2017 00:00:00 GMT+0530 (India Standard Time)",15,75,-60,0,70,30
"Wed Dec 13 2017 00:00:00 GMT+0530 (India Standard Time)",10,70,-60,0,70,30
"Thu Dec 14 2017 00:00:00 GMT+0530 (India Standard Time)",5,65,-60,0,70,30
"Fri Dec 15 2017 00:00:00 GMT+0530 (India Standard Time)",15,60,-45,0,70,30
"Mon Dec 18 2017 00:00:00 GMT+0530 (India Standard Time)",10,100,-90,0,70,30
"Tue Dec 19 2017 00:00:00 GMT+0530 (India Standard Time)",5,95,-90,0,70,30
"Wed Dec 20 2017 00:00:00 GMT+0530 (India Standard Time)",15,90,-75,0,70,30
"Thu Dec 21 2017 00:00:00 GMT+0530 (India Standard Time)",10,85,-75,0,70,30
"Fri Dec 22 2017 00:00:00 GMT+0530 (India Standard Time)",5,80,-75,0,70,30
"Tue Dec 26 2017 00:00:00 GMT+0530 (India Standard Time)",5,75,-70,0,70,30
"Wed Dec 27 2017 00:00:00 GMT+0530 (India Standard Time)",5,70,-65,0,70,30
"Thu Dec 28 2017 00:00:00 GMT+0530 (India Standard Time)",5,65,-60,0,70,30
"Fri Dec 29 2017 00:00:00 GMT+0530 (India Standard Time)",80,60,20,0,70,30
"Mon Jan 01 2018 00:00:00 GMT+0530 (India Standard Time)",75,55,20,0,70,30
"Tue Jan 02 2018 00:00:00 GMT+0530 (India Standard Time)",70,50,20,0,70,30
"Wed Jan 03 2018 00:00:00 GMT+0530 (India Standard Time)",65,45,20,0,70,30
"Thu Jan 04 2018 00:00:00 GMT+0530 (India Standard Time)",60,40,20,0,70,30
"Fri Jan 05 2018 00:00:00 GMT+0530 (India Standard Time)",55,35,20,0,70,30
"Mon Jan 08 2018 00:00:00 GMT+0530 (India Standard Time)",50,30,20,0,70,30
"Tue Jan 09 2018 00:00:00 GMT+0530 (India Standard Time)",45,25,20,0,70,30
"Wed Jan 10 2018 00:00:00 GMT+0530 (India Standard Time)",40,100,-60,0,70,30
"Thu Jan 11 2018 00:00:00 GMT+0530 (India Standard Time)",35,100,-65,0,70,30
"Fri Jan 12 2018 00:00:00 GMT+0530 (India Standard Time)",30,95,-65,0,70,30
"Mon Jan 15 2018 00:00:00 GMT+0530 (India Standard Time)",25,90,-65,0,70,30
"Tue Jan 16 2018 00:00:00 GMT+0530 (India Standard Time)",20,100,-80,0,70,30
"Wed Jan 17 2018 00:00:00 GMT+0530 (India Standard Time)",15,100,-85,0,70,30
"Thu Jan 18 2018 00:00:00 GMT+0530 (India Standard Time)",10,95,-85,0,70,30
"Fri Jan 19 2018 00:00:00 GMT+0530 (India Standard Time)",5,90,-85,0,70,30
"Mon Jan 22 2018 00:00:00 GMT+0530 (India Standard Time)",10,85,-75,0,70,30
"Tue Jan 23 2018 00:00:00 GMT+0530 (India Standard Time)",100,80,20,0,70,30
"Wed Jan 24 2018 00:00:00 GMT+0530 (India Standard Time)",100,75,25,0,70,30
"Thu Jan 25 2018 00:00:00 GMT+0530 (India Standard Time)",100,70,30,0,70,30
"Mon Jan 29 2018 00:00:00 GMT+0530 (India Standard Time)",95,65,30,0,70,30
"Tue Jan 30 2018 00:00:00 GMT+0530 (India Standard Time)",90,60,30,0,70,30
"Wed Jan 31 2018 00:00:00 GMT+0530 (India Standard Time)",85,55,30,0,70,30
"Thu Feb 01 2018 00:00:00 GMT+0530 (India Standard Time)",80,50,30,0,70,30
"Fri Feb 02 2018 00:00:00 GMT+0530 (India Standard Time)",75,45,30,0,70,30
"Mon Feb 05 2018 00:00:00 GMT+0530 (India Standard Time)",70,100,-30,0,70,30
"Tue Feb 06 2018 00:00:00 GMT+0530 (India Standard Time)",65,100,-35,0,70,30
"Wed Feb 07 2018 00:00:00 GMT+0530 (India Standard Time)",60,95,-35,0,70,30
"Thu Feb 08 2018 00:00:00 GMT+0530 (India Standard Time)",55,90,-35,0,70,30
"Fri Feb 09 2018 00:00:00 GMT+0530 (India Standard Time)",50,85,-35,0,70,30
"Mon Feb 12 2018 00:00:00 GMT+0530 (India Standard Time)",45,80,-35,0,70,30
"Wed Feb 14 2018 00:00:00 GMT+0530 (India Standard Time)",40,100,-60,0,70,30
"Thu Feb 15 2018 00:00:00 GMT+0530 (India Standard Time)",35,100,-65,0,70,30
"Fri Feb 16 2018 00:00:00 GMT+0530 (India Standard Time)",30,100,-70,0,70,30
"Mon Feb 19 2018 00:00:00 GMT+0530 (India Standard Time)",25,100,-75,0,70,30
"Tue Feb 20 2018 00:00:00 GMT+0530 (India Standard Time)",20,95,-75,0,70,30
"Wed Feb 21 2018 00:00:00 GMT+0530 (India Standard Time)",15,90,-75,0,70,30
"Thu Feb 22 2018 00:00:00 GMT+0530 (India Standard Time)",10,85,-75,0,70,30
"Fri Feb 23 2018 00:00:00 GMT+0530 (India Standard Time)",5,80,-75,0,70,30
"Mon Feb 26 2018 00:00:00 GMT+0530 (India Standard Time)",10,75,-65,0,70,30
"Tue Feb 27 2018 00:00:00 GMT+0530 (India Standard Time)",5,70,-65,0,70,30
"Wed Feb 28 2018 00:00:00 GMT+0530 (India Standard Time)",10,65,-55,0,70,30
"Thu Mar 01 2018 00:00:00 GMT+0530 (India Standard Time)",5,60,-55,0,70,30
"Mon Mar 05 2018 00:00:00 GMT+0530 (India Standard Time)",5,55,-50,0,70,30
"Tue Mar 06 2018 00:00:00 GMT+0530 (India Standard Time)",20,100,-80,0,70,30
"Wed Mar 07 2018 00:00:00 GMT+0530 (India Standard Time)",15,100,-85,0,70,30
"Thu Mar 08 2018 00:00:00 GMT+0530 (India Standard Time)",10,100,-90,0,70,30
"Fri Mar 09 2018 00:00:00 GMT+0530 (India Standard Time)",5,95,-90,0,70,30
"Mon Mar 12 2018 00:00:00 GMT+0530 (India Standard Time)",5,90,-85,0,70,30
"Tue Mar 13 2018 00:00:00 GMT+0530 (India Standard Time)",5,85,-80,0,70,30
"Wed Mar 14 2018 00:00:00 GMT+0530 (India Standard Time)",5,80,-75,0,70,30
"Thu Mar 15 2018 00:00:00 GMT+0530 (India Standard Time)",5,75,-70,0,70,30
"Fri Mar 16 2018 00:00:00 GMT+0530 (India Standard Time)",5,70,-65,0,70,30
"Mon Mar 19 2018 00:00:00 GMT+0530 (India Standard Time)",30,65,-35,0,70,30
"Tue Mar 20 2018 00:00:00 GMT+0530 (India Standard Time)",25,60,-35,0,70,30
"Wed Mar 21 2018 00:00:00 GMT+0530 (India Standard Time)",20,55,-35,0,70,30
"Thu Mar 22 2018 00:00:00 GMT+0530 (India Standard Time)",15,100,-85,0,70,30
"Fri Mar 23 2018 00:00:00 GMT+0530 (India Standard Time)",10,100,-90,0,70,30
"Mon Mar 26 2018 00:00:00 GMT+0530 (India Standard Time)",5,95,-90,0,70,30
"Tue Mar 27 2018 00:00:00 GMT+0530 (India Standard Time)",5,90,-85,0,70,30
"Wed Mar 28 2018 00:00:00 GMT+0530 (India Standard Time)",10,85,-75,0,70,30
"Mon Apr 02 2018 00:00:00 GMT+0530 (India Standard Time)",5,80,-75,0,70,30
"Tue Apr 03 2018 00:00:00 GMT+0530 (India Standard Time)",10,75,-65,0,70,30
"Wed Apr 04 2018 00:00:00 GMT+0530 (India Standard Time)",5,70,-65,0,70,30
"Thu Apr 05 2018 00:00:00 GMT+0530 (India Standard Time)",25,65,-40,0,70,30
"Fri Apr 06 2018 00:00:00 GMT+0530 (India Standard Time)",20,60,-40,0,70,30
"Mon Apr 09 2018 00:00:00 GMT+0530 (India Standard Time)",100,55,45,0,70,30
"Tue Apr 10 2018 00:00:00 GMT+0530 (India Standard Time)",100,50,50,0,70,30
"Wed Apr 11 2018 00:00:00 GMT+0530 (India Standard Time)",95,45,50,0,70,30
"Thu Apr 12 2018 00:00:00 GMT+0530 (India Standard Time)",90,40,50,0,70,30
"Fri Apr 13 2018 00:00:00 GMT+0530 (India Standard Time)",85,35,50,0,70,30
"Mon Apr 16 2018 00:00:00 GMT+0530 (India Standard Time)",80,30,50,0,70,30
"Tue Apr 17 2018 00:00:00 GMT+0530 (India Standard Time)",75,25,50,0,70,30
"Wed Apr 18 2018 00:00:00 GMT+0530 (India Standard Time)",70,20,50,0,70,30
"Thu Apr 19 2018 00:00:00 GMT+0530 (India Standard Time)",65,15,50,0,70,30
"Fri Apr 20 2018 00:00:00 GMT+0530 (India Standard Time)",60,10,50,0,70,30
"Mon Apr 23 2018 00:00:00 GMT+0530 (India Standard Time)",55,5,50,0,70,30
"Tue Apr 24 2018 00:00:00 GMT+0530 (India Standard Time)",50,5,45,0,70,30
"Wed Apr 25 2018 00:00:00 GMT+0530 (India Standard Time)",45,100,-55,0,70,30
"Thu Apr 26 2018 00:00:00 GMT+0530 (India Standard Time)",40,100,-60,0,70,30
"Fri Apr 27 2018 00:00:00 GMT+0530 (India Standard Time)",35,95,-60,0,70,30
"Mon Apr 30 2018 00:00:00 GMT+0530 (India Standard Time)",30,90,-60,0,70,30
"Wed May 02 2018 00:00:00 GMT+0530 (India Standard Time)",25,85,-60,0,70,30
"Thu May 03 2018 00:00:00 GMT+0530 (India Standard Time)",20,80,-60,0,70,30
"Fri May 04 2018 00:00:00 GMT+0530 (India Standard Time)",15,75,-60,0,70,30
"Mon May 07 2018 00:00:00 GMT+0530 (India Standard Time)",10,70,-60,0,70,30
"Tue May 08 2018 00:00:00 GMT+0530 (India Standard Time)",5,65,-60,0,70,30
"Wed May 09 2018 00:00:00 GMT+0530 (India Standard Time)",5,60,-55,0,70,30
"Thu May 10 2018 00:00:00 GMT+0530 (India Standard Time)",5,55,-50,0,70,30
"Fri May 11 2018 00:00:00 GMT+0530 (India Standard Time)",5,50,-45,0,70,30
"Mon May 14 2018 00:00:00 GMT+0530 (India Standard Time)",100,45,55,0,70,30
"Tue May 15 2018 00:00:00 GMT+0530 (India Standard Time)",100,40,60,0,70,30
"Wed May 16 2018 00:00:00 GMT+0530 (India Standard Time)",95,35,60,0,70,30
"Thu May 17 2018 00:00:00 GMT+0530 (India Standard Time)",90,30,60,0,70,30
"Fri May 18 2018 00:00:00 GMT+0530 (India Standard Time)",85,25,60,0,70,30
"Mon May 21 2018 00:00:00 GMT+0530 (India Standard Time)",80,20,60,0,70,30
"Tue May 22 2018 00:00:00 GMT+0530 (India Standard Time)",100,15,85,0,70,30
"Wed May 23 2018 00:00:00 GMT+0530 (India Standard Time)",100,10,90,0,70,30
"Thu May 24 2018 00:00:00 GMT+0530 (India Standard Time)",95,5,90,0,70,30
"Fri May 25 2018 00:00:00 GMT+0530 (India Standard Time)",90,5,85,0,70,30
"Mon May 28 2018 00:00:00 GMT+0530 (India Standard Time)",100,70,30,0,70,30
"Tue May 29 2018 00:00:00 GMT+0530 (India Standard Time)",95,65,30,0,70,30
"Wed May 30 2018 00:00:00 GMT+0530 (India Standard Time)",90,60,30,0,70,30
"Thu May 31 2018 00:00:00 GMT+0530 (India Standard Time)",100,55,45,0,70,30
"Fri Jun 01 2018 00:00:00 GMT+0530 (India Standard Time)",95,50,45,0,70,30
"Mon Jun 04 2018 00:00:00 GMT+0530 (India Standard Time)",90,45,45,0,70,30
"Tue Jun 05 2018 00:00:00 GMT+0530 (India Standard Time)",85,40,45,0,70,30
"Wed Jun 06 2018 00:00:00 GMT+0530 (India Standard Time)",80,35,45,0,70,30
"Thu Jun 07 2018 00:00:00 GMT+0530 (India Standard Time)",75,30,45,0,70,30
"Fri Jun 08 2018 00:00:00 GMT+0530 (India Standard Time)",70,25,45,0,70,30
