"date","value"
"Mon Apr 17 2017 00:00:00 GMT+0530 (India Standard Time)",12.5428571428571
"Tue Apr 18 2017 00:00:00 GMT+0530 (India Standard Time)",13.2862244897959
"Wed Apr 19 2017 00:00:00 GMT+0530 (India Standard Time)",15.1336370262391
"Thu Apr 20 2017 00:00:00 GMT+0530 (India Standard Time)",14.9812343815077
"Fri Apr 21 2017 00:00:00 GMT+0530 (India Standard Time)",14.9004319256857
"Mon Apr 24 2017 00:00:00 GMT+0530 (India Standard Time)",14.4575439309939
"Tue Apr 25 2017 00:00:00 GMT+0530 (India Standard Time)",14.2248622216372
"Wed Apr 26 2017 00:00:00 GMT+0530 (India Standard Time)",13.8838006343774
"Thu Apr 27 2017 00:00:00 GMT+0530 (India Standard Time)",14.6599577319219
"Fri Apr 28 2017 00:00:00 GMT+0530 (India Standard Time)",14.9878178939274
"Tue May 02 2017 00:00:00 GMT+0530 (India Standard Time)",15.7244023300755
"Wed May 03 2017 00:00:00 GMT+0530 (India Standard Time)",16.1548021636415
"Thu May 04 2017 00:00:00 GMT+0530 (India Standard Time)",16.3008877233814
"Fri May 05 2017 00:00:00 GMT+0530 (India Standard Time)",16.7508243145684
"Mon May 08 2017 00:00:00 GMT+0530 (India Standard Time)",16.8400511492421
"Tue May 09 2017 00:00:00 GMT+0530 (India Standard Time)",17.1371903528677
"Wed May 10 2017 00:00:00 GMT+0530 (India Standard Time)",17.8702481848057
"Thu May 11 2017 00:00:00 GMT+0530 (India Standard Time)",17.4652304573196
"Fri May 12 2017 00:00:00 GMT+0530 (India Standard Time)",17.139142567511
"Mon May 15 2017 00:00:00 GMT+0530 (India Standard Time)",16.997060955546
"Tue May 16 2017 00:00:00 GMT+0530 (India Standard Time)",16.307985173007
"Wed May 17 2017 00:00:00 GMT+0530 (India Standard Time)",16.4859862320779
"Thu May 18 2017 00:00:00 GMT+0530 (India Standard Time)",16.329844358358
"Fri May 19 2017 00:00:00 GMT+0530 (India Standard Time)",16.0527126184753
"Mon May 22 2017 00:00:00 GMT+0530 (India Standard Time)",16.6846617171557
"Tue May 23 2017 00:00:00 GMT+0530 (India Standard Time)",18.3857573087874
"Wed May 24 2017 00:00:00 GMT+0530 (India Standard Time)",18.636774643874
"Thu May 25 2017 00:00:00 GMT+0530 (India Standard Time)",18.4270050264544
"Fri May 26 2017 00:00:00 GMT+0530 (India Standard Time)",18.3643618102791
"Mon May 29 2017 00:00:00 GMT+0530 (India Standard Time)",20.0133359666878
"Tue May 30 2017 00:00:00 GMT+0530 (India Standard Time)",24.1516691119243
"Wed May 31 2017 00:00:00 GMT+0530 (India Standard Time)",23.601549889644
"Thu Jun 01 2017 00:00:00 GMT+0530 (India Standard Time)",24.5121534689552
"Fri Jun 02 2017 00:00:00 GMT+0530 (India Standard Time)",24.4505710783155
"Mon Jun 05 2017 00:00:00 GMT+0530 (India Standard Time)",23.614816001293
"Tue Jun 06 2017 00:00:00 GMT+0530 (India Standard Time)",22.9601862869149
"Wed Jun 07 2017 00:00:00 GMT+0530 (India Standard Time)",22.6737444092781
"Thu Jun 08 2017 00:00:00 GMT+0530 (India Standard Time)",22.1613340943297
"Fri Jun 09 2017 00:00:00 GMT+0530 (India Standard Time)",21.5712388018776
"Mon Jun 12 2017 00:00:00 GMT+0530 (India Standard Time)",20.798293173172
"Tue Jun 13 2017 00:00:00 GMT+0530 (India Standard Time)",20.498415089374
"Wed Jun 14 2017 00:00:00 GMT+0530 (India Standard Time)",19.9056711544187
"Thu Jun 15 2017 00:00:00 GMT+0530 (India Standard Time)",22.0124089291031
"Fri Jun 16 2017 00:00:00 GMT+0530 (India Standard Time)",21.8400940055958
"Mon Jun 19 2017 00:00:00 GMT+0530 (India Standard Time)",21.8872301480532
"Tue Jun 20 2017 00:00:00 GMT+0530 (India Standard Time)",21.0738565660494
"Wed Jun 21 2017 00:00:00 GMT+0530 (India Standard Time)",20.5042953827602
"Thu Jun 22 2017 00:00:00 GMT+0530 (India Standard Time)",20.2432742839916
"Fri Jun 23 2017 00:00:00 GMT+0530 (India Standard Time)",20.1008975494207
"Tue Jun 27 2017 00:00:00 GMT+0530 (India Standard Time)",20.5472620101764
"Wed Jun 28 2017 00:00:00 GMT+0530 (India Standard Time)",20.3867432951638
"Thu Jun 29 2017 00:00:00 GMT+0530 (India Standard Time)",19.8734044883664
"Fri Jun 30 2017 00:00:00 GMT+0530 (India Standard Time)",19.8253041677688
"Mon Jul 03 2017 00:00:00 GMT+0530 (India Standard Time)",19.2306395843567
"Tue Jul 04 2017 00:00:00 GMT+0530 (India Standard Time)",18.7641653283313
"Wed Jul 05 2017 00:00:00 GMT+0530 (India Standard Time)",18.5167249477362
"Thu Jul 06 2017 00:00:00 GMT+0530 (India Standard Time)",17.897673165755
"Fri Jul 07 2017 00:00:00 GMT+0530 (India Standard Time)",18.1121250824868
"Mon Jul 10 2017 00:00:00 GMT+0530 (India Standard Time)",17.8862590051663
"Tue Jul 11 2017 00:00:00 GMT+0530 (India Standard Time)",18.0908119333687
"Wed Jul 12 2017 00:00:00 GMT+0530 (India Standard Time)",17.687896795271
"Thu Jul 13 2017 00:00:00 GMT+0530 (India Standard Time)",17.6959041670373
"Fri Jul 14 2017 00:00:00 GMT+0530 (India Standard Time)",19.6354824408204
"Mon Jul 17 2017 00:00:00 GMT+0530 (India Standard Time)",20.4400908379046
"Tue Jul 18 2017 00:00:00 GMT+0530 (India Standard Time)",20.6622272066257
"Wed Jul 19 2017 00:00:00 GMT+0530 (India Standard Time)",23.5006395490096
"Thu Jul 20 2017 00:00:00 GMT+0530 (India Standard Time)",23.5184510097946
"Fri Jul 21 2017 00:00:00 GMT+0530 (India Standard Time)",23.4635616519522
"Mon Jul 24 2017 00:00:00 GMT+0530 (India Standard Time)",22.6447358196699
"Tue Jul 25 2017 00:00:00 GMT+0530 (India Standard Time)",22.1093975468363
"Wed Jul 26 2017 00:00:00 GMT+0530 (India Standard Time)",21.3444405792051
"Thu Jul 27 2017 00:00:00 GMT+0530 (India Standard Time)",21.4448376806905
"Fri Jul 28 2017 00:00:00 GMT+0530 (India Standard Time)",21.7344921320697
"Mon Jul 31 2017 00:00:00 GMT+0530 (India Standard Time)",21.4605998369219
"Tue Aug 01 2017 00:00:00 GMT+0530 (India Standard Time)",21.5776998485703
"Wed Aug 02 2017 00:00:00 GMT+0530 (India Standard Time)",20.9435784308153
"Thu Aug 03 2017 00:00:00 GMT+0530 (India Standard Time)",20.8404656857571
"Fri Aug 04 2017 00:00:00 GMT+0530 (India Standard Time)",21.0018609939173
"Mon Aug 07 2017 00:00:00 GMT+0530 (India Standard Time)",20.4374423514946
"Tue Aug 08 2017 00:00:00 GMT+0530 (India Standard Time)",20.3883393263878
"Wed Aug 09 2017 00:00:00 GMT+0530 (India Standard Time)",22.5391722316459
"Thu Aug 10 2017 00:00:00 GMT+0530 (India Standard Time)",25.0006599293854
"Fri Aug 11 2017 00:00:00 GMT+0530 (India Standard Time)",26.2506127915722
"Mon Aug 14 2017 00:00:00 GMT+0530 (India Standard Time)",25.4969975921742
"Wed Aug 16 2017 00:00:00 GMT+0530 (India Standard Time)",24.5436406213046
"Thu Aug 17 2017 00:00:00 GMT+0530 (India Standard Time)",24.5369520054971
"Fri Aug 18 2017 00:00:00 GMT+0530 (India Standard Time)",24.3735982908188
"Mon Aug 21 2017 00:00:00 GMT+0530 (India Standard Time)",24.293341270046
"Tue Aug 22 2017 00:00:00 GMT+0530 (India Standard Time)",23.6545311793284
"Wed Aug 23 2017 00:00:00 GMT+0530 (India Standard Time)",22.661350380805
"Thu Aug 24 2017 00:00:00 GMT+0530 (India Standard Time)",23.628396782176
"Mon Aug 28 2017 00:00:00 GMT+0530 (India Standard Time)",23.2442255834492
"Tue Aug 29 2017 00:00:00 GMT+0530 (India Standard Time)",22.7803523274885
"Wed Aug 30 2017 00:00:00 GMT+0530 (India Standard Time)",22.5067557326679
"Thu Aug 31 2017 00:00:00 GMT+0530 (India Standard Time)",22.1669874660488
"Fri Sep 01 2017 00:00:00 GMT+0530 (India Standard Time)",23.326488361331
"Mon Sep 04 2017 00:00:00 GMT+0530 (India Standard Time)",23.8210249069502
"Tue Sep 05 2017 00:00:00 GMT+0530 (India Standard Time)",23.1088088421681
"Wed Sep 06 2017 00:00:00 GMT+0530 (India Standard Time)",22.6331796391561
"Thu Sep 07 2017 00:00:00 GMT+0530 (India Standard Time)",23.359381093502
"Fri Sep 08 2017 00:00:00 GMT+0530 (India Standard Time)",22.8337110153948
"Mon Sep 11 2017 00:00:00 GMT+0530 (India Standard Time)",21.9527316571523
"Tue Sep 12 2017 00:00:00 GMT+0530 (India Standard Time)",21.9025365387843
"Wed Sep 13 2017 00:00:00 GMT+0530 (India Standard Time)",21.7952125002997
"Thu Sep 14 2017 00:00:00 GMT+0530 (India Standard Time)",21.3812687502783
"Fri Sep 15 2017 00:00:00 GMT+0530 (India Standard Time)",20.9897495538298
"Mon Sep 18 2017 00:00:00 GMT+0530 (India Standard Time)",21.1476245856991
"Tue Sep 19 2017 00:00:00 GMT+0530 (India Standard Time)",21.5942228295777
"Wed Sep 20 2017 00:00:00 GMT+0530 (India Standard Time)",21.2660640560365
"Thu Sep 21 2017 00:00:00 GMT+0530 (India Standard Time)",20.9399166234624
"Fri Sep 22 2017 00:00:00 GMT+0530 (India Standard Time)",22.1977797217865
"Mon Sep 25 2017 00:00:00 GMT+0530 (India Standard Time)",23.0622240273732
"Tue Sep 26 2017 00:00:00 GMT+0530 (India Standard Time)",22.7434937397037
"Wed Sep 27 2017 00:00:00 GMT+0530 (India Standard Time)",22.968958472582
"Thu Sep 28 2017 00:00:00 GMT+0530 (India Standard Time)",23.1961757245405
"Fri Sep 29 2017 00:00:00 GMT+0530 (India Standard Time)",23.6964488870733
"Tue Oct 03 2017 00:00:00 GMT+0530 (India Standard Time)",23.4288453951395
"Wed Oct 04 2017 00:00:00 GMT+0530 (India Standard Time)",23.4339278669152
"Thu Oct 05 2017 00:00:00 GMT+0530 (India Standard Time)",23.7957901621356
"Fri Oct 06 2017 00:00:00 GMT+0530 (India Standard Time)",22.9568051505545
"Mon Oct 09 2017 00:00:00 GMT+0530 (India Standard Time)",23.5277476398006
"Tue Oct 10 2017 00:00:00 GMT+0530 (India Standard Time)",22.7043370941005
"Wed Oct 11 2017 00:00:00 GMT+0530 (India Standard Time)",22.5183130159505
"Thu Oct 12 2017 00:00:00 GMT+0530 (India Standard Time)",22.1170049433826
"Fri Oct 13 2017 00:00:00 GMT+0530 (India Standard Time)",21.3550760188553
"Mon Oct 16 2017 00:00:00 GMT+0530 (India Standard Time)",21.0082848746513
"Tue Oct 17 2017 00:00:00 GMT+0530 (India Standard Time)",20.8291216693191
"Wed Oct 18 2017 00:00:00 GMT+0530 (India Standard Time)",20.3948986929392
"Thu Oct 19 2017 00:00:00 GMT+0530 (India Standard Time)",19.7131202148721
"Mon Oct 23 2017 00:00:00 GMT+0530 (India Standard Time)",19.9014687709526
"Tue Oct 24 2017 00:00:00 GMT+0530 (India Standard Time)",19.8513638587417
"Wed Oct 25 2017 00:00:00 GMT+0530 (India Standard Time)",19.858409297403
"Thu Oct 26 2017 00:00:00 GMT+0530 (India Standard Time)",20.4935229190171
"Fri Oct 27 2017 00:00:00 GMT+0530 (India Standard Time)",20.8868427105159
"Mon Oct 30 2017 00:00:00 GMT+0530 (India Standard Time)",20.6163539454791
"Tue Oct 31 2017 00:00:00 GMT+0530 (India Standard Time)",20.3580429493734
"Wed Nov 01 2017 00:00:00 GMT+0530 (India Standard Time)",20.0824684529896
"Thu Nov 02 2017 00:00:00 GMT+0530 (India Standard Time)",21.2622921349189
"Fri Nov 03 2017 00:00:00 GMT+0530 (India Standard Time)",21.4256998395676
"Mon Nov 06 2017 00:00:00 GMT+0530 (India Standard Time)",21.0988641367413
"Tue Nov 07 2017 00:00:00 GMT+0530 (India Standard Time)",22.3632309841169
"Wed Nov 08 2017 00:00:00 GMT+0530 (India Standard Time)",22.00514305668
"Thu Nov 09 2017 00:00:00 GMT+0530 (India Standard Time)",25.55834712406
"Fri Nov 10 2017 00:00:00 GMT+0530 (India Standard Time)",29.0327509009129
"Mon Nov 13 2017 00:00:00 GMT+0530 (India Standard Time)",30.0661258365619
"Tue Nov 14 2017 00:00:00 GMT+0530 (India Standard Time)",29.5935454196647
"Wed Nov 15 2017 00:00:00 GMT+0530 (India Standard Time)",29.1011493182601
"Thu Nov 16 2017 00:00:00 GMT+0530 (India Standard Time)",28.4403529383843
"Fri Nov 17 2017 00:00:00 GMT+0530 (India Standard Time)",27.5588991570712
"Mon Nov 20 2017 00:00:00 GMT+0530 (India Standard Time)",26.3761206458518
"Tue Nov 21 2017 00:00:00 GMT+0530 (India Standard Time)",25.3599691711481
"Wed Nov 22 2017 00:00:00 GMT+0530 (India Standard Time)",24.8342570874947
"Thu Nov 23 2017 00:00:00 GMT+0530 (India Standard Time)",24.2353815812451
"Fri Nov 24 2017 00:00:00 GMT+0530 (India Standard Time)",24.1828543254418
"Mon Nov 27 2017 00:00:00 GMT+0530 (India Standard Time)",23.4305075879103
"Tue Nov 28 2017 00:00:00 GMT+0530 (India Standard Time)",22.9890427602024
"Wed Nov 29 2017 00:00:00 GMT+0530 (India Standard Time)",22.0719682773308
"Thu Nov 30 2017 00:00:00 GMT+0530 (India Standard Time)",22.0953991146643
"Fri Dec 01 2017 00:00:00 GMT+0530 (India Standard Time)",22.9742991779026
"Mon Dec 04 2017 00:00:00 GMT+0530 (India Standard Time)",22.8189920937667
"Tue Dec 05 2017 00:00:00 GMT+0530 (India Standard Time)",22.0104926584976
"Wed Dec 06 2017 00:00:00 GMT+0530 (India Standard Time)",22.0097431828906
"Thu Dec 07 2017 00:00:00 GMT+0530 (India Standard Time)",21.8554758126842
"Fri Dec 08 2017 00:00:00 GMT+0530 (India Standard Time)",20.9300846832067
"Mon Dec 11 2017 00:00:00 GMT+0530 (India Standard Time)",20.8672214915491
"Tue Dec 12 2017 00:00:00 GMT+0530 (India Standard Time)",20.908848527867
"Wed Dec 13 2017 00:00:00 GMT+0530 (India Standard Time)",20.9046450615908
"Thu Dec 14 2017 00:00:00 GMT+0530 (India Standard Time)",20.58645612862
"Fri Dec 15 2017 00:00:00 GMT+0530 (India Standard Time)",19.9409949765758
"Mon Dec 18 2017 00:00:00 GMT+0530 (India Standard Time)",20.6166381925346
"Tue Dec 19 2017 00:00:00 GMT+0530 (India Standard Time)",20.1940211787821
"Wed Dec 20 2017 00:00:00 GMT+0530 (India Standard Time)",19.7087339517263
"Thu Dec 21 2017 00:00:00 GMT+0530 (India Standard Time)",19.3295386694601
"Fri Dec 22 2017 00:00:00 GMT+0530 (India Standard Time)",19.038143050213
"Tue Dec 26 2017 00:00:00 GMT+0530 (India Standard Time)",18.1568471180549
"Wed Dec 27 2017 00:00:00 GMT+0530 (India Standard Time)",18.1777866096224
"Thu Dec 28 2017 00:00:00 GMT+0530 (India Standard Time)",18.3329447089351
"Fri Dec 29 2017 00:00:00 GMT+0530 (India Standard Time)",17.4948772297254
"Mon Jan 01 2018 00:00:00 GMT+0530 (India Standard Time)",17.5166717133165
"Tue Jan 02 2018 00:00:00 GMT+0530 (India Standard Time)",17.6690523052224
"Wed Jan 03 2018 00:00:00 GMT+0530 (India Standard Time)",17.1569771405637
"Thu Jan 04 2018 00:00:00 GMT+0530 (India Standard Time)",16.5671930590949
"Fri Jan 05 2018 00:00:00 GMT+0530 (India Standard Time)",15.8409649834452
"Mon Jan 08 2018 00:00:00 GMT+0530 (India Standard Time)",15.7094674846277
"Tue Jan 09 2018 00:00:00 GMT+0530 (India Standard Time)",15.4587912357257
"Wed Jan 10 2018 00:00:00 GMT+0530 (India Standard Time)",15.0295918617453
"Thu Jan 11 2018 00:00:00 GMT+0530 (India Standard Time)",14.8703353001921
"Fri Jan 12 2018 00:00:00 GMT+0530 (India Standard Time)",14.7867399216069
"Mon Jan 15 2018 00:00:00 GMT+0530 (India Standard Time)",14.8734013557779
"Tue Jan 16 2018 00:00:00 GMT+0530 (India Standard Time)",15.4824441160794
"Wed Jan 17 2018 00:00:00 GMT+0530 (India Standard Time)",16.3265552506452
"Thu Jan 18 2018 00:00:00 GMT+0530 (India Standard Time)",16.9282298755991
"Fri Jan 19 2018 00:00:00 GMT+0530 (India Standard Time)",16.7547848844849
"Mon Jan 22 2018 00:00:00 GMT+0530 (India Standard Time)",16.1258716784502
"Tue Jan 23 2018 00:00:00 GMT+0530 (India Standard Time)",16.306166558561
"Wed Jan 24 2018 00:00:00 GMT+0530 (India Standard Time)",16.2414403758066
"Thu Jan 25 2018 00:00:00 GMT+0530 (India Standard Time)",16.6991946346776
"Mon Jan 29 2018 00:00:00 GMT+0530 (India Standard Time)",16.3028235893434
"Tue Jan 30 2018 00:00:00 GMT+0530 (India Standard Time)",16.1883361901046
"Wed Jan 31 2018 00:00:00 GMT+0530 (India Standard Time)",15.9105978908114
"Thu Feb 01 2018 00:00:00 GMT+0530 (India Standard Time)",16.6562694700392
"Fri Feb 02 2018 00:00:00 GMT+0530 (India Standard Time)",16.966535936465
"Mon Feb 05 2018 00:00:00 GMT+0530 (India Standard Time)",17.8224976552889
"Tue Feb 06 2018 00:00:00 GMT+0530 (India Standard Time)",18.7244621084826
"Wed Feb 07 2018 00:00:00 GMT+0530 (India Standard Time)",19.1477148150195
"Thu Feb 08 2018 00:00:00 GMT+0530 (India Standard Time)",19.2621637568038
"Fri Feb 09 2018 00:00:00 GMT+0530 (India Standard Time)",19.4470092027464
"Mon Feb 12 2018 00:00:00 GMT+0530 (India Standard Time)",19.5507942596931
"Wed Feb 14 2018 00:00:00 GMT+0530 (India Standard Time)",19.2828803840007
"Thu Feb 15 2018 00:00:00 GMT+0530 (India Standard Time)",19.209103213715
"Fri Feb 16 2018 00:00:00 GMT+0530 (India Standard Time)",18.6584529841639
"Mon Feb 19 2018 00:00:00 GMT+0530 (India Standard Time)",19.1578491995808
"Tue Feb 20 2018 00:00:00 GMT+0530 (India Standard Time)",18.7144313996107
"Wed Feb 21 2018 00:00:00 GMT+0530 (India Standard Time)",18.8276862996385
"Thu Feb 22 2018 00:00:00 GMT+0530 (India Standard Time)",20.0292801353786
"Fri Feb 23 2018 00:00:00 GMT+0530 (India Standard Time)",20.3950458399944
"Mon Feb 26 2018 00:00:00 GMT+0530 (India Standard Time)",20.4203997085663
"Tue Feb 27 2018 00:00:00 GMT+0530 (India Standard Time)",19.6260854436687
"Wed Feb 28 2018 00:00:00 GMT+0530 (India Standard Time)",19.3420793405495
"Thu Mar 01 2018 00:00:00 GMT+0530 (India Standard Time)",18.9676451019388
"Mon Mar 05 2018 00:00:00 GMT+0530 (India Standard Time)",20.0485275946575
"Tue Mar 06 2018 00:00:00 GMT+0530 (India Standard Time)",19.9843470521819
"Wed Mar 07 2018 00:00:00 GMT+0530 (India Standard Time)",20.1068936913118
"Thu Mar 08 2018 00:00:00 GMT+0530 (India Standard Time)",19.9492584276467
"Fri Mar 09 2018 00:00:00 GMT+0530 (India Standard Time)",19.595739968529
"Mon Mar 12 2018 00:00:00 GMT+0530 (India Standard Time)",19.910329970777
"Tue Mar 13 2018 00:00:00 GMT+0530 (India Standard Time)",19.2595921157215
"Wed Mar 14 2018 00:00:00 GMT+0530 (India Standard Time)",18.8696212503128
"Thu Mar 15 2018 00:00:00 GMT+0530 (India Standard Time)",18.3789340181476
"Fri Mar 16 2018 00:00:00 GMT+0530 (India Standard Time)",18.2232958739942
"Mon Mar 19 2018 00:00:00 GMT+0530 (India Standard Time)",17.6394890258518
"Tue Mar 20 2018 00:00:00 GMT+0530 (India Standard Time)",17.0688112382909
"Wed Mar 21 2018 00:00:00 GMT+0530 (India Standard Time)",17.0460390069844
"Thu Mar 22 2018 00:00:00 GMT+0530 (India Standard Time)",16.7784647921998
"Fri Mar 23 2018 00:00:00 GMT+0530 (India Standard Time)",16.5300030213284
"Mon Mar 26 2018 00:00:00 GMT+0530 (India Standard Time)",15.9171456626621
