"date","value"
"Thu Jul 27 2017 00:00:00 GMT+0530 (India Standard Time)",8.28857142857143
"Fri Jul 28 2017 00:00:00 GMT+0530 (India Standard Time)",8.12795918367347
"Mon Jul 31 2017 00:00:00 GMT+0530 (India Standard Time)",8.12596209912537
"Tue Aug 01 2017 00:00:00 GMT+0530 (India Standard Time)",7.9819648063307
"Wed Aug 02 2017 00:00:00 GMT+0530 (India Standard Time)",7.82396732016422
"Thu Aug 03 2017 00:00:00 GMT+0530 (India Standard Time)",7.58082679729535
"Fri Aug 04 2017 00:00:00 GMT+0530 (India Standard Time)",7.78933916891711
"Mon Aug 07 2017 00:00:00 GMT+0530 (India Standard Time)",7.61581494256589
"Tue Aug 08 2017 00:00:00 GMT+0530 (India Standard Time)",7.51111387523975
"Wed Aug 09 2017 00:00:00 GMT+0530 (India Standard Time)",7.51532002700834
"Thu Aug 10 2017 00:00:00 GMT+0530 (India Standard Time)",8.17065431079346
"Fri Aug 11 2017 00:00:00 GMT+0530 (India Standard Time)",8.53560757430821
"Mon Aug 14 2017 00:00:00 GMT+0530 (India Standard Time)",8.29806417614334
"Wed Aug 16 2017 00:00:00 GMT+0530 (India Standard Time)",8.0560595921331
"Thu Aug 17 2017 00:00:00 GMT+0530 (India Standard Time)",7.90348390698074
"Fri Aug 18 2017 00:00:00 GMT+0530 (India Standard Time)",7.97609219933925
"Mon Aug 21 2017 00:00:00 GMT+0530 (India Standard Time)",8.17779989938645
"Tue Aug 22 2017 00:00:00 GMT+0530 (India Standard Time)",7.95795704943028
"Wed Aug 23 2017 00:00:00 GMT+0530 (India Standard Time)",7.9466744030424
"Thu Aug 24 2017 00:00:00 GMT+0530 (India Standard Time)",7.88548337425366
"Mon Aug 28 2017 00:00:00 GMT+0530 (India Standard Time)",7.65366313323554
"Tue Aug 29 2017 00:00:00 GMT+0530 (India Standard Time)",7.50125862371872
"Wed Aug 30 2017 00:00:00 GMT+0530 (India Standard Time)",7.23902586488166
"Thu Aug 31 2017 00:00:00 GMT+0530 (India Standard Time)",7.31409544596155
"Fri Sep 01 2017 00:00:00 GMT+0530 (India Standard Time)",7.41237434267858
"Mon Sep 04 2017 00:00:00 GMT+0530 (India Standard Time)",7.30863331820154
"Tue Sep 05 2017 00:00:00 GMT+0530 (India Standard Time)",7.13801665261572
"Wed Sep 06 2017 00:00:00 GMT+0530 (India Standard Time)",7.29744403457174
"Thu Sep 07 2017 00:00:00 GMT+0530 (India Standard Time)",7.07048374638804
"Fri Sep 08 2017 00:00:00 GMT+0530 (India Standard Time)",7.02902062164604
"Mon Sep 11 2017 00:00:00 GMT+0530 (India Standard Time)",7.63837629152847
"Tue Sep 12 2017 00:00:00 GMT+0530 (India Standard Time)",8.09492084213357
"Wed Sep 13 2017 00:00:00 GMT+0530 (India Standard Time)",8.32028363912403
"Thu Sep 14 2017 00:00:00 GMT+0530 (India Standard Time)",8.67383480775803
"Fri Sep 15 2017 00:00:00 GMT+0530 (India Standard Time)",8.48784660720388
"Mon Sep 18 2017 00:00:00 GMT+0530 (India Standard Time)",8.30728613526075
"Tue Sep 19 2017 00:00:00 GMT+0530 (India Standard Time)",8.92676569702784
"Wed Sep 20 2017 00:00:00 GMT+0530 (India Standard Time)",8.86985386152585
"Thu Sep 21 2017 00:00:00 GMT+0530 (India Standard Time)",8.91415001427401
"Fri Sep 22 2017 00:00:00 GMT+0530 (India Standard Time)",8.92028215611158
"Mon Sep 25 2017 00:00:00 GMT+0530 (India Standard Time)",8.73240485924647
"Tue Sep 26 2017 00:00:00 GMT+0530 (India Standard Time)",8.54509022644315
"Wed Sep 27 2017 00:00:00 GMT+0530 (India Standard Time)",8.48686949598292
"Thu Sep 28 2017 00:00:00 GMT+0530 (India Standard Time)",8.65709310341272
"Fri Sep 29 2017 00:00:00 GMT+0530 (India Standard Time)",9.79301502459752
"Tue Oct 03 2017 00:00:00 GMT+0530 (India Standard Time)",10.1220853799834
"Wed Oct 04 2017 00:00:00 GMT+0530 (India Standard Time)",9.7176507099846
"Thu Oct 05 2017 00:00:00 GMT+0530 (India Standard Time)",9.52710423069998
"Fri Oct 06 2017 00:00:00 GMT+0530 (India Standard Time)",10.2530253570786
"Mon Oct 09 2017 00:00:00 GMT+0530 (India Standard Time)",10.0828092601444
"Tue Oct 10 2017 00:00:00 GMT+0530 (India Standard Time)",9.68903717013406
"Wed Oct 11 2017 00:00:00 GMT+0530 (India Standard Time)",9.93196308655305
"Thu Oct 12 2017 00:00:00 GMT+0530 (India Standard Time)",9.75253715179926
"Fri Oct 13 2017 00:00:00 GMT+0530 (India Standard Time)",9.75235592667074
"Mon Oct 16 2017 00:00:00 GMT+0530 (India Standard Time)",9.64790193190854
"Tue Oct 17 2017 00:00:00 GMT+0530 (India Standard Time)",9.37876607962936
"Wed Oct 18 2017 00:00:00 GMT+0530 (India Standard Time)",9.16671135965583
"Thu Oct 19 2017 00:00:00 GMT+0530 (India Standard Time)",8.79337483396613
"Mon Oct 23 2017 00:00:00 GMT+0530 (India Standard Time)",8.63956234582569
"Tue Oct 24 2017 00:00:00 GMT+0530 (India Standard Time)",8.63102217826671
"Wed Oct 25 2017 00:00:00 GMT+0530 (India Standard Time)",8.92809202267624
"Thu Oct 26 2017 00:00:00 GMT+0530 (India Standard Time)",8.85537116391365
"Fri Oct 27 2017 00:00:00 GMT+0530 (India Standard Time)",8.91070179506267
"Mon Oct 30 2017 00:00:00 GMT+0530 (India Standard Time)",8.92208023827248
"Tue Oct 31 2017 00:00:00 GMT+0530 (India Standard Time)",9.00050307839587
"Wed Nov 01 2017 00:00:00 GMT+0530 (India Standard Time)",8.7326100013676
"Thu Nov 02 2017 00:00:00 GMT+0530 (India Standard Time)",8.70599500126991
"Fri Nov 03 2017 00:00:00 GMT+0530 (India Standard Time)",8.75128107260777
"Mon Nov 06 2017 00:00:00 GMT+0530 (India Standard Time)",8.69404671027864
"Tue Nov 07 2017 00:00:00 GMT+0530 (India Standard Time)",9.0216148024016
"Wed Nov 08 2017 00:00:00 GMT+0530 (India Standard Time)",9.04435660223006
"Thu Nov 09 2017 00:00:00 GMT+0530 (India Standard Time)",9.19118827349934
"Fri Nov 10 2017 00:00:00 GMT+0530 (India Standard Time)",9.25753196824939
"Mon Nov 13 2017 00:00:00 GMT+0530 (India Standard Time)",9.40270825623157
"Tue Nov 14 2017 00:00:00 GMT+0530 (India Standard Time)",9.47822909507217
"Wed Nov 15 2017 00:00:00 GMT+0530 (India Standard Time)",10.0304984454242
"Thu Nov 16 2017 00:00:00 GMT+0530 (India Standard Time)",9.949034270751
"Fri Nov 17 2017 00:00:00 GMT+0530 (India Standard Time)",9.9562461085545
"Mon Nov 20 2017 00:00:00 GMT+0530 (India Standard Time)",10.3993713865149
"Tue Nov 21 2017 00:00:00 GMT+0530 (India Standard Time)",10.0422734303353
"Wed Nov 22 2017 00:00:00 GMT+0530 (India Standard Time)",10.064253899597
"Thu Nov 23 2017 00:00:00 GMT+0530 (India Standard Time)",10.0653786210544
"Fri Nov 24 2017 00:00:00 GMT+0530 (India Standard Time)",9.85285157669335
"Mon Nov 27 2017 00:00:00 GMT+0530 (India Standard Time)",9.61550503550097
"Tue Nov 28 2017 00:00:00 GMT+0530 (India Standard Time)",9.42439753296519
"Wed Nov 29 2017 00:00:00 GMT+0530 (India Standard Time)",9.21479770918196
"Thu Nov 30 2017 00:00:00 GMT+0530 (India Standard Time)",9.16231215852611
"Fri Dec 01 2017 00:00:00 GMT+0530 (India Standard Time)",9.79857557577425
"Mon Dec 04 2017 00:00:00 GMT+0530 (India Standard Time)",9.8836773203618
"Tue Dec 05 2017 00:00:00 GMT+0530 (India Standard Time)",9.63555751176452
"Wed Dec 06 2017 00:00:00 GMT+0530 (India Standard Time)",9.35230340378134
"Thu Dec 07 2017 00:00:00 GMT+0530 (India Standard Time)",10.8407103035112
"Fri Dec 08 2017 00:00:00 GMT+0530 (India Standard Time)",11.102802424689
"Mon Dec 11 2017 00:00:00 GMT+0530 (India Standard Time)",11.0626022514969
"Tue Dec 12 2017 00:00:00 GMT+0530 (India Standard Time)",11.0652735192472
"Wed Dec 13 2017 00:00:00 GMT+0530 (India Standard Time)",11.1534682678724
"Thu Dec 14 2017 00:00:00 GMT+0530 (India Standard Time)",11.1982205344529
"Fri Dec 15 2017 00:00:00 GMT+0530 (India Standard Time)",11.1540619248491
"Mon Dec 18 2017 00:00:00 GMT+0530 (India Standard Time)",11.8894860730742
"Tue Dec 19 2017 00:00:00 GMT+0530 (India Standard Time)",11.7552370678546
"Wed Dec 20 2017 00:00:00 GMT+0530 (India Standard Time)",11.6098629915793
"Thu Dec 21 2017 00:00:00 GMT+0530 (India Standard Time)",11.1905870636093
"Fri Dec 22 2017 00:00:00 GMT+0530 (India Standard Time)",10.8248308447801
"Tue Dec 26 2017 00:00:00 GMT+0530 (India Standard Time)",10.6352000701529
"Wed Dec 27 2017 00:00:00 GMT+0530 (India Standard Time)",10.258400065142
"Thu Dec 28 2017 00:00:00 GMT+0530 (India Standard Time)",10.3135143462033
"Fri Dec 29 2017 00:00:00 GMT+0530 (India Standard Time)",10.4954061786173
"Mon Jan 01 2018 00:00:00 GMT+0530 (India Standard Time)",10.1685914515732
"Tue Jan 02 2018 00:00:00 GMT+0530 (India Standard Time)",10.0151206336037
"Wed Jan 03 2018 00:00:00 GMT+0530 (India Standard Time)",9.77904058834632
"Thu Jan 04 2018 00:00:00 GMT+0530 (India Standard Time)",9.5469662606073
"Fri Jan 05 2018 00:00:00 GMT+0530 (India Standard Time)",9.23432581342107
"Mon Jan 08 2018 00:00:00 GMT+0530 (India Standard Time)",9.08901682674813
"Tue Jan 09 2018 00:00:00 GMT+0530 (India Standard Time)",8.73194419626612
"Wed Jan 10 2018 00:00:00 GMT+0530 (India Standard Time)",8.78323389653283
"Thu Jan 11 2018 00:00:00 GMT+0530 (India Standard Time)",8.39086004678048
"Fri Jan 12 2018 00:00:00 GMT+0530 (India Standard Time)",8.32722718629616
"Mon Jan 15 2018 00:00:00 GMT+0530 (India Standard Time)",8.53313953013214
"Tue Jan 16 2018 00:00:00 GMT+0530 (India Standard Time)",8.93362956369413
"Wed Jan 17 2018 00:00:00 GMT+0530 (India Standard Time)",9.38551316628741
"Thu Jan 18 2018 00:00:00 GMT+0530 (India Standard Time)",9.48654794012402
"Fri Jan 19 2018 00:00:00 GMT+0530 (India Standard Time)",9.44893737297231
"Mon Jan 22 2018 00:00:00 GMT+0530 (India Standard Time)",9.87472756061714
"Tue Jan 23 2018 00:00:00 GMT+0530 (India Standard Time)",10.8351041634302
"Wed Jan 24 2018 00:00:00 GMT+0530 (India Standard Time)",11.3225967231852
"Thu Jan 25 2018 00:00:00 GMT+0530 (India Standard Time)",11.5638398143862
"Mon Jan 29 2018 00:00:00 GMT+0530 (India Standard Time)",12.2028512562158
"Tue Jan 30 2018 00:00:00 GMT+0530 (India Standard Time)",11.8505047379147
"Wed Jan 31 2018 00:00:00 GMT+0530 (India Standard Time)",11.656897256635
"Thu Feb 01 2018 00:00:00 GMT+0530 (India Standard Time)",11.7778331668754
"Fri Feb 02 2018 00:00:00 GMT+0530 (India Standard Time)",12.2572736549557
"Mon Feb 05 2018 00:00:00 GMT+0530 (India Standard Time)",12.3831826796018
"Tue Feb 06 2018 00:00:00 GMT+0530 (India Standard Time)",12.7465267739159
"Wed Feb 07 2018 00:00:00 GMT+0530 (India Standard Time)",12.5839177186362
"Thu Feb 08 2018 00:00:00 GMT+0530 (India Standard Time)",12.2929235958765
"Fri Feb 09 2018 00:00:00 GMT+0530 (India Standard Time)",11.9934290533139
"Mon Feb 12 2018 00:00:00 GMT+0530 (India Standard Time)",11.6131841209343
"Wed Feb 14 2018 00:00:00 GMT+0530 (India Standard Time)",11.3543852551533
"Thu Feb 15 2018 00:00:00 GMT+0530 (India Standard Time)",11.1912148797852
"Fri Feb 16 2018 00:00:00 GMT+0530 (India Standard Time)",11.0861281026577
"Mon Feb 19 2018 00:00:00 GMT+0530 (India Standard Time)",10.9528332381821
"Tue Feb 20 2018 00:00:00 GMT+0530 (India Standard Time)",10.7840594354548
"Wed Feb 21 2018 00:00:00 GMT+0530 (India Standard Time)",10.3566266186366
"Thu Feb 22 2018 00:00:00 GMT+0530 (India Standard Time)",10.4175818601626
"Fri Feb 23 2018 00:00:00 GMT+0530 (India Standard Time)",10.4020402987224
"Mon Feb 26 2018 00:00:00 GMT+0530 (India Standard Time)",10.0497517059565
"Tue Feb 27 2018 00:00:00 GMT+0530 (India Standard Time)",10.3683408698168
"Wed Feb 28 2018 00:00:00 GMT+0530 (India Standard Time)",10.1127450934013
"Thu Mar 01 2018 00:00:00 GMT+0530 (India Standard Time)",9.74969187244404
"Mon Mar 05 2018 00:00:00 GMT+0530 (India Standard Time)",9.74685673869804
"Tue Mar 06 2018 00:00:00 GMT+0530 (India Standard Time)",9.60565268593389
"Wed Mar 07 2018 00:00:00 GMT+0530 (India Standard Time)",9.4252489226529
"Thu Mar 08 2018 00:00:00 GMT+0530 (India Standard Time)",9.4427311424634
"Fri Mar 09 2018 00:00:00 GMT+0530 (India Standard Time)",9.16682177514459
"Mon Mar 12 2018 00:00:00 GMT+0530 (India Standard Time)",9.10704879120569
"Tue Mar 13 2018 00:00:00 GMT+0530 (India Standard Time)",9.42083102040528
"Wed Mar 14 2018 00:00:00 GMT+0530 (India Standard Time)",9.21148594751919
"Thu Mar 15 2018 00:00:00 GMT+0530 (India Standard Time)",9.10780837983925
"Fri Mar 16 2018 00:00:00 GMT+0530 (India Standard Time)",9.11867920985073
"Mon Mar 19 2018 00:00:00 GMT+0530 (India Standard Time)",9.03520212343282
"Tue Mar 20 2018 00:00:00 GMT+0530 (India Standard Time)",8.8955448289019
"Wed Mar 21 2018 00:00:00 GMT+0530 (India Standard Time)",8.80657734112319
"Thu Mar 22 2018 00:00:00 GMT+0530 (India Standard Time)",8.49610753104296
"Fri Mar 23 2018 00:00:00 GMT+0530 (India Standard Time)",8.59067127882561
"Mon Mar 26 2018 00:00:00 GMT+0530 (India Standard Time)",9.44490904462378
"Tue Mar 27 2018 00:00:00 GMT+0530 (India Standard Time)",9.68455839857922
"Wed Mar 28 2018 00:00:00 GMT+0530 (India Standard Time)",10.0678042272521
"Mon Apr 02 2018 00:00:00 GMT+0530 (India Standard Time)",10.6701039253056
"Tue Apr 03 2018 00:00:00 GMT+0530 (India Standard Time)",10.5936679306409
"Wed Apr 04 2018 00:00:00 GMT+0530 (India Standard Time)",10.3369773641665
"Thu Apr 05 2018 00:00:00 GMT+0530 (India Standard Time)",10.1521932667261
"Fri Apr 06 2018 00:00:00 GMT+0530 (India Standard Time)",9.8448937476742
"Mon Apr 09 2018 00:00:00 GMT+0530 (India Standard Time)",9.57382990855461
"Tue Apr 10 2018 00:00:00 GMT+0530 (India Standard Time)",9.186413486515
"Wed Apr 11 2018 00:00:00 GMT+0530 (India Standard Time)",9.43738395176392
"Thu Apr 12 2018 00:00:00 GMT+0530 (India Standard Time)",8.96685652663793
"Fri Apr 13 2018 00:00:00 GMT+0530 (India Standard Time)",8.69779534616379
"Mon Apr 16 2018 00:00:00 GMT+0530 (India Standard Time)",8.47652425000924
"Tue Apr 17 2018 00:00:00 GMT+0530 (India Standard Time)",8.29248680358
"Wed Apr 18 2018 00:00:00 GMT+0530 (India Standard Time)",8.19302346046715
"Thu Apr 19 2018 00:00:00 GMT+0530 (India Standard Time)",8.28995035614807
"Fri Apr 20 2018 00:00:00 GMT+0530 (India Standard Time)",8.96209675928035
"Mon Apr 23 2018 00:00:00 GMT+0530 (India Standard Time)",8.87908984790318
"Tue Apr 24 2018 00:00:00 GMT+0530 (India Standard Time)",8.88415485876723
"Wed Apr 25 2018 00:00:00 GMT+0530 (India Standard Time)",9.138858083141
"Thu Apr 26 2018 00:00:00 GMT+0530 (India Standard Time)",9.16465393434522
"Fri Apr 27 2018 00:00:00 GMT+0530 (India Standard Time)",9.03146436760627
"Mon Apr 30 2018 00:00:00 GMT+0530 (India Standard Time)",9.05778834134868
"Wed May 02 2018 00:00:00 GMT+0530 (India Standard Time)",9.03223203125235
"Thu May 03 2018 00:00:00 GMT+0530 (India Standard Time)",8.99421545759147
"Fri May 04 2018 00:00:00 GMT+0530 (India Standard Time)",9.13391435347779
"Mon May 07 2018 00:00:00 GMT+0530 (India Standard Time)",9.74577761394366
"Tue May 08 2018 00:00:00 GMT+0530 (India Standard Time)",9.74607921294769
"Wed May 09 2018 00:00:00 GMT+0530 (India Standard Time)",9.51064498345142
"Thu May 10 2018 00:00:00 GMT+0530 (India Standard Time)",9.44559891320489
"Fri May 11 2018 00:00:00 GMT+0530 (India Standard Time)",9.31734184797598
"Mon May 14 2018 00:00:00 GMT+0530 (India Standard Time)",8.96967457312055
"Tue May 15 2018 00:00:00 GMT+0530 (India Standard Time)",9.39326924646908
"Wed May 16 2018 00:00:00 GMT+0530 (India Standard Time)",9.590178586007
"Thu May 17 2018 00:00:00 GMT+0530 (India Standard Time)",9.75159440129221
"Fri May 18 2018 00:00:00 GMT+0530 (India Standard Time)",9.82648051548563
"Mon May 21 2018 00:00:00 GMT+0530 (India Standard Time)",9.68887476437951
"Tue May 22 2018 00:00:00 GMT+0530 (India Standard Time)",9.34324085263812
"Wed May 23 2018 00:00:00 GMT+0530 (India Standard Time)",9.39729507744968
"Thu May 24 2018 00:00:00 GMT+0530 (India Standard Time)",10.7582025719176
"Fri May 25 2018 00:00:00 GMT+0530 (India Standard Time)",11.0254738167806
"Mon May 28 2018 00:00:00 GMT+0530 (India Standard Time)",11.5843685441534
"Tue May 29 2018 00:00:00 GMT+0530 (India Standard Time)",11.7390565052853
"Wed May 30 2018 00:00:00 GMT+0530 (India Standard Time)",11.4362667549078
"Thu May 31 2018 00:00:00 GMT+0530 (India Standard Time)",11.3336762724144
"Fri Jun 01 2018 00:00:00 GMT+0530 (India Standard Time)",11.3598422529562
"Mon Jun 04 2018 00:00:00 GMT+0530 (India Standard Time)",11.5198535206022
"Tue Jun 05 2018 00:00:00 GMT+0530 (India Standard Time)",11.3362925548449
"Wed Jun 06 2018 00:00:00 GMT+0530 (India Standard Time)",11.0622716580703
"Thu Jun 07 2018 00:00:00 GMT+0530 (India Standard Time)",11.0721093967795
"Fri Jun 08 2018 00:00:00 GMT+0530 (India Standard Time)",11.366958725581
"Mon Jun 11 2018 00:00:00 GMT+0530 (India Standard Time)",11.0336045308966
"Tue Jun 12 2018 00:00:00 GMT+0530 (India Standard Time)",10.638347064404
"Wed Jun 13 2018 00:00:00 GMT+0530 (India Standard Time)",10.3141794169466
"Thu Jun 14 2018 00:00:00 GMT+0530 (India Standard Time)",10.234595172879
"Fri Jun 15 2018 00:00:00 GMT+0530 (India Standard Time)",10.0928383748162
"Mon Jun 18 2018 00:00:00 GMT+0530 (India Standard Time)",9.80049277661503
"Tue Jun 19 2018 00:00:00 GMT+0530 (India Standard Time)",9.78617186399967
"Wed Jun 20 2018 00:00:00 GMT+0530 (India Standard Time)",9.7871595879997
"Thu Jun 21 2018 00:00:00 GMT+0530 (India Standard Time)",9.73807676028543
"Fri Jun 22 2018 00:00:00 GMT+0530 (India Standard Time)",9.36392842026504
"Mon Jun 25 2018 00:00:00 GMT+0530 (India Standard Time)",9.17007639024611
"Tue Jun 26 2018 00:00:00 GMT+0530 (India Standard Time)",8.94364236237138
"Wed Jun 27 2018 00:00:00 GMT+0530 (India Standard Time)",9.64409647934486
"Thu Jun 28 2018 00:00:00 GMT+0530 (India Standard Time)",9.90166101653451
"Fri Jun 29 2018 00:00:00 GMT+0530 (India Standard Time)",11.2836852296392
"Mon Jul 02 2018 00:00:00 GMT+0530 (India Standard Time)",11.2348505703792
"Tue Jul 03 2018 00:00:00 GMT+0530 (India Standard Time)",11.2502183867807
"Wed Jul 04 2018 00:00:00 GMT+0530 (India Standard Time)",11.0609170734392
"Thu Jul 05 2018 00:00:00 GMT+0530 (India Standard Time)",10.7637087110507
"Fri Jul 06 2018 00:00:00 GMT+0530 (India Standard Time)",10.8591580888328
