"date","value"
"Mon Jul 24 2017 00:00:00 GMT+0530 (India Standard Time)",21.7535714285715
"Tue Jul 25 2017 00:00:00 GMT+0530 (India Standard Time)",21.9854591836735
"Wed Jul 26 2017 00:00:00 GMT+0530 (India Standard Time)",22.1364978134111
"Thu Jul 27 2017 00:00:00 GMT+0530 (India Standard Time)",21.9124622553103
"Fri Jul 28 2017 00:00:00 GMT+0530 (India Standard Time)",21.6258578085024
"Mon Jul 31 2017 00:00:00 GMT+0530 (India Standard Time)",21.3597251078951
"Tue Aug 01 2017 00:00:00 GMT+0530 (India Standard Time)",21.441173314474
"Wed Aug 02 2017 00:00:00 GMT+0530 (India Standard Time)",21.1239466491545
"Thu Aug 03 2017 00:00:00 GMT+0530 (India Standard Time)",21.1722361742149
"Fri Aug 04 2017 00:00:00 GMT+0530 (India Standard Time)",21.0385050189138
"Mon Aug 07 2017 00:00:00 GMT+0530 (India Standard Time)",20.8464689461342
"Tue Aug 08 2017 00:00:00 GMT+0530 (India Standard Time)",20.2431497356961
"Wed Aug 09 2017 00:00:00 GMT+0530 (India Standard Time)",20.1400676117178
"Thu Aug 10 2017 00:00:00 GMT+0530 (India Standard Time)",19.7229199251665
"Fri Aug 11 2017 00:00:00 GMT+0530 (India Standard Time)",20.4498542162261
"Mon Aug 14 2017 00:00:00 GMT+0530 (India Standard Time)",20.4034360579242
"Wed Aug 16 2017 00:00:00 GMT+0530 (India Standard Time)",20.8246191966439
"Thu Aug 17 2017 00:00:00 GMT+0530 (India Standard Time)",20.1085749683122
"Fri Aug 18 2017 00:00:00 GMT+0530 (India Standard Time)",20.061533899147
"Mon Aug 21 2017 00:00:00 GMT+0530 (India Standard Time)",19.5785671920651
"Tue Aug 22 2017 00:00:00 GMT+0530 (India Standard Time)",19.3693838212033
"Wed Aug 23 2017 00:00:00 GMT+0530 (India Standard Time)",20.1644278339745
"Thu Aug 24 2017 00:00:00 GMT+0530 (India Standard Time)",19.7241115601192
"Mon Aug 28 2017 00:00:00 GMT+0530 (India Standard Time)",20.7188178772535
"Tue Aug 29 2017 00:00:00 GMT+0530 (India Standard Time)",20.4246166003068
"Wed Aug 30 2017 00:00:00 GMT+0530 (India Standard Time)",20.1121439859992
"Thu Aug 31 2017 00:00:00 GMT+0530 (India Standard Time)",20.7969908441421
"Fri Sep 01 2017 00:00:00 GMT+0530 (India Standard Time)",23.0972057838463
"Mon Sep 04 2017 00:00:00 GMT+0530 (India Standard Time)",23.1545482278572
"Tue Sep 05 2017 00:00:00 GMT+0530 (India Standard Time)",23.3577947830103
"Wed Sep 06 2017 00:00:00 GMT+0530 (India Standard Time)",22.7929522985096
"Thu Sep 07 2017 00:00:00 GMT+0530 (India Standard Time)",22.9398842771874
"Fri Sep 08 2017 00:00:00 GMT+0530 (India Standard Time)",22.4441782573883
"Mon Sep 11 2017 00:00:00 GMT+0530 (India Standard Time)",23.7981655247178
"Tue Sep 12 2017 00:00:00 GMT+0530 (India Standard Time)",23.8054394158094
"Wed Sep 13 2017 00:00:00 GMT+0530 (India Standard Time)",23.0336223146801
"Thu Sep 14 2017 00:00:00 GMT+0530 (India Standard Time)",22.8883635779173
"Fri Sep 15 2017 00:00:00 GMT+0530 (India Standard Time)",22.9284804652089
"Mon Sep 18 2017 00:00:00 GMT+0530 (India Standard Time)",22.397874717694
"Tue Sep 19 2017 00:00:00 GMT+0530 (India Standard Time)",21.7123122378587
"Wed Sep 20 2017 00:00:00 GMT+0530 (India Standard Time)",21.7257185065831
"Thu Sep 21 2017 00:00:00 GMT+0530 (India Standard Time)",21.7667386132557
"Fri Sep 22 2017 00:00:00 GMT+0530 (India Standard Time)",22.0191144265946
"Mon Sep 25 2017 00:00:00 GMT+0530 (India Standard Time)",21.9784633961235
"Tue Sep 26 2017 00:00:00 GMT+0530 (India Standard Time)",22.7621445821147
"Wed Sep 27 2017 00:00:00 GMT+0530 (India Standard Time)",22.9719913976779
"Thu Sep 28 2017 00:00:00 GMT+0530 (India Standard Time)",24.3311348692724
"Fri Sep 29 2017 00:00:00 GMT+0530 (India Standard Time)",23.8753395214672
"Tue Oct 03 2017 00:00:00 GMT+0530 (India Standard Time)",24.1913866985053
"Wed Oct 04 2017 00:00:00 GMT+0530 (India Standard Time)",23.8598590771835
"Thu Oct 05 2017 00:00:00 GMT+0530 (India Standard Time)",23.1484405716704
"Fri Oct 06 2017 00:00:00 GMT+0530 (India Standard Time)",22.6878376736939
"Mon Oct 09 2017 00:00:00 GMT+0530 (India Standard Time)",22.2815635541443
"Tue Oct 10 2017 00:00:00 GMT+0530 (India Standard Time)",21.6150233002769
"Wed Oct 11 2017 00:00:00 GMT+0530 (India Standard Time)",21.5532359216857
"Thu Oct 12 2017 00:00:00 GMT+0530 (India Standard Time)",21.1530047844224
"Fri Oct 13 2017 00:00:00 GMT+0530 (India Standard Time)",21.2813615855351
"Mon Oct 16 2017 00:00:00 GMT+0530 (India Standard Time)",21.1184071865683
"Tue Oct 17 2017 00:00:00 GMT+0530 (India Standard Time)",21.752806673242
"Wed Oct 18 2017 00:00:00 GMT+0530 (India Standard Time)",22.1847490537247
"Thu Oct 19 2017 00:00:00 GMT+0530 (India Standard Time)",21.4644098356015
"Mon Oct 23 2017 00:00:00 GMT+0530 (India Standard Time)",22.2776662759157
"Tue Oct 24 2017 00:00:00 GMT+0530 (India Standard Time)",24.9614043990646
"Wed Oct 25 2017 00:00:00 GMT+0530 (India Standard Time)",25.8248755134171
"Thu Oct 26 2017 00:00:00 GMT+0530 (India Standard Time)",25.6195272624587
"Fri Oct 27 2017 00:00:00 GMT+0530 (India Standard Time)",24.9609896008545
"Mon Oct 30 2017 00:00:00 GMT+0530 (India Standard Time)",24.5530617722221
"Tue Oct 31 2017 00:00:00 GMT+0530 (India Standard Time)",23.7064145027776
"Wed Nov 01 2017 00:00:00 GMT+0530 (India Standard Time)",23.0523848954364
"Thu Nov 02 2017 00:00:00 GMT+0530 (India Standard Time)",22.5450716886195
"Fri Nov 03 2017 00:00:00 GMT+0530 (India Standard Time)",22.0632808537181
"Mon Nov 06 2017 00:00:00 GMT+0530 (India Standard Time)",21.7801893641668
"Tue Nov 07 2017 00:00:00 GMT+0530 (India Standard Time)",22.5208901238692
"Wed Nov 08 2017 00:00:00 GMT+0530 (India Standard Time)",23.6229694007357
"Thu Nov 09 2017 00:00:00 GMT+0530 (India Standard Time)",23.8106144435402
"Fri Nov 10 2017 00:00:00 GMT+0530 (India Standard Time)",24.6527134118588
"Mon Nov 13 2017 00:00:00 GMT+0530 (India Standard Time)",24.3668053110117
"Tue Nov 14 2017 00:00:00 GMT+0530 (India Standard Time)",24.3120335030823
"Wed Nov 15 2017 00:00:00 GMT+0530 (India Standard Time)",25.3576025385765
"Thu Nov 16 2017 00:00:00 GMT+0530 (India Standard Time)",24.5463452143924
"Fri Nov 17 2017 00:00:00 GMT+0530 (India Standard Time)",24.785891984793
"Mon Nov 20 2017 00:00:00 GMT+0530 (India Standard Time)",24.2154711287363
"Tue Nov 21 2017 00:00:00 GMT+0530 (India Standard Time)",23.8429374766837
"Wed Nov 22 2017 00:00:00 GMT+0530 (India Standard Time)",23.6755847997778
"Thu Nov 23 2017 00:00:00 GMT+0530 (India Standard Time)",23.4737573140794
"Fri Nov 24 2017 00:00:00 GMT+0530 (India Standard Time)",22.9292032202165
"Mon Nov 27 2017 00:00:00 GMT+0530 (India Standard Time)",22.2842601330582
"Tue Nov 28 2017 00:00:00 GMT+0530 (India Standard Time)",22.4603844092684
"Wed Nov 29 2017 00:00:00 GMT+0530 (India Standard Time)",22.8632140943206
"Thu Nov 30 2017 00:00:00 GMT+0530 (India Standard Time)",22.4194130875834
"Fri Dec 01 2017 00:00:00 GMT+0530 (India Standard Time)",22.5144550098989
"Mon Dec 04 2017 00:00:00 GMT+0530 (India Standard Time)",22.9384225091918
"Tue Dec 05 2017 00:00:00 GMT+0530 (India Standard Time)",22.4499637585353
"Wed Dec 06 2017 00:00:00 GMT+0530 (India Standard Time)",21.989252061497
"Thu Dec 07 2017 00:00:00 GMT+0530 (India Standard Time)",23.7507340571044
"Fri Dec 08 2017 00:00:00 GMT+0530 (India Standard Time)",23.7256816244541
"Mon Dec 11 2017 00:00:00 GMT+0530 (India Standard Time)",23.4095615084217
"Tue Dec 12 2017 00:00:00 GMT+0530 (India Standard Time)",23.9410214006773
"Wed Dec 13 2017 00:00:00 GMT+0530 (India Standard Time)",24.1952341577717
"Thu Dec 14 2017 00:00:00 GMT+0530 (India Standard Time)",23.4777174322166
"Fri Dec 15 2017 00:00:00 GMT+0530 (India Standard Time)",23.136451901344
"Mon Dec 18 2017 00:00:00 GMT+0530 (India Standard Time)",23.6231339083908
"Tue Dec 19 2017 00:00:00 GMT+0530 (India Standard Time)",23.2607672006486
"Wed Dec 20 2017 00:00:00 GMT+0530 (India Standard Time)",22.809998114888
"Thu Dec 21 2017 00:00:00 GMT+0530 (India Standard Time)",22.1521411066817
"Fri Dec 22 2017 00:00:00 GMT+0530 (India Standard Time)",21.284131027633
"Tue Dec 26 2017 00:00:00 GMT+0530 (India Standard Time)",21.0209788113735
"Wed Dec 27 2017 00:00:00 GMT+0530 (India Standard Time)",20.5909088962754
"Thu Dec 28 2017 00:00:00 GMT+0530 (India Standard Time)",20.2629868322557
"Fri Dec 29 2017 00:00:00 GMT+0530 (India Standard Time)",20.9906306299518
"Mon Jan 01 2018 00:00:00 GMT+0530 (India Standard Time)",21.4127284420981
"Tue Jan 02 2018 00:00:00 GMT+0530 (India Standard Time)",21.0225335533768
"Wed Jan 03 2018 00:00:00 GMT+0530 (India Standard Time)",20.4994954424213
"Thu Jan 04 2018 00:00:00 GMT+0530 (India Standard Time)",21.6138171965341
"Fri Jan 05 2018 00:00:00 GMT+0530 (India Standard Time)",21.8235445396388
"Mon Jan 08 2018 00:00:00 GMT+0530 (India Standard Time)",21.5040056439503
"Tue Jan 09 2018 00:00:00 GMT+0530 (India Standard Time)",21.5465766693824
"Wed Jan 10 2018 00:00:00 GMT+0530 (India Standard Time)",21.5753926215694
"Thu Jan 11 2018 00:00:00 GMT+0530 (India Standard Time)",21.4592931486001
"Fri Jan 12 2018 00:00:00 GMT+0530 (India Standard Time)",21.1086293522716
"Mon Jan 15 2018 00:00:00 GMT+0530 (India Standard Time)",21.4401558271093
"Tue Jan 16 2018 00:00:00 GMT+0530 (India Standard Time)",21.3408589823158
"Wed Jan 17 2018 00:00:00 GMT+0530 (India Standard Time)",21.1022261978647
"Thu Jan 18 2018 00:00:00 GMT+0530 (India Standard Time)",21.2449243265886
"Fri Jan 19 2018 00:00:00 GMT+0530 (India Standard Time)",20.9488583032608
"Mon Jan 22 2018 00:00:00 GMT+0530 (India Standard Time)",21.5667969958851
"Tue Jan 23 2018 00:00:00 GMT+0530 (India Standard Time)",21.5727400676076
"Wed Jan 24 2018 00:00:00 GMT+0530 (India Standard Time)",21.9318300627785
"Thu Jan 25 2018 00:00:00 GMT+0530 (India Standard Time)",21.6474136297229
"Mon Jan 29 2018 00:00:00 GMT+0530 (India Standard Time)",21.2904555133141
"Tue Jan 30 2018 00:00:00 GMT+0530 (India Standard Time)",21.8125658337916
"Wed Jan 31 2018 00:00:00 GMT+0530 (India Standard Time)",21.3830968456637
"Thu Feb 01 2018 00:00:00 GMT+0530 (India Standard Time)",22.0950184995448
"Fri Feb 02 2018 00:00:00 GMT+0530 (India Standard Time)",22.5918028924345
"Mon Feb 05 2018 00:00:00 GMT+0530 (India Standard Time)",22.8138169715463
"Tue Feb 06 2018 00:00:00 GMT+0530 (India Standard Time)",24.327115759293
"Wed Feb 07 2018 00:00:00 GMT+0530 (India Standard Time)",23.9216074907721
"Thu Feb 08 2018 00:00:00 GMT+0530 (India Standard Time)",23.7343498128598
"Fri Feb 09 2018 00:00:00 GMT+0530 (India Standard Time)",24.9854676833698
"Mon Feb 12 2018 00:00:00 GMT+0530 (India Standard Time)",24.575791420272
"Wed Feb 14 2018 00:00:00 GMT+0530 (India Standard Time)",24.0632348902525
"Thu Feb 15 2018 00:00:00 GMT+0530 (India Standard Time)",23.5515752552345
"Fri Feb 16 2018 00:00:00 GMT+0530 (India Standard Time)",23.0836055941463
"Mon Feb 19 2018 00:00:00 GMT+0530 (India Standard Time)",23.8812051945644
"Tue Feb 20 2018 00:00:00 GMT+0530 (India Standard Time)",23.8361191092384
"Wed Feb 21 2018 00:00:00 GMT+0530 (India Standard Time)",23.4371106014357
"Thu Feb 22 2018 00:00:00 GMT+0530 (India Standard Time)",23.6344598441903
"Fri Feb 23 2018 00:00:00 GMT+0530 (India Standard Time)",23.3177127124624
"Mon Feb 26 2018 00:00:00 GMT+0530 (India Standard Time)",22.6950189472865
"Tue Feb 27 2018 00:00:00 GMT+0530 (India Standard Time)",22.0775175939089
"Wed Feb 28 2018 00:00:00 GMT+0530 (India Standard Time)",22.268409194344
"Thu Mar 01 2018 00:00:00 GMT+0530 (India Standard Time)",21.834951394748
"Mon Mar 05 2018 00:00:00 GMT+0530 (India Standard Time)",21.6253120094088
"Tue Mar 06 2018 00:00:00 GMT+0530 (India Standard Time)",20.9806468658796
"Wed Mar 07 2018 00:00:00 GMT+0530 (India Standard Time)",20.5320292326025
"Thu Mar 08 2018 00:00:00 GMT+0530 (India Standard Time)",20.690455715988
"Fri Mar 09 2018 00:00:00 GMT+0530 (India Standard Time)",20.3268517362746
"Mon Mar 12 2018 00:00:00 GMT+0530 (India Standard Time)",19.8749337551121
"Tue Mar 13 2018 00:00:00 GMT+0530 (India Standard Time)",19.7267242011755
"Wed Mar 14 2018 00:00:00 GMT+0530 (India Standard Time)",19.2712439010916
"Thu Mar 15 2018 00:00:00 GMT+0530 (India Standard Time)",20.1518693367279
"Fri Mar 16 2018 00:00:00 GMT+0530 (India Standard Time)",21.7410215269616
"Mon Mar 19 2018 00:00:00 GMT+0530 (India Standard Time)",22.0523771321786
"Tue Mar 20 2018 00:00:00 GMT+0530 (India Standard Time)",22.252207337023
"Wed Mar 21 2018 00:00:00 GMT+0530 (India Standard Time)",21.8056210986642
"Thu Mar 22 2018 00:00:00 GMT+0530 (India Standard Time)",20.9623624487596
"Fri Mar 23 2018 00:00:00 GMT+0530 (India Standard Time)",21.3900508452768
"Mon Mar 26 2018 00:00:00 GMT+0530 (India Standard Time)",21.1479043563285
"Tue Mar 27 2018 00:00:00 GMT+0530 (India Standard Time)",21.180196902305
"Wed Mar 28 2018 00:00:00 GMT+0530 (India Standard Time)",20.8173256949975
"Mon Apr 02 2018 00:00:00 GMT+0530 (India Standard Time)",22.3625167167834
"Tue Apr 03 2018 00:00:00 GMT+0530 (India Standard Time)",22.0330512370132
"Wed Apr 04 2018 00:00:00 GMT+0530 (India Standard Time)",22.7235475772265
"Thu Apr 05 2018 00:00:00 GMT+0530 (India Standard Time)",22.5861513217103
"Fri Apr 06 2018 00:00:00 GMT+0530 (India Standard Time)",22.2442833701596
"Mon Apr 09 2018 00:00:00 GMT+0530 (India Standard Time)",22.9089774151482
"Tue Apr 10 2018 00:00:00 GMT+0530 (India Standard Time)",22.3297647426376
"Wed Apr 11 2018 00:00:00 GMT+0530 (India Standard Time)",21.977638689592
"Thu Apr 12 2018 00:00:00 GMT+0530 (India Standard Time)",22.1935216403355
"Fri Apr 13 2018 00:00:00 GMT+0530 (India Standard Time)",21.9654129517401
"Mon Apr 16 2018 00:00:00 GMT+0530 (India Standard Time)",22.7893120266158
"Tue Apr 17 2018 00:00:00 GMT+0530 (India Standard Time)",22.4757897390004
"Wed Apr 18 2018 00:00:00 GMT+0530 (India Standard Time)",22.0846619005004
"Thu Apr 19 2018 00:00:00 GMT+0530 (India Standard Time)",22.2500431933218
"Fri Apr 20 2018 00:00:00 GMT+0530 (India Standard Time)",22.3536115366559
"Mon Apr 23 2018 00:00:00 GMT+0530 (India Standard Time)",23.3283535697519
"Tue Apr 24 2018 00:00:00 GMT+0530 (India Standard Time)",23.1298997433411
"Wed Apr 25 2018 00:00:00 GMT+0530 (India Standard Time)",22.4813354759596
"Thu Apr 26 2018 00:00:00 GMT+0530 (India Standard Time)",22.839811513391
"Fri Apr 27 2018 00:00:00 GMT+0530 (India Standard Time)",24.3083964052917
"Mon Apr 30 2018 00:00:00 GMT+0530 (India Standard Time)",24.386368090628
"Wed May 02 2018 00:00:00 GMT+0530 (India Standard Time)",25.0159132270117
"Thu May 03 2018 00:00:00 GMT+0530 (India Standard Time)",25.3004908536537
"Fri May 04 2018 00:00:00 GMT+0530 (India Standard Time)",25.9147415069642
"Mon May 07 2018 00:00:00 GMT+0530 (India Standard Time)",26.9779742564667
"Tue May 08 2018 00:00:00 GMT+0530 (India Standard Time)",26.4081189524334
"Wed May 09 2018 00:00:00 GMT+0530 (India Standard Time)",26.7718247415453
"Thu May 10 2018 00:00:00 GMT+0530 (India Standard Time)",27.038122974292
"Fri May 11 2018 00:00:00 GMT+0530 (India Standard Time)",30.4068284761283
"Mon May 14 2018 00:00:00 GMT+0530 (India Standard Time)",30.8349121564049
"Tue May 15 2018 00:00:00 GMT+0530 (India Standard Time)",31.1074184309474
"Wed May 16 2018 00:00:00 GMT+0530 (India Standard Time)",31.110459971594
"Thu May 17 2018 00:00:00 GMT+0530 (India Standard Time)",30.777569973623
"Fri May 18 2018 00:00:00 GMT+0530 (India Standard Time)",30.6363149755071
"Mon May 21 2018 00:00:00 GMT+0530 (India Standard Time)",30.1515781915423
"Tue May 22 2018 00:00:00 GMT+0530 (India Standard Time)",29.6407511778607
"Wed May 23 2018 00:00:00 GMT+0530 (India Standard Time)",29.1342689508707
"Thu May 24 2018 00:00:00 GMT+0530 (India Standard Time)",29.9032497400942
"Fri May 25 2018 00:00:00 GMT+0530 (India Standard Time)",29.9101604729446
"Mon May 28 2018 00:00:00 GMT+0530 (India Standard Time)",30.6558632963057
"Tue May 29 2018 00:00:00 GMT+0530 (India Standard Time)",31.3947302037125
"Wed May 30 2018 00:00:00 GMT+0530 (India Standard Time)",30.4093923320187
"Thu May 31 2018 00:00:00 GMT+0530 (India Standard Time)",30.0015785940174
"Fri Jun 01 2018 00:00:00 GMT+0530 (India Standard Time)",29.2300372658733
"Mon Jun 04 2018 00:00:00 GMT+0530 (India Standard Time)",29.4636060325966
"Tue Jun 05 2018 00:00:00 GMT+0530 (India Standard Time)",28.984062744554
"Wed Jun 06 2018 00:00:00 GMT+0530 (India Standard Time)",28.9530582628002
"Thu Jun 07 2018 00:00:00 GMT+0530 (India Standard Time)",29.8135541011716
"Fri Jun 08 2018 00:00:00 GMT+0530 (India Standard Time)",29.0268716653736
"Mon Jun 11 2018 00:00:00 GMT+0530 (India Standard Time)",28.4320951178469
"Tue Jun 12 2018 00:00:00 GMT+0530 (India Standard Time)",27.6012311808578
"Wed Jun 13 2018 00:00:00 GMT+0530 (India Standard Time)",26.401143239368
"Thu Jun 14 2018 00:00:00 GMT+0530 (India Standard Time)",25.9189187222703
"Fri Jun 15 2018 00:00:00 GMT+0530 (India Standard Time)",25.3925673849653
"Mon Jun 18 2018 00:00:00 GMT+0530 (India Standard Time)",24.9109554288963
"Tue Jun 19 2018 00:00:00 GMT+0530 (India Standard Time)",24.7494586125466
"Wed Jun 20 2018 00:00:00 GMT+0530 (India Standard Time)",24.0530687116504
"Thu Jun 21 2018 00:00:00 GMT+0530 (India Standard Time)",24.7564209465325
"Fri Jun 22 2018 00:00:00 GMT+0530 (India Standard Time)",25.3702480217802
"Mon Jun 25 2018 00:00:00 GMT+0530 (India Standard Time)",25.1866588773673
"Tue Jun 26 2018 00:00:00 GMT+0530 (India Standard Time)",25.3054689575554
"Wed Jun 27 2018 00:00:00 GMT+0530 (India Standard Time)",25.0693640320157
"Thu Jun 28 2018 00:00:00 GMT+0530 (India Standard Time)",24.953695172586
"Fri Jun 29 2018 00:00:00 GMT+0530 (India Standard Time)",24.5248598031156
"Mon Jul 02 2018 00:00:00 GMT+0530 (India Standard Time)",25.4123698171787
"Tue Jul 03 2018 00:00:00 GMT+0530 (India Standard Time)",25.0614862588088
