"date","value"
"Wed Jun 28 2017 00:00:00 GMT+0530 (India Standard Time)",27.4035714285715
"Thu Jun 29 2017 00:00:00 GMT+0530 (India Standard Time)",26.6461734693878
"Fri Jun 30 2017 00:00:00 GMT+0530 (India Standard Time)",26.0321610787172
"Mon Jul 03 2017 00:00:00 GMT+0530 (India Standard Time)",25.1441495730946
"Tue Jul 04 2017 00:00:00 GMT+0530 (India Standard Time)",24.8481388893021
"Wed Jul 05 2017 00:00:00 GMT+0530 (India Standard Time)",27.3447003972091
"Thu Jul 06 2017 00:00:00 GMT+0530 (India Standard Time)",27.6950789402656
"Fri Jul 07 2017 00:00:00 GMT+0530 (India Standard Time)",29.6954304445323
"Mon Jul 10 2017 00:00:00 GMT+0530 (India Standard Time)",31.3386139842086
"Tue Jul 11 2017 00:00:00 GMT+0530 (India Standard Time)",31.2929986996223
"Wed Jul 12 2017 00:00:00 GMT+0530 (India Standard Time)",30.2042130782207
"Thu Jul 13 2017 00:00:00 GMT+0530 (India Standard Time)",29.0110550012049
"Fri Jul 14 2017 00:00:00 GMT+0530 (India Standard Time)",28.4245510725474
"Mon Jul 17 2017 00:00:00 GMT+0530 (India Standard Time)",27.3549402816512
"Tue Jul 18 2017 00:00:00 GMT+0530 (India Standard Time)",26.6867302615332
"Wed Jul 19 2017 00:00:00 GMT+0530 (India Standard Time)",26.2876780999952
"Thu Jul 20 2017 00:00:00 GMT+0530 (India Standard Time)",25.3671296642812
"Fri Jul 21 2017 00:00:00 GMT+0530 (India Standard Time)",26.0409061168326
"Mon Jul 24 2017 00:00:00 GMT+0530 (India Standard Time)",26.8379842513445
"Tue Jul 25 2017 00:00:00 GMT+0530 (India Standard Time)",26.9066996619628
"Wed Jul 26 2017 00:00:00 GMT+0530 (India Standard Time)",25.9240782575369
"Thu Jul 27 2017 00:00:00 GMT+0530 (India Standard Time)",26.0187869534271
"Fri Jul 28 2017 00:00:00 GMT+0530 (India Standard Time)",28.1388735996109
"Mon Jul 31 2017 00:00:00 GMT+0530 (India Standard Time)",30.407525485353
"Tue Aug 01 2017 00:00:00 GMT+0530 (India Standard Time)",29.8569879506849
"Wed Aug 02 2017 00:00:00 GMT+0530 (India Standard Time)",30.3743459542074
"Thu Aug 03 2017 00:00:00 GMT+0530 (India Standard Time)",33.561892671764
"Fri Aug 04 2017 00:00:00 GMT+0530 (India Standard Time)",33.6503289094951
"Mon Aug 07 2017 00:00:00 GMT+0530 (India Standard Time)",32.9217339873884
"Tue Aug 08 2017 00:00:00 GMT+0530 (India Standard Time)",32.1451815597178
"Wed Aug 09 2017 00:00:00 GMT+0530 (India Standard Time)",31.8348114483093
"Thu Aug 10 2017 00:00:00 GMT+0530 (India Standard Time)",33.4394677734301
"Fri Aug 11 2017 00:00:00 GMT+0530 (India Standard Time)",33.540220075328
"Mon Aug 14 2017 00:00:00 GMT+0530 (India Standard Time)",33.2087757842331
"Wed Aug 16 2017 00:00:00 GMT+0530 (India Standard Time)",32.5188632282165
"Thu Aug 17 2017 00:00:00 GMT+0530 (India Standard Time)",31.4425158547724
"Fri Aug 18 2017 00:00:00 GMT+0530 (India Standard Time)",30.5930504365744
"Mon Aug 21 2017 00:00:00 GMT+0530 (India Standard Time)",30.1221182625334
"Tue Aug 22 2017 00:00:00 GMT+0530 (India Standard Time)",29.9383955294953
"Wed Aug 23 2017 00:00:00 GMT+0530 (India Standard Time)",29.1356529916742
"Thu Aug 24 2017 00:00:00 GMT+0530 (India Standard Time)",30.2545349208403
"Mon Aug 28 2017 00:00:00 GMT+0530 (India Standard Time)",29.6649252836374
"Tue Aug 29 2017 00:00:00 GMT+0530 (India Standard Time)",28.6817163348062
"Wed Aug 30 2017 00:00:00 GMT+0530 (India Standard Time)",27.52945088232
"Thu Aug 31 2017 00:00:00 GMT+0530 (India Standard Time)",27.0737758192972
"Fri Sep 01 2017 00:00:00 GMT+0530 (India Standard Time)",27.2792204036331
"Mon Sep 04 2017 00:00:00 GMT+0530 (India Standard Time)",26.8592760890879
"Tue Sep 05 2017 00:00:00 GMT+0530 (India Standard Time)",26.2978992255816
"Wed Sep 06 2017 00:00:00 GMT+0530 (India Standard Time)",26.2516207094686
"Thu Sep 07 2017 00:00:00 GMT+0530 (India Standard Time)",25.1872192302209
"Fri Sep 08 2017 00:00:00 GMT+0530 (India Standard Time)",25.2667035709194
"Mon Sep 11 2017 00:00:00 GMT+0530 (India Standard Time)",24.5190818872823
"Tue Sep 12 2017 00:00:00 GMT+0530 (India Standard Time)",23.6141474667621
"Wed Sep 13 2017 00:00:00 GMT+0530 (India Standard Time)",24.4274226477077
"Thu Sep 14 2017 00:00:00 GMT+0530 (India Standard Time)",24.4933210300143
"Fri Sep 15 2017 00:00:00 GMT+0530 (India Standard Time)",24.5259409564418
"Mon Sep 18 2017 00:00:00 GMT+0530 (India Standard Time)",23.909802316696
"Tue Sep 19 2017 00:00:00 GMT+0530 (India Standard Time)",23.644816436932
"Wed Sep 20 2017 00:00:00 GMT+0530 (India Standard Time)",22.8773295485797
"Thu Sep 21 2017 00:00:00 GMT+0530 (India Standard Time)",23.9325202951097
"Fri Sep 22 2017 00:00:00 GMT+0530 (India Standard Time)",24.9801974168876
"Mon Sep 25 2017 00:00:00 GMT+0530 (India Standard Time)",25.6423261728242
"Tue Sep 26 2017 00:00:00 GMT+0530 (India Standard Time)",25.2893028747653
"Wed Sep 27 2017 00:00:00 GMT+0530 (India Standard Time)",24.6472098122821
"Thu Sep 28 2017 00:00:00 GMT+0530 (India Standard Time)",23.8081233971191
"Fri Sep 29 2017 00:00:00 GMT+0530 (India Standard Time)",23.0325431544677
"Tue Oct 03 2017 00:00:00 GMT+0530 (India Standard Time)",22.1587900720057
"Wed Oct 04 2017 00:00:00 GMT+0530 (India Standard Time)",21.9153050668625
"Thu Oct 05 2017 00:00:00 GMT+0530 (India Standard Time)",21.4534975620866
"Fri Oct 06 2017 00:00:00 GMT+0530 (India Standard Time)",21.3353905933661
"Mon Oct 09 2017 00:00:00 GMT+0530 (India Standard Time)",20.8150055509828
"Tue Oct 10 2017 00:00:00 GMT+0530 (India Standard Time)",21.5460765830555
"Wed Oct 11 2017 00:00:00 GMT+0530 (India Standard Time)",22.2177853985515
"Thu Oct 12 2017 00:00:00 GMT+0530 (India Standard Time)",21.9129435843693
"Fri Oct 13 2017 00:00:00 GMT+0530 (India Standard Time)",21.3191618997715
"Mon Oct 16 2017 00:00:00 GMT+0530 (India Standard Time)",20.7177931926449
"Tue Oct 17 2017 00:00:00 GMT+0530 (India Standard Time)",19.9165222503131
"Wed Oct 18 2017 00:00:00 GMT+0530 (India Standard Time)",20.0760563752908
"Thu Oct 19 2017 00:00:00 GMT+0530 (India Standard Time)",19.40633806277
"Mon Oct 23 2017 00:00:00 GMT+0530 (India Standard Time)",20.1844567725722
"Tue Oct 24 2017 00:00:00 GMT+0530 (India Standard Time)",20.1998527173884
"Wed Oct 25 2017 00:00:00 GMT+0530 (India Standard Time)",21.4534346661464
"Thu Oct 26 2017 00:00:00 GMT+0530 (India Standard Time)",21.4603321899931
"Fri Oct 27 2017 00:00:00 GMT+0530 (India Standard Time)",21.9595941764222
"Mon Oct 30 2017 00:00:00 GMT+0530 (India Standard Time)",27.3553374495349
"Tue Oct 31 2017 00:00:00 GMT+0530 (India Standard Time)",27.3942419174252
"Wed Nov 01 2017 00:00:00 GMT+0530 (India Standard Time)",26.4196532090377
"Thu Nov 02 2017 00:00:00 GMT+0530 (India Standard Time)",27.1432494083922
"Fri Nov 03 2017 00:00:00 GMT+0530 (India Standard Time)",27.2365887363641
"Mon Nov 06 2017 00:00:00 GMT+0530 (India Standard Time)",27.0375466837667
"Tue Nov 07 2017 00:00:00 GMT+0530 (India Standard Time)",39.1134362063548
"Wed Nov 08 2017 00:00:00 GMT+0530 (India Standard Time)",39.5553336201866
"Thu Nov 09 2017 00:00:00 GMT+0530 (India Standard Time)",38.612095504459
"Fri Nov 10 2017 00:00:00 GMT+0530 (India Standard Time)",36.9576601112833
"Mon Nov 13 2017 00:00:00 GMT+0530 (India Standard Time)",35.5678272461916
"Tue Nov 14 2017 00:00:00 GMT+0530 (India Standard Time)",34.302268157178
"Wed Nov 15 2017 00:00:00 GMT+0530 (India Standard Time)",33.0306775745224
"Thu Nov 16 2017 00:00:00 GMT+0530 (India Standard Time)",31.7213434620565
"Fri Nov 17 2017 00:00:00 GMT+0530 (India Standard Time)",30.3698189290525
"Mon Nov 20 2017 00:00:00 GMT+0530 (India Standard Time)",28.868403291263
"Tue Nov 21 2017 00:00:00 GMT+0530 (India Standard Time)",28.4742316276014
"Wed Nov 22 2017 00:00:00 GMT+0530 (India Standard Time)",27.6225007970584
"Thu Nov 23 2017 00:00:00 GMT+0530 (India Standard Time)",26.3994650258399
"Fri Nov 24 2017 00:00:00 GMT+0530 (India Standard Time)",25.0959318097085
"Mon Nov 27 2017 00:00:00 GMT+0530 (India Standard Time)",23.7926509661579
"Tue Nov 28 2017 00:00:00 GMT+0530 (India Standard Time)",22.7288901828609
"Wed Nov 29 2017 00:00:00 GMT+0530 (India Standard Time)",21.6161123126566
"Thu Nov 30 2017 00:00:00 GMT+0530 (India Standard Time)",21.4756757188954
"Fri Dec 01 2017 00:00:00 GMT+0530 (India Standard Time)",20.8095560246886
"Mon Dec 04 2017 00:00:00 GMT+0530 (India Standard Time)",20.0981591657822
"Tue Dec 05 2017 00:00:00 GMT+0530 (India Standard Time)",19.5197192253692
"Wed Dec 06 2017 00:00:00 GMT+0530 (India Standard Time)",18.6361678521286
"Thu Dec 07 2017 00:00:00 GMT+0530 (India Standard Time)",18.3514415769765
"Fri Dec 08 2017 00:00:00 GMT+0530 (India Standard Time)",18.3263386071925
"Mon Dec 11 2017 00:00:00 GMT+0530 (India Standard Time)",18.3851715638216
"Tue Dec 12 2017 00:00:00 GMT+0530 (India Standard Time)",18.0933735949772
"Wed Dec 13 2017 00:00:00 GMT+0530 (India Standard Time)",17.8688469096217
"Thu Dec 14 2017 00:00:00 GMT+0530 (India Standard Time)",17.4746435589344
"Fri Dec 15 2017 00:00:00 GMT+0530 (India Standard Time)",17.3835975904391
"Mon Dec 18 2017 00:00:00 GMT+0530 (India Standard Time)",18.4204834768363
"Tue Dec 19 2017 00:00:00 GMT+0530 (India Standard Time)",17.9547346570623
"Wed Dec 20 2017 00:00:00 GMT+0530 (India Standard Time)",18.5079678958436
"Thu Dec 21 2017 00:00:00 GMT+0530 (India Standard Time)",17.9931130461405
"Fri Dec 22 2017 00:00:00 GMT+0530 (India Standard Time)",17.7793192571304
"Tue Dec 26 2017 00:00:00 GMT+0530 (India Standard Time)",17.3700821673354
"Wed Dec 27 2017 00:00:00 GMT+0530 (India Standard Time)",17.21507629824
"Thu Dec 28 2017 00:00:00 GMT+0530 (India Standard Time)",16.97828513408
"Fri Dec 29 2017 00:00:00 GMT+0530 (India Standard Time)",17.1476933387886
"Mon Jan 01 2018 00:00:00 GMT+0530 (India Standard Time)",16.7657152431608
"Tue Jan 02 2018 00:00:00 GMT+0530 (India Standard Time)",16.7645927257922
"Wed Jan 03 2018 00:00:00 GMT+0530 (India Standard Time)",16.4242646739499
"Thu Jan 04 2018 00:00:00 GMT+0530 (India Standard Time)",16.1546743400963
"Fri Jan 05 2018 00:00:00 GMT+0530 (India Standard Time)",17.0293404586609
"Mon Jan 08 2018 00:00:00 GMT+0530 (India Standard Time)",17.7308161401851
"Tue Jan 09 2018 00:00:00 GMT+0530 (India Standard Time)",17.7036149873147
"Wed Jan 10 2018 00:00:00 GMT+0530 (India Standard Time)",17.7212139167923
"Thu Jan 11 2018 00:00:00 GMT+0530 (India Standard Time)",17.1196986370214
"Fri Jan 12 2018 00:00:00 GMT+0530 (India Standard Time)",17.9504344486627
"Mon Jan 15 2018 00:00:00 GMT+0530 (India Standard Time)",17.4325462737582
"Tue Jan 16 2018 00:00:00 GMT+0530 (India Standard Time)",17.5516501113469
"Wed Jan 17 2018 00:00:00 GMT+0530 (India Standard Time)",18.1586751033936
"Thu Jan 18 2018 00:00:00 GMT+0530 (India Standard Time)",17.6937697388655
"Fri Jan 19 2018 00:00:00 GMT+0530 (India Standard Time)",17.8299290432322
"Mon Jan 22 2018 00:00:00 GMT+0530 (India Standard Time)",17.5885055401442
"Tue Jan 23 2018 00:00:00 GMT+0530 (India Standard Time)",17.4250408587053
"Wed Jan 24 2018 00:00:00 GMT+0530 (India Standard Time)",18.2268236545121
"Thu Jan 25 2018 00:00:00 GMT+0530 (India Standard Time)",18.6999076791898
"Mon Jan 29 2018 00:00:00 GMT+0530 (India Standard Time)",20.6499142735334
"Tue Jan 30 2018 00:00:00 GMT+0530 (India Standard Time)",20.3106346825667
"Wed Jan 31 2018 00:00:00 GMT+0530 (India Standard Time)",20.7705893480977
"Thu Feb 01 2018 00:00:00 GMT+0530 (India Standard Time)",21.7191186803764
"Fri Feb 02 2018 00:00:00 GMT+0530 (India Standard Time)",22.5606102032067
"Mon Feb 05 2018 00:00:00 GMT+0530 (India Standard Time)",22.6277094744062
"Tue Feb 06 2018 00:00:00 GMT+0530 (India Standard Time)",25.2757302262343
"Wed Feb 07 2018 00:00:00 GMT+0530 (India Standard Time)",25.7346066386462
"Thu Feb 08 2018 00:00:00 GMT+0530 (India Standard Time)",25.0392775930286
"Fri Feb 09 2018 00:00:00 GMT+0530 (India Standard Time)",25.4150434792408
"Mon Feb 12 2018 00:00:00 GMT+0530 (India Standard Time)",25.3746832307236
"Wed Feb 14 2018 00:00:00 GMT+0530 (India Standard Time)",25.1800629999576
"Thu Feb 15 2018 00:00:00 GMT+0530 (India Standard Time)",24.3314870713892
"Fri Feb 16 2018 00:00:00 GMT+0530 (India Standard Time)",23.2078094234329
"Mon Feb 19 2018 00:00:00 GMT+0530 (India Standard Time)",23.5501087503305
"Tue Feb 20 2018 00:00:00 GMT+0530 (India Standard Time)",22.7536724110212
"Wed Feb 21 2018 00:00:00 GMT+0530 (India Standard Time)",22.3034100959482
"Thu Feb 22 2018 00:00:00 GMT+0530 (India Standard Time)",22.0853093748091
"Fri Feb 23 2018 00:00:00 GMT+0530 (India Standard Time)",21.5613587051799
"Mon Feb 26 2018 00:00:00 GMT+0530 (India Standard Time)",21.2355473690956
"Tue Feb 27 2018 00:00:00 GMT+0530 (India Standard Time)",20.5972939855888
"Wed Feb 28 2018 00:00:00 GMT+0530 (India Standard Time)",20.1117729866181
"Thu Mar 01 2018 00:00:00 GMT+0530 (India Standard Time)",20.2430749161454
"Mon Mar 05 2018 00:00:00 GMT+0530 (India Standard Time)",20.0114267078493
"Tue Mar 06 2018 00:00:00 GMT+0530 (India Standard Time)",20.4820390858601
"Wed Mar 07 2018 00:00:00 GMT+0530 (India Standard Time)",20.2618934368701
"Thu Mar 08 2018 00:00:00 GMT+0530 (India Standard Time)",20.5467581913793
"Fri Mar 09 2018 00:00:00 GMT+0530 (India Standard Time)",20.4362754634237
"Mon Mar 12 2018 00:00:00 GMT+0530 (India Standard Time)",19.8693986446077
"Tue Mar 13 2018 00:00:00 GMT+0530 (India Standard Time)",19.6144415985643
"Wed Mar 14 2018 00:00:00 GMT+0530 (India Standard Time)",18.874124341524
"Thu Mar 15 2018 00:00:00 GMT+0530 (India Standard Time)",18.8259726028437
"Fri Mar 16 2018 00:00:00 GMT+0530 (India Standard Time)",19.188403131212
"Mon Mar 19 2018 00:00:00 GMT+0530 (India Standard Time)",18.767802907554
"Tue Mar 20 2018 00:00:00 GMT+0530 (India Standard Time)",18.623674128443
"Wed Mar 21 2018 00:00:00 GMT+0530 (India Standard Time)",18.3648402621257
"Thu Mar 22 2018 00:00:00 GMT+0530 (India Standard Time)",18.3387802434024
"Fri Mar 23 2018 00:00:00 GMT+0530 (India Standard Time)",18.9610102260165
"Mon Mar 26 2018 00:00:00 GMT+0530 (India Standard Time)",18.8137952098725
"Tue Mar 27 2018 00:00:00 GMT+0530 (India Standard Time)",18.373524123453
"Wed Mar 28 2018 00:00:00 GMT+0530 (India Standard Time)",18.6932724003492
"Mon Apr 02 2018 00:00:00 GMT+0530 (India Standard Time)",20.5044672288957
"Tue Apr 03 2018 00:00:00 GMT+0530 (India Standard Time)",21.3720052839746
"Wed Apr 04 2018 00:00:00 GMT+0530 (India Standard Time)",21.6454334779764
"Thu Apr 05 2018 00:00:00 GMT+0530 (India Standard Time)",21.1564739438352
"Fri Apr 06 2018 00:00:00 GMT+0530 (India Standard Time)",23.7524400907041
"Mon Apr 09 2018 00:00:00 GMT+0530 (India Standard Time)",23.9986943699395
"Tue Apr 10 2018 00:00:00 GMT+0530 (India Standard Time)",23.6666447720867
"Wed Apr 11 2018 00:00:00 GMT+0530 (India Standard Time)",23.2475987169377
"Thu Apr 12 2018 00:00:00 GMT+0530 (India Standard Time)",22.8477702371564
"Fri Apr 13 2018 00:00:00 GMT+0530 (India Standard Time)",21.8872152202167
"Mon Apr 16 2018 00:00:00 GMT+0530 (India Standard Time)",22.2309855616298
"Tue Apr 17 2018 00:00:00 GMT+0530 (India Standard Time)",21.6859151643705
"Wed Apr 18 2018 00:00:00 GMT+0530 (India Standard Time)",21.9619212240583
"Thu Apr 19 2018 00:00:00 GMT+0530 (India Standard Time)",21.2503554223399
"Fri Apr 20 2018 00:00:00 GMT+0530 (India Standard Time)",20.9110443207442
"Mon Apr 23 2018 00:00:00 GMT+0530 (India Standard Time)",20.8816840121196
"Tue Apr 24 2018 00:00:00 GMT+0530 (India Standard Time)",20.8972780112539
"Wed Apr 25 2018 00:00:00 GMT+0530 (India Standard Time)",20.36890101045
"Thu Apr 26 2018 00:00:00 GMT+0530 (India Standard Time)",21.0746937954179
"Fri Apr 27 2018 00:00:00 GMT+0530 (India Standard Time)",20.9050728100309
"Mon Apr 30 2018 00:00:00 GMT+0530 (India Standard Time)",20.7297104664573
"Wed May 02 2018 00:00:00 GMT+0530 (India Standard Time)",20.9240168617103
"Thu May 03 2018 00:00:00 GMT+0530 (India Standard Time)",20.5865870858739
"Fri May 04 2018 00:00:00 GMT+0530 (India Standard Time)",20.3054022940257
"Mon May 07 2018 00:00:00 GMT+0530 (India Standard Time)",21.1835878444525
"Tue May 08 2018 00:00:00 GMT+0530 (India Standard Time)",20.6919029984201
"Wed May 09 2018 00:00:00 GMT+0530 (India Standard Time)",20.6710527842473
"Thu May 10 2018 00:00:00 GMT+0530 (India Standard Time)",20.7909775853725
"Fri May 11 2018 00:00:00 GMT+0530 (India Standard Time)",20.5880506149887
"Mon May 14 2018 00:00:00 GMT+0530 (India Standard Time)",21.0460469996324
"Tue May 15 2018 00:00:00 GMT+0530 (India Standard Time)",23.0677579282301
"Wed May 16 2018 00:00:00 GMT+0530 (India Standard Time)",22.9843466476422
"Thu May 17 2018 00:00:00 GMT+0530 (India Standard Time)",22.5783218870963
"Fri May 18 2018 00:00:00 GMT+0530 (India Standard Time)",22.8405846094466
"Mon May 21 2018 00:00:00 GMT+0530 (India Standard Time)",21.9448285659147
"Tue May 22 2018 00:00:00 GMT+0530 (India Standard Time)",21.8237693826351
"Wed May 23 2018 00:00:00 GMT+0530 (India Standard Time)",21.4649287124469
"Thu May 24 2018 00:00:00 GMT+0530 (India Standard Time)",21.1531480901292
"Fri May 25 2018 00:00:00 GMT+0530 (India Standard Time)",20.6600660836914
"Mon May 28 2018 00:00:00 GMT+0530 (India Standard Time)",22.0664899348563
"Tue May 29 2018 00:00:00 GMT+0530 (India Standard Time)",22.6295977966523
"Wed May 30 2018 00:00:00 GMT+0530 (India Standard Time)",22.4703408111771
"Thu May 31 2018 00:00:00 GMT+0530 (India Standard Time)",22.243887896093
"Fri Jun 01 2018 00:00:00 GMT+0530 (India Standard Time)",22.1050387606578
"Mon Jun 04 2018 00:00:00 GMT+0530 (India Standard Time)",22.4261074206108
"Tue Jun 05 2018 00:00:00 GMT+0530 (India Standard Time)",23.2028140334243
"Wed Jun 06 2018 00:00:00 GMT+0530 (India Standard Time)",23.0168987453226
"Thu Jun 07 2018 00:00:00 GMT+0530 (India Standard Time)",22.4014059777996
"Fri Jun 08 2018 00:00:00 GMT+0530 (India Standard Time)",25.1548769793853
