"date","value"
"Thu Jul 27 2017 00:00:00 GMT+0530 (India Standard Time)",27.65
"Fri Jul 28 2017 00:00:00 GMT+0530 (India Standard Time)",27.7142857142857
"Mon Jul 31 2017 00:00:00 GMT+0530 (India Standard Time)",27.4811224489796
"Tue Aug 01 2017 00:00:00 GMT+0530 (India Standard Time)",28.1574708454811
"Wed Aug 02 2017 00:00:00 GMT+0530 (India Standard Time)",27.9283657850896
"Thu Aug 03 2017 00:00:00 GMT+0530 (India Standard Time)",27.1906253718689
"Fri Aug 04 2017 00:00:00 GMT+0530 (India Standard Time)",27.4341521310211
"Mon Aug 07 2017 00:00:00 GMT+0530 (India Standard Time)",26.2924269788053
"Tue Aug 08 2017 00:00:00 GMT+0530 (India Standard Time)",26.6393964803192
"Wed Aug 09 2017 00:00:00 GMT+0530 (India Standard Time)",26.1330110174393
"Thu Aug 10 2017 00:00:00 GMT+0530 (India Standard Time)",25.2056530876222
"Fri Aug 11 2017 00:00:00 GMT+0530 (India Standard Time)",25.4981064385063
"Mon Aug 14 2017 00:00:00 GMT+0530 (India Standard Time)",25.6018131214702
"Wed Aug 16 2017 00:00:00 GMT+0530 (India Standard Time)",26.7195407556509
"Thu Aug 17 2017 00:00:00 GMT+0530 (India Standard Time)",26.775287844533
"Fri Aug 18 2017 00:00:00 GMT+0530 (India Standard Time)",26.4627672842092
"Mon Aug 21 2017 00:00:00 GMT+0530 (India Standard Time)",26.0582839067657
"Tue Aug 22 2017 00:00:00 GMT+0530 (India Standard Time)",25.4255493419967
"Wed Aug 23 2017 00:00:00 GMT+0530 (India Standard Time)",25.8201529604255
"Thu Aug 24 2017 00:00:00 GMT+0530 (India Standard Time)",25.1044277489665
"Mon Aug 28 2017 00:00:00 GMT+0530 (India Standard Time)",24.2255400526118
"Tue Aug 29 2017 00:00:00 GMT+0530 (India Standard Time)",24.227287191711
"Wed Aug 30 2017 00:00:00 GMT+0530 (India Standard Time)",24.2003381065887
"Thu Aug 31 2017 00:00:00 GMT+0530 (India Standard Time)",24.1467425275467
"Fri Sep 01 2017 00:00:00 GMT+0530 (India Standard Time)",23.8755466327219
"Mon Sep 04 2017 00:00:00 GMT+0530 (India Standard Time)",23.7058647303846
"Tue Sep 05 2017 00:00:00 GMT+0530 (India Standard Time)",23.0125886782143
"Wed Sep 06 2017 00:00:00 GMT+0530 (India Standard Time)",23.1402609154847
"Thu Sep 07 2017 00:00:00 GMT+0530 (India Standard Time)",22.6909565643787
"Fri Sep 08 2017 00:00:00 GMT+0530 (India Standard Time)",22.7451739526373
"Mon Sep 11 2017 00:00:00 GMT+0530 (India Standard Time)",24.0740900988775
"Tue Sep 12 2017 00:00:00 GMT+0530 (India Standard Time)",23.8973693775291
"Wed Sep 13 2017 00:00:00 GMT+0530 (India Standard Time)",23.9761287077056
"Thu Sep 14 2017 00:00:00 GMT+0530 (India Standard Time)",23.7635480857266
"Fri Sep 15 2017 00:00:00 GMT+0530 (India Standard Time)",23.3768660796033
"Mon Sep 18 2017 00:00:00 GMT+0530 (India Standard Time)",22.8142327882031
"Tue Sep 19 2017 00:00:00 GMT+0530 (India Standard Time)",22.6453590176171
"Wed Sep 20 2017 00:00:00 GMT+0530 (India Standard Time)",22.1849762306445
"Thu Sep 21 2017 00:00:00 GMT+0530 (India Standard Time)",21.8967636427413
"Fri Sep 22 2017 00:00:00 GMT+0530 (India Standard Time)",21.6969948111169
"Mon Sep 25 2017 00:00:00 GMT+0530 (India Standard Time)",22.3972094674657
"Tue Sep 26 2017 00:00:00 GMT+0530 (India Standard Time)",21.8509802197896
"Wed Sep 27 2017 00:00:00 GMT+0530 (India Standard Time)",22.8330530612332
"Thu Sep 28 2017 00:00:00 GMT+0530 (India Standard Time)",23.7521206997165
"Fri Sep 29 2017 00:00:00 GMT+0530 (India Standard Time)",23.9626835068796
"Tue Oct 03 2017 00:00:00 GMT+0530 (India Standard Time)",23.9582061135311
"Wed Oct 04 2017 00:00:00 GMT+0530 (India Standard Time)",23.5719056768503
"Thu Oct 05 2017 00:00:00 GMT+0530 (India Standard Time)",22.7381981285039
"Fri Oct 06 2017 00:00:00 GMT+0530 (India Standard Time)",21.8604696907536
"Mon Oct 09 2017 00:00:00 GMT+0530 (India Standard Time)",21.1918647128426
"Tue Oct 10 2017 00:00:00 GMT+0530 (India Standard Time)",21.2710172333539
"Wed Oct 11 2017 00:00:00 GMT+0530 (India Standard Time)",21.7266588595429
"Thu Oct 12 2017 00:00:00 GMT+0530 (India Standard Time)",22.5640403695755
"Fri Oct 13 2017 00:00:00 GMT+0530 (India Standard Time)",23.6487517717487
"Mon Oct 16 2017 00:00:00 GMT+0530 (India Standard Time)",24.1916980737667
"Tue Oct 17 2017 00:00:00 GMT+0530 (India Standard Time)",23.7530053542119
"Wed Oct 18 2017 00:00:00 GMT+0530 (India Standard Time)",24.6277906860539
"Thu Oct 19 2017 00:00:00 GMT+0530 (India Standard Time)",24.8579484941929
"Mon Oct 23 2017 00:00:00 GMT+0530 (India Standard Time)",25.4859521731792
"Tue Oct 24 2017 00:00:00 GMT+0530 (India Standard Time)",25.5655270179521
"Wed Oct 25 2017 00:00:00 GMT+0530 (India Standard Time)",29.6037036595269
"Thu Oct 26 2017 00:00:00 GMT+0530 (India Standard Time)",31.2141533981321
"Fri Oct 27 2017 00:00:00 GMT+0530 (India Standard Time)",31.0202852982656
"Mon Oct 30 2017 00:00:00 GMT+0530 (India Standard Time)",30.5866934912466
"Tue Oct 31 2017 00:00:00 GMT+0530 (India Standard Time)",29.5269296704433
"Wed Nov 01 2017 00:00:00 GMT+0530 (India Standard Time)",28.596434693983
"Thu Nov 02 2017 00:00:00 GMT+0530 (India Standard Time)",27.4716893586985
"Fri Nov 03 2017 00:00:00 GMT+0530 (India Standard Time)",26.8237115473629
"Mon Nov 06 2017 00:00:00 GMT+0530 (India Standard Time)",26.1505892939799
"Tue Nov 07 2017 00:00:00 GMT+0530 (India Standard Time)",26.011261487267
"Wed Nov 08 2017 00:00:00 GMT+0530 (India Standard Time)",25.1961713810337
"Thu Nov 09 2017 00:00:00 GMT+0530 (India Standard Time)",24.3893019966741
"Fri Nov 10 2017 00:00:00 GMT+0530 (India Standard Time)",24.2507804254831
"Mon Nov 13 2017 00:00:00 GMT+0530 (India Standard Time)",24.5292961093772
"Tue Nov 14 2017 00:00:00 GMT+0530 (India Standard Time)",24.1343463872788
"Wed Nov 15 2017 00:00:00 GMT+0530 (India Standard Time)",23.5283216453303
"Thu Nov 16 2017 00:00:00 GMT+0530 (India Standard Time)",23.3334415278067
"Fri Nov 17 2017 00:00:00 GMT+0530 (India Standard Time)",23.8524814186777
"Mon Nov 20 2017 00:00:00 GMT+0530 (India Standard Time)",23.1594470316293
"Tue Nov 21 2017 00:00:00 GMT+0530 (India Standard Time)",22.4980579579415
"Wed Nov 22 2017 00:00:00 GMT+0530 (India Standard Time)",21.9946252466599
"Thu Nov 23 2017 00:00:00 GMT+0530 (India Standard Time)",21.9950091576128
"Fri Nov 24 2017 00:00:00 GMT+0530 (India Standard Time)",21.6239370749262
"Mon Nov 27 2017 00:00:00 GMT+0530 (India Standard Time)",21.2507987124315
"Tue Nov 28 2017 00:00:00 GMT+0530 (India Standard Time)",20.8150273758292
"Wed Nov 29 2017 00:00:00 GMT+0530 (India Standard Time)",20.73538256327
"Thu Nov 30 2017 00:00:00 GMT+0530 (India Standard Time)",21.6792838087507
"Fri Dec 01 2017 00:00:00 GMT+0530 (India Standard Time)",21.2664778224114
"Mon Dec 04 2017 00:00:00 GMT+0530 (India Standard Time)",21.5188722636677
"Tue Dec 05 2017 00:00:00 GMT+0530 (India Standard Time)",21.9175242448343
"Wed Dec 06 2017 00:00:00 GMT+0530 (India Standard Time)",21.9484153702033
"Thu Dec 07 2017 00:00:00 GMT+0530 (India Standard Time)",21.3449571294745
"Fri Dec 08 2017 00:00:00 GMT+0530 (India Standard Time)",22.9167459059406
"Mon Dec 11 2017 00:00:00 GMT+0530 (India Standard Time)",22.1191211983734
"Tue Dec 12 2017 00:00:00 GMT+0530 (India Standard Time)",22.9641839699182
"Wed Dec 13 2017 00:00:00 GMT+0530 (India Standard Time)",23.4595994006383
"Thu Dec 14 2017 00:00:00 GMT+0530 (India Standard Time)",23.7839137291641
"Fri Dec 15 2017 00:00:00 GMT+0530 (India Standard Time)",25.6529198913667
"Mon Dec 18 2017 00:00:00 GMT+0530 (India Standard Time)",30.2277113276977
"Tue Dec 19 2017 00:00:00 GMT+0530 (India Standard Time)",29.318589090005
"Wed Dec 20 2017 00:00:00 GMT+0530 (India Standard Time)",30.0422612978617
"Thu Dec 21 2017 00:00:00 GMT+0530 (India Standard Time)",29.3106712051573
"Fri Dec 22 2017 00:00:00 GMT+0530 (India Standard Time)",28.5206232619318
"Tue Dec 26 2017 00:00:00 GMT+0530 (India Standard Time)",28.3477216003652
"Wed Dec 27 2017 00:00:00 GMT+0530 (India Standard Time)",27.6907414860534
"Thu Dec 28 2017 00:00:00 GMT+0530 (India Standard Time)",27.4378313799068
"Fri Dec 29 2017 00:00:00 GMT+0530 (India Standard Time)",26.2672719956277
"Mon Jan 01 2018 00:00:00 GMT+0530 (India Standard Time)",26.5517525673686
"Tue Jan 02 2018 00:00:00 GMT+0530 (India Standard Time)",26.1194845268422
"Wed Jan 03 2018 00:00:00 GMT+0530 (India Standard Time)",26.1859499177821
"Thu Jan 04 2018 00:00:00 GMT+0530 (India Standard Time)",25.2333820665119
"Fri Jan 05 2018 00:00:00 GMT+0530 (India Standard Time)",24.3238547760468
"Mon Jan 08 2018 00:00:00 GMT+0530 (India Standard Time)",23.5114365777577
"Tue Jan 09 2018 00:00:00 GMT+0530 (India Standard Time)",22.8927625364893
"Wed Jan 10 2018 00:00:00 GMT+0530 (India Standard Time)",22.0147080695972
"Thu Jan 11 2018 00:00:00 GMT+0530 (India Standard Time)",21.8529432074832
"Fri Jan 12 2018 00:00:00 GMT+0530 (India Standard Time)",21.5884472640915
"Mon Jan 15 2018 00:00:00 GMT+0530 (India Standard Time)",23.2285581737993
"Tue Jan 16 2018 00:00:00 GMT+0530 (India Standard Time)",23.3372325899565
"Wed Jan 17 2018 00:00:00 GMT+0530 (India Standard Time)",22.7810016906739
"Thu Jan 18 2018 00:00:00 GMT+0530 (India Standard Time)",25.6895015699114
"Fri Jan 19 2018 00:00:00 GMT+0530 (India Standard Time)",26.7581086006321
"Mon Jan 22 2018 00:00:00 GMT+0530 (India Standard Time)",27.4039579863012
"Tue Jan 23 2018 00:00:00 GMT+0530 (India Standard Time)",27.1179609872797
"Wed Jan 24 2018 00:00:00 GMT+0530 (India Standard Time)",26.4952494881883
"Thu Jan 25 2018 00:00:00 GMT+0530 (India Standard Time)",26.7098745247463
"Mon Jan 29 2018 00:00:00 GMT+0530 (India Standard Time)",27.0877406301215
"Tue Jan 30 2018 00:00:00 GMT+0530 (India Standard Time)",26.4207591565414
"Wed Jan 31 2018 00:00:00 GMT+0530 (India Standard Time)",26.4264192167885
"Thu Feb 01 2018 00:00:00 GMT+0530 (India Standard Time)",26.6602464155893
"Fri Feb 02 2018 00:00:00 GMT+0530 (India Standard Time)",28.3023716716186
"Mon Feb 05 2018 00:00:00 GMT+0530 (India Standard Time)",29.2914879807887
"Tue Feb 06 2018 00:00:00 GMT+0530 (India Standard Time)",32.7385245535895
"Wed Feb 07 2018 00:00:00 GMT+0530 (India Standard Time)",33.5857727997617
"Thu Feb 08 2018 00:00:00 GMT+0530 (India Standard Time)",33.4796461712073
"Fri Feb 09 2018 00:00:00 GMT+0530 (India Standard Time)",33.7203857304068
"Mon Feb 12 2018 00:00:00 GMT+0530 (India Standard Time)",33.9189296068063
"Wed Feb 14 2018 00:00:00 GMT+0530 (India Standard Time)",33.1568632063201
"Thu Feb 15 2018 00:00:00 GMT+0530 (India Standard Time)",32.1992301201544
"Fri Feb 16 2018 00:00:00 GMT+0530 (India Standard Time)",31.2707136830005
"Mon Feb 19 2018 00:00:00 GMT+0530 (India Standard Time)",31.0763769913576
"Tue Feb 20 2018 00:00:00 GMT+0530 (India Standard Time)",30.7887786348321
"Wed Feb 21 2018 00:00:00 GMT+0530 (India Standard Time)",29.7574373037726
"Thu Feb 22 2018 00:00:00 GMT+0530 (India Standard Time)",28.949763210646
"Fri Feb 23 2018 00:00:00 GMT+0530 (India Standard Time)",29.3426372670284
"Mon Feb 26 2018 00:00:00 GMT+0530 (India Standard Time)",29.6931631765264
"Tue Feb 27 2018 00:00:00 GMT+0530 (India Standard Time)",29.1257943782031
"Wed Feb 28 2018 00:00:00 GMT+0530 (India Standard Time)",28.7989519226171
"Thu Mar 01 2018 00:00:00 GMT+0530 (India Standard Time)",28.5490267852873
"Mon Mar 05 2018 00:00:00 GMT+0530 (India Standard Time)",27.9205248720525
"Tue Mar 06 2018 00:00:00 GMT+0530 (India Standard Time)",28.8119159526202
"Wed Mar 07 2018 00:00:00 GMT+0530 (India Standard Time)",28.5324933845759
"Thu Mar 08 2018 00:00:00 GMT+0530 (India Standard Time)",28.3873152856776
"Fri Mar 09 2018 00:00:00 GMT+0530 (India Standard Time)",27.8775070509864
"Mon Mar 12 2018 00:00:00 GMT+0530 (India Standard Time)",27.2005422616302
"Tue Mar 13 2018 00:00:00 GMT+0530 (India Standard Time)",27.3826463857995
"Wed Mar 14 2018 00:00:00 GMT+0530 (India Standard Time)",26.8481716439567
"Thu Mar 15 2018 00:00:00 GMT+0530 (India Standard Time)",26.5733022408169
"Fri Mar 16 2018 00:00:00 GMT+0530 (India Standard Time)",27.1430663664728
"Mon Mar 19 2018 00:00:00 GMT+0530 (India Standard Time)",26.4078473402962
"Tue Mar 20 2018 00:00:00 GMT+0530 (India Standard Time)",25.996572530275
"Wed Mar 21 2018 00:00:00 GMT+0530 (India Standard Time)",25.8325316352554
"Thu Mar 22 2018 00:00:00 GMT+0530 (India Standard Time)",25.7659222327372
"Fri Mar 23 2018 00:00:00 GMT+0530 (India Standard Time)",26.1040706446845
"Mon Mar 26 2018 00:00:00 GMT+0530 (India Standard Time)",28.9894941700642
"Tue Mar 27 2018 00:00:00 GMT+0530 (India Standard Time)",28.5616731579167
"Wed Mar 28 2018 00:00:00 GMT+0530 (India Standard Time)",28.2108393609227
"Mon Apr 02 2018 00:00:00 GMT+0530 (India Standard Time)",29.7422079779997
"Tue Apr 03 2018 00:00:00 GMT+0530 (India Standard Time)",29.0606216938568
"Wed Apr 04 2018 00:00:00 GMT+0530 (India Standard Time)",30.306291572867
"Thu Apr 05 2018 00:00:00 GMT+0530 (India Standard Time)",30.337985031948
"Fri Apr 06 2018 00:00:00 GMT+0530 (India Standard Time)",29.6459861010946
"Mon Apr 09 2018 00:00:00 GMT+0530 (India Standard Time)",29.3569870938735
"Tue Apr 10 2018 00:00:00 GMT+0530 (India Standard Time)",29.367202301454
"Wed Apr 11 2018 00:00:00 GMT+0530 (India Standard Time)",28.3731164227787
"Thu Apr 12 2018 00:00:00 GMT+0530 (India Standard Time)",28.2750366782945
"Fri Apr 13 2018 00:00:00 GMT+0530 (India Standard Time)",27.7482483441306
"Mon Apr 16 2018 00:00:00 GMT+0530 (India Standard Time)",27.9198020338356
"Tue Apr 17 2018 00:00:00 GMT+0530 (India Standard Time)",27.132673317133
"Wed Apr 18 2018 00:00:00 GMT+0530 (India Standard Time)",26.8696252230521
"Thu Apr 19 2018 00:00:00 GMT+0530 (India Standard Time)",25.821794849977
"Fri Apr 20 2018 00:00:00 GMT+0530 (India Standard Time)",26.0380952178357
"Mon Apr 23 2018 00:00:00 GMT+0530 (India Standard Time)",32.656802702276
"Tue Apr 24 2018 00:00:00 GMT+0530 (India Standard Time)",31.8991739378278
"Wed Apr 25 2018 00:00:00 GMT+0530 (India Standard Time)",31.4778043708401
"Thu Apr 26 2018 00:00:00 GMT+0530 (India Standard Time)",31.2258183443515
"Fri Apr 27 2018 00:00:00 GMT+0530 (India Standard Time)",30.6382598911835
"Mon Apr 30 2018 00:00:00 GMT+0530 (India Standard Time)",30.6926698989561
"Wed May 02 2018 00:00:00 GMT+0530 (India Standard Time)",30.9074791918878
"Thu May 03 2018 00:00:00 GMT+0530 (India Standard Time)",30.7640878210387
"Fri May 04 2018 00:00:00 GMT+0530 (India Standard Time)",30.2595101195359
"Mon May 07 2018 00:00:00 GMT+0530 (India Standard Time)",29.0624022538548
"Tue May 08 2018 00:00:00 GMT+0530 (India Standard Time)",28.7936592357223
"Wed May 09 2018 00:00:00 GMT+0530 (India Standard Time)",28.4762550045993
"Thu May 10 2018 00:00:00 GMT+0530 (India Standard Time)",27.9136653614136
"Fri May 11 2018 00:00:00 GMT+0530 (India Standard Time)",28.1341178355984
"Mon May 14 2018 00:00:00 GMT+0530 (India Standard Time)",27.2423951330556
"Tue May 15 2018 00:00:00 GMT+0530 (India Standard Time)",28.3857954806945
"Wed May 16 2018 00:00:00 GMT+0530 (India Standard Time)",28.6332386606449
"Thu May 17 2018 00:00:00 GMT+0530 (India Standard Time)",28.8701501848846
"Fri May 18 2018 00:00:00 GMT+0530 (India Standard Time)",28.5401394573928
"Mon May 21 2018 00:00:00 GMT+0530 (India Standard Time)",28.9979866390076
"Tue May 22 2018 00:00:00 GMT+0530 (India Standard Time)",28.9588447362213
"Wed May 23 2018 00:00:00 GMT+0530 (India Standard Time)",29.0760701122055
"Thu May 24 2018 00:00:00 GMT+0530 (India Standard Time)",29.4206365327623
"Fri May 25 2018 00:00:00 GMT+0530 (India Standard Time)",29.462019637565
"Mon May 28 2018 00:00:00 GMT+0530 (India Standard Time)",30.6433039491675
"Tue May 29 2018 00:00:00 GMT+0530 (India Standard Time)",30.1616393813698
"Wed May 30 2018 00:00:00 GMT+0530 (India Standard Time)",30.6286651398434
"Thu May 31 2018 00:00:00 GMT+0530 (India Standard Time)",36.4159033441403
"Fri Jun 01 2018 00:00:00 GMT+0530 (India Standard Time)",36.561195962416
"Mon Jun 04 2018 00:00:00 GMT+0530 (India Standard Time)",42.453253393672
"Tue Jun 05 2018 00:00:00 GMT+0530 (India Standard Time)",42.5601638655525
"Wed Jun 06 2018 00:00:00 GMT+0530 (India Standard Time)",40.9344378751559
"Thu Jun 07 2018 00:00:00 GMT+0530 (India Standard Time)",39.910549455502
"Fri Jun 08 2018 00:00:00 GMT+0530 (India Standard Time)",39.0026530658232
"Mon Jun 11 2018 00:00:00 GMT+0530 (India Standard Time)",37.9417492754073
"Tue Jun 12 2018 00:00:00 GMT+0530 (India Standard Time)",36.2530528985925
"Wed Jun 13 2018 00:00:00 GMT+0530 (India Standard Time)",35.8564062629787
"Thu Jun 14 2018 00:00:00 GMT+0530 (India Standard Time)",34.7238058156231
"Fri Jun 15 2018 00:00:00 GMT+0530 (India Standard Time)",33.4292482573643
"Mon Jun 18 2018 00:00:00 GMT+0530 (India Standard Time)",33.1628733818383
"Tue Jun 19 2018 00:00:00 GMT+0530 (India Standard Time)",32.3333824259927
"Wed Jun 20 2018 00:00:00 GMT+0530 (India Standard Time)",32.4881408241361
"Thu Jun 21 2018 00:00:00 GMT+0530 (India Standard Time)",31.8639879081264
"Fri Jun 22 2018 00:00:00 GMT+0530 (India Standard Time)",32.3701316289745
"Mon Jun 25 2018 00:00:00 GMT+0530 (India Standard Time)",31.8258365126192
"Tue Jun 26 2018 00:00:00 GMT+0530 (India Standard Time)",31.206133904575
"Wed Jun 27 2018 00:00:00 GMT+0530 (India Standard Time)",31.0842671971053
"Thu Jun 28 2018 00:00:00 GMT+0530 (India Standard Time)",30.921105254455
"Fri Jun 29 2018 00:00:00 GMT+0530 (India Standard Time)",31.2053120219939
"Mon Jul 02 2018 00:00:00 GMT+0530 (India Standard Time)",32.2049325918515
"Tue Jul 03 2018 00:00:00 GMT+0530 (India Standard Time)",31.2902945495764
"Wed Jul 04 2018 00:00:00 GMT+0530 (India Standard Time)",31.8445592246066
"Thu Jul 05 2018 00:00:00 GMT+0530 (India Standard Time)",32.1735192799919
"Fri Jul 06 2018 00:00:00 GMT+0530 (India Standard Time)",31.6039821885639
