"date","value"
"Wed Jul 26 2017 00:00:00 GMT+0530 (India Standard Time)",11.4107142857143
"Thu Jul 27 2017 00:00:00 GMT+0530 (India Standard Time)",11.6242346938776
"Fri Jul 28 2017 00:00:00 GMT+0530 (India Standard Time)",11.8225036443149
"Mon Jul 31 2017 00:00:00 GMT+0530 (India Standard Time)",11.8458962411495
"Tue Aug 01 2017 00:00:00 GMT+0530 (India Standard Time)",11.5283322239246
"Wed Aug 02 2017 00:00:00 GMT+0530 (India Standard Time)",11.4834513507871
"Thu Aug 03 2017 00:00:00 GMT+0530 (India Standard Time)",12.1774905400166
"Fri Aug 04 2017 00:00:00 GMT+0530 (India Standard Time)",13.3540983585868
"Mon Aug 07 2017 00:00:00 GMT+0530 (India Standard Time)",13.6930913329735
"Tue Aug 08 2017 00:00:00 GMT+0530 (India Standard Time)",14.0864419520468
"Wed Aug 09 2017 00:00:00 GMT+0530 (India Standard Time)",14.7766960983292
"Thu Aug 10 2017 00:00:00 GMT+0530 (India Standard Time)",15.7462178055914
"Fri Aug 11 2017 00:00:00 GMT+0530 (India Standard Time)",17.3536308194777
"Mon Aug 14 2017 00:00:00 GMT+0530 (India Standard Time)",18.5855143323722
"Wed Aug 16 2017 00:00:00 GMT+0530 (India Standard Time)",19.5901204514884
"Thu Aug 17 2017 00:00:00 GMT+0530 (India Standard Time)",19.9122547049536
"Fri Aug 18 2017 00:00:00 GMT+0530 (India Standard Time)",19.6042365117426
"Mon Aug 21 2017 00:00:00 GMT+0530 (India Standard Time)",19.2646481894753
"Tue Aug 22 2017 00:00:00 GMT+0530 (India Standard Time)",18.5778876045127
"Wed Aug 23 2017 00:00:00 GMT+0530 (India Standard Time)",17.8473242041904
"Thu Aug 24 2017 00:00:00 GMT+0530 (India Standard Time)",17.8903724753197
"Mon Aug 28 2017 00:00:00 GMT+0530 (India Standard Time)",17.3589172985111
"Tue Aug 29 2017 00:00:00 GMT+0530 (India Standard Time)",16.804708920046
"Wed Aug 30 2017 00:00:00 GMT+0530 (India Standard Time)",16.3543725686142
"Thu Aug 31 2017 00:00:00 GMT+0530 (India Standard Time)",16.3290602422846
"Fri Sep 01 2017 00:00:00 GMT+0530 (India Standard Time)",16.0376987964071
"Mon Sep 04 2017 00:00:00 GMT+0530 (India Standard Time)",16.2814345966638
"Tue Sep 05 2017 00:00:00 GMT+0530 (India Standard Time)",15.7577606969021
"Wed Sep 06 2017 00:00:00 GMT+0530 (India Standard Time)",15.1143492185519
"Thu Sep 07 2017 00:00:00 GMT+0530 (India Standard Time)",14.7276099886554
"Fri Sep 08 2017 00:00:00 GMT+0530 (India Standard Time)",14.3077807037514
"Mon Sep 11 2017 00:00:00 GMT+0530 (India Standard Time)",13.867939224912
"Tue Sep 12 2017 00:00:00 GMT+0530 (India Standard Time)",14.266657851704
"Wed Sep 13 2017 00:00:00 GMT+0530 (India Standard Time)",13.9297537194394
"Thu Sep 14 2017 00:00:00 GMT+0530 (India Standard Time)",13.8561998823366
"Fri Sep 15 2017 00:00:00 GMT+0530 (India Standard Time)",13.5378998907412
"Mon Sep 18 2017 00:00:00 GMT+0530 (India Standard Time)",13.3923356128311
"Tue Sep 19 2017 00:00:00 GMT+0530 (India Standard Time)",13.1500259262003
"Wed Sep 20 2017 00:00:00 GMT+0530 (India Standard Time)",12.8250240743288
"Thu Sep 21 2017 00:00:00 GMT+0530 (India Standard Time)",13.6446652118768
"Fri Sep 22 2017 00:00:00 GMT+0530 (India Standard Time)",13.9236176967427
"Mon Sep 25 2017 00:00:00 GMT+0530 (India Standard Time)",15.0755021469754
"Tue Sep 26 2017 00:00:00 GMT+0530 (India Standard Time)",14.8558234221914
"Wed Sep 27 2017 00:00:00 GMT+0530 (India Standard Time)",15.0589788920349
"Thu Sep 28 2017 00:00:00 GMT+0530 (India Standard Time)",15.7583375426038
"Fri Sep 29 2017 00:00:00 GMT+0530 (India Standard Time)",15.6505991467036
"Tue Oct 03 2017 00:00:00 GMT+0530 (India Standard Time)",15.7648420647962
"Wed Oct 04 2017 00:00:00 GMT+0530 (India Standard Time)",15.2459247744536
"Thu Oct 05 2017 00:00:00 GMT+0530 (India Standard Time)",14.9390730048497
"Fri Oct 06 2017 00:00:00 GMT+0530 (India Standard Time)",14.3255677902176
"Mon Oct 09 2017 00:00:00 GMT+0530 (India Standard Time)",14.5165986623449
"Tue Oct 10 2017 00:00:00 GMT+0530 (India Standard Time)",14.0439844721775
"Wed Oct 11 2017 00:00:00 GMT+0530 (India Standard Time)",14.0729855813076
"Thu Oct 12 2017 00:00:00 GMT+0530 (India Standard Time)",13.9999151826428
"Fri Oct 13 2017 00:00:00 GMT+0530 (India Standard Time)",13.7106355267398
"Mon Oct 16 2017 00:00:00 GMT+0530 (India Standard Time)",13.8777329891155
"Tue Oct 17 2017 00:00:00 GMT+0530 (India Standard Time)",15.3078949184644
"Wed Oct 18 2017 00:00:00 GMT+0530 (India Standard Time)",15.8644738528598
"Thu Oct 19 2017 00:00:00 GMT+0530 (India Standard Time)",15.5812971490841
"Mon Oct 23 2017 00:00:00 GMT+0530 (India Standard Time)",16.6076330670067
"Tue Oct 24 2017 00:00:00 GMT+0530 (India Standard Time)",16.0892307050776
"Wed Oct 25 2017 00:00:00 GMT+0530 (India Standard Time)",15.9757142261435
"Thu Oct 26 2017 00:00:00 GMT+0530 (India Standard Time)",16.5667346385618
"Fri Oct 27 2017 00:00:00 GMT+0530 (India Standard Time)",16.690539307236
"Mon Oct 30 2017 00:00:00 GMT+0530 (India Standard Time)",16.6019293567191
"Tue Oct 31 2017 00:00:00 GMT+0530 (India Standard Time)",16.3660772598106
"Wed Nov 01 2017 00:00:00 GMT+0530 (India Standard Time)",16.0685003126813
"Thu Nov 02 2017 00:00:00 GMT+0530 (India Standard Time)",16.1814645760612
"Fri Nov 03 2017 00:00:00 GMT+0530 (India Standard Time)",16.3542171063425
"Mon Nov 06 2017 00:00:00 GMT+0530 (India Standard Time)",16.9074873130324
"Tue Nov 07 2017 00:00:00 GMT+0530 (India Standard Time)",20.08552393353
"Wed Nov 08 2017 00:00:00 GMT+0530 (India Standard Time)",20.8115579382779
"Thu Nov 09 2017 00:00:00 GMT+0530 (India Standard Time)",20.4964466569723
"Fri Nov 10 2017 00:00:00 GMT+0530 (India Standard Time)",20.3074147529029
"Mon Nov 13 2017 00:00:00 GMT+0530 (India Standard Time)",19.9711708419812
"Tue Nov 14 2017 00:00:00 GMT+0530 (India Standard Time)",19.6375157818397
"Wed Nov 15 2017 00:00:00 GMT+0530 (India Standard Time)",19.502693225994
"Thu Nov 16 2017 00:00:00 GMT+0530 (India Standard Time)",18.7846437098516
"Fri Nov 17 2017 00:00:00 GMT+0530 (India Standard Time)",19.0178834448622
"Mon Nov 20 2017 00:00:00 GMT+0530 (India Standard Time)",18.5487489130863
"Tue Nov 21 2017 00:00:00 GMT+0530 (India Standard Time)",18.6345525621516
"Wed Nov 22 2017 00:00:00 GMT+0530 (India Standard Time)",18.1392273791408
"Thu Nov 23 2017 00:00:00 GMT+0530 (India Standard Time)",17.5721397092021
"Fri Nov 24 2017 00:00:00 GMT+0530 (India Standard Time)",17.0777011585448
"Mon Nov 27 2017 00:00:00 GMT+0530 (India Standard Time)",16.4900082186488
"Tue Nov 28 2017 00:00:00 GMT+0530 (India Standard Time)",16.1621504887453
"Wed Nov 29 2017 00:00:00 GMT+0530 (India Standard Time)",16.0184254538349
"Thu Nov 30 2017 00:00:00 GMT+0530 (India Standard Time)",15.6492522071324
"Fri Dec 01 2017 00:00:00 GMT+0530 (India Standard Time)",15.410019906623
"Mon Dec 04 2017 00:00:00 GMT+0530 (India Standard Time)",15.309304199007
"Tue Dec 05 2017 00:00:00 GMT+0530 (India Standard Time)",14.794353899078
"Wed Dec 06 2017 00:00:00 GMT+0530 (India Standard Time)",14.4019000491438
"Thu Dec 07 2017 00:00:00 GMT+0530 (India Standard Time)",14.2089071884907
"Fri Dec 08 2017 00:00:00 GMT+0530 (India Standard Time)",14.2332709607414
"Mon Dec 11 2017 00:00:00 GMT+0530 (India Standard Time)",14.3416087492598
"Tue Dec 12 2017 00:00:00 GMT+0530 (India Standard Time)",14.4600652671698
"Wed Dec 13 2017 00:00:00 GMT+0530 (India Standard Time)",14.9843463195149
"Thu Dec 14 2017 00:00:00 GMT+0530 (India Standard Time)",15.2426072966924
"Fri Dec 15 2017 00:00:00 GMT+0530 (India Standard Time)",15.8538496326429
"Mon Dec 18 2017 00:00:00 GMT+0530 (India Standard Time)",16.3821460874541
"Tue Dec 19 2017 00:00:00 GMT+0530 (India Standard Time)",16.2155642240646
"Wed Dec 20 2017 00:00:00 GMT+0530 (India Standard Time)",16.0037382080599
"Thu Dec 21 2017 00:00:00 GMT+0530 (India Standard Time)",15.7677569074842
"Fri Dec 22 2017 00:00:00 GMT+0530 (India Standard Time)",15.0093456998068
"Tue Dec 26 2017 00:00:00 GMT+0530 (India Standard Time)",15.2801067212492
"Wed Dec 27 2017 00:00:00 GMT+0530 (India Standard Time)",15.1565276697314
"Thu Dec 28 2017 00:00:00 GMT+0530 (India Standard Time)",14.9989185504648
"Fri Dec 29 2017 00:00:00 GMT+0530 (India Standard Time)",14.4847100825745
"Mon Jan 01 2018 00:00:00 GMT+0530 (India Standard Time)",14.2250879338192
"Tue Jan 02 2018 00:00:00 GMT+0530 (India Standard Time)",14.1732959385464
"Wed Jan 03 2018 00:00:00 GMT+0530 (India Standard Time)",13.8287748000788
"Thu Jan 04 2018 00:00:00 GMT+0530 (India Standard Time)",13.9088623143588
"Fri Jan 05 2018 00:00:00 GMT+0530 (India Standard Time)",13.5403721490475
"Mon Jan 08 2018 00:00:00 GMT+0530 (India Standard Time)",13.666059852687
"Tue Jan 09 2018 00:00:00 GMT+0530 (India Standard Time)",13.2613412917808
"Wed Jan 10 2018 00:00:00 GMT+0530 (India Standard Time)",13.121245485225
"Thu Jan 11 2018 00:00:00 GMT+0530 (India Standard Time)",12.944727950566
"Fri Jan 12 2018 00:00:00 GMT+0530 (India Standard Time)",13.1129616683828
"Mon Jan 15 2018 00:00:00 GMT+0530 (India Standard Time)",12.6977501206411
"Tue Jan 16 2018 00:00:00 GMT+0530 (India Standard Time)",12.826482254881
"Wed Jan 17 2018 00:00:00 GMT+0530 (India Standard Time)",12.8781620938181
"Thu Jan 18 2018 00:00:00 GMT+0530 (India Standard Time)",13.0082933728311
"Fri Jan 19 2018 00:00:00 GMT+0530 (India Standard Time)",12.4327009890575
"Mon Jan 22 2018 00:00:00 GMT+0530 (India Standard Time)",12.3946509184105
"Tue Jan 23 2018 00:00:00 GMT+0530 (India Standard Time)",13.2736044242383
"Wed Jan 24 2018 00:00:00 GMT+0530 (India Standard Time)",13.100489822507
"Thu Jan 25 2018 00:00:00 GMT+0530 (India Standard Time)",13.4004548351851
"Mon Jan 29 2018 00:00:00 GMT+0530 (India Standard Time)",13.678993775529
"Tue Jan 30 2018 00:00:00 GMT+0530 (India Standard Time)",13.5447799344198
"Wed Jan 31 2018 00:00:00 GMT+0530 (India Standard Time)",13.8987242248184
"Thu Feb 01 2018 00:00:00 GMT+0530 (India Standard Time)",14.1059582087599
"Fri Feb 02 2018 00:00:00 GMT+0530 (India Standard Time)",14.4412469081342
"Mon Feb 05 2018 00:00:00 GMT+0530 (India Standard Time)",14.1883007004103
"Tue Feb 06 2018 00:00:00 GMT+0530 (India Standard Time)",14.749850650381
"Wed Feb 07 2018 00:00:00 GMT+0530 (India Standard Time)",15.5320041753538
"Thu Feb 08 2018 00:00:00 GMT+0530 (India Standard Time)",17.8440038771143
"Fri Feb 09 2018 00:00:00 GMT+0530 (India Standard Time)",18.7837178858918
"Mon Feb 12 2018 00:00:00 GMT+0530 (India Standard Time)",18.5955951797567
"Wed Feb 14 2018 00:00:00 GMT+0530 (India Standard Time)",18.6101955240598
"Thu Feb 15 2018 00:00:00 GMT+0530 (India Standard Time)",18.6023244151984
"Fri Feb 16 2018 00:00:00 GMT+0530 (India Standard Time)",17.8771583855413
"Mon Feb 19 2018 00:00:00 GMT+0530 (India Standard Time)",17.8716470722884
"Tue Feb 20 2018 00:00:00 GMT+0530 (India Standard Time)",17.6022437099821
"Wed Feb 21 2018 00:00:00 GMT+0530 (India Standard Time)",17.6663691592691
"Thu Feb 22 2018 00:00:00 GMT+0530 (India Standard Time)",17.165199933607
"Fri Feb 23 2018 00:00:00 GMT+0530 (India Standard Time)",17.0355427954922
"Mon Feb 26 2018 00:00:00 GMT+0530 (India Standard Time)",16.5008611672428
"Tue Feb 27 2018 00:00:00 GMT+0530 (India Standard Time)",16.4507996552968
"Wed Feb 28 2018 00:00:00 GMT+0530 (India Standard Time)",15.9971711084899
"Thu Mar 01 2018 00:00:00 GMT+0530 (India Standard Time)",15.8188017435978
"Mon Mar 05 2018 00:00:00 GMT+0530 (India Standard Time)",15.1853159047694
"Tue Mar 06 2018 00:00:00 GMT+0530 (India Standard Time)",14.8256504830001
"Wed Mar 07 2018 00:00:00 GMT+0530 (India Standard Time)",14.5452468770716
"Thu Mar 08 2018 00:00:00 GMT+0530 (India Standard Time)",14.2205863858522
"Fri Mar 09 2018 00:00:00 GMT+0530 (India Standard Time)",14.4298302154341
"Mon Mar 12 2018 00:00:00 GMT+0530 (India Standard Time)",14.7312709143317
"Tue Mar 13 2018 00:00:00 GMT+0530 (India Standard Time)",14.2326087061652
"Wed Mar 14 2018 00:00:00 GMT+0530 (India Standard Time)",14.0838509414391
"Thu Mar 15 2018 00:00:00 GMT+0530 (India Standard Time)",13.835004445622
"Fri Mar 16 2018 00:00:00 GMT+0530 (India Standard Time)",14.0575041280776
"Mon Mar 19 2018 00:00:00 GMT+0530 (India Standard Time)",13.8748252617863
"Tue Mar 20 2018 00:00:00 GMT+0530 (India Standard Time)",15.6659091716587
"Wed Mar 21 2018 00:00:00 GMT+0530 (India Standard Time)",16.0504870879688
"Thu Mar 22 2018 00:00:00 GMT+0530 (India Standard Time)",16.1075951531139
"Fri Mar 23 2018 00:00:00 GMT+0530 (India Standard Time)",15.4391954993201
"Mon Mar 26 2018 00:00:00 GMT+0530 (India Standard Time)",15.1685386779401
"Tue Mar 27 2018 00:00:00 GMT+0530 (India Standard Time)",14.6565002009443
"Wed Mar 28 2018 00:00:00 GMT+0530 (India Standard Time)",14.6667501865912
"Mon Apr 02 2018 00:00:00 GMT+0530 (India Standard Time)",16.0119823161204
"Tue Apr 03 2018 00:00:00 GMT+0530 (India Standard Time)",15.5504121506832
"Wed Apr 04 2018 00:00:00 GMT+0530 (India Standard Time)",15.2218112827773
"Thu Apr 05 2018 00:00:00 GMT+0530 (India Standard Time)",15.5773961911503
"Fri Apr 06 2018 00:00:00 GMT+0530 (India Standard Time)",15.4468678917824
"Mon Apr 09 2018 00:00:00 GMT+0530 (India Standard Time)",15.0863773280837
"Tue Apr 10 2018 00:00:00 GMT+0530 (India Standard Time)",14.7516360903634
"Wed Apr 11 2018 00:00:00 GMT+0530 (India Standard Time)",14.1158049410517
"Thu Apr 12 2018 00:00:00 GMT+0530 (India Standard Time)",13.6896760166909
"Fri Apr 13 2018 00:00:00 GMT+0530 (India Standard Time)",13.3261277297844
"Mon Apr 16 2018 00:00:00 GMT+0530 (India Standard Time)",14.8564043205141
"Tue Apr 17 2018 00:00:00 GMT+0530 (India Standard Time)",14.698804011906
"Wed Apr 18 2018 00:00:00 GMT+0530 (India Standard Time)",14.8667465824841
"Thu Apr 19 2018 00:00:00 GMT+0530 (India Standard Time)",14.4441218265924
"Fri Apr 20 2018 00:00:00 GMT+0530 (India Standard Time)",14.2623988389786
"Mon Apr 23 2018 00:00:00 GMT+0530 (India Standard Time)",15.0829417790516
"Tue Apr 24 2018 00:00:00 GMT+0530 (India Standard Time)",14.7055887948336
"Wed Apr 25 2018 00:00:00 GMT+0530 (India Standard Time)",14.7766181666312
"Thu Apr 26 2018 00:00:00 GMT+0530 (India Standard Time)",14.6032882975861
"Fri Apr 27 2018 00:00:00 GMT+0530 (India Standard Time)",14.56019627633
"Mon Apr 30 2018 00:00:00 GMT+0530 (India Standard Time)",14.1737536851635
"Wed May 02 2018 00:00:00 GMT+0530 (India Standard Time)",14.1970569933661
"Thu May 03 2018 00:00:00 GMT+0530 (India Standard Time)",14.33298149384
"Fri May 04 2018 00:00:00 GMT+0530 (India Standard Time)",14.5199113871371
"Mon May 07 2018 00:00:00 GMT+0530 (India Standard Time)",14.5613462880559
"Tue May 08 2018 00:00:00 GMT+0530 (India Standard Time)",14.6212501246234
"Wed May 09 2018 00:00:00 GMT+0530 (India Standard Time)",14.3233036871503
"Thu May 10 2018 00:00:00 GMT+0530 (India Standard Time)",14.878781995211
"Fri May 11 2018 00:00:00 GMT+0530 (India Standard Time)",14.933868995553
"Mon May 14 2018 00:00:00 GMT+0530 (India Standard Time)",14.556449781585
"Tue May 15 2018 00:00:00 GMT+0530 (India Standard Time)",14.9381319400432
"Wed May 16 2018 00:00:00 GMT+0530 (India Standard Time)",15.9996939443258
"Thu May 17 2018 00:00:00 GMT+0530 (India Standard Time)",16.371144376874
"Fri May 18 2018 00:00:00 GMT+0530 (India Standard Time)",17.0589197785258
"Mon May 21 2018 00:00:00 GMT+0530 (India Standard Time)",17.3261397943454
"Tue May 22 2018 00:00:00 GMT+0530 (India Standard Time)",17.7957012376064
"Wed May 23 2018 00:00:00 GMT+0530 (India Standard Time)",20.0888654349203
"Thu May 24 2018 00:00:00 GMT+0530 (India Standard Time)",19.6932321895688
"Fri May 25 2018 00:00:00 GMT+0530 (India Standard Time)",19.097287033171
"Mon May 28 2018 00:00:00 GMT+0530 (India Standard Time)",18.7546236736588
"Tue May 29 2018 00:00:00 GMT+0530 (India Standard Time)",18.4792934112546
"Wed May 30 2018 00:00:00 GMT+0530 (India Standard Time)",17.948629596165
"Thu May 31 2018 00:00:00 GMT+0530 (India Standard Time)",17.5665846250104
"Fri Jun 01 2018 00:00:00 GMT+0530 (India Standard Time)",17.0046857232239
"Mon Jun 04 2018 00:00:00 GMT+0530 (India Standard Time)",16.6364938858508
"Tue Jun 05 2018 00:00:00 GMT+0530 (India Standard Time)",17.3803157511472
"Wed Jun 06 2018 00:00:00 GMT+0530 (India Standard Time)",17.1817217689224
"Thu Jun 07 2018 00:00:00 GMT+0530 (India Standard Time)",16.3365987854279
"Fri Jun 08 2018 00:00:00 GMT+0530 (India Standard Time)",16.8304131578973
"Mon Jun 11 2018 00:00:00 GMT+0530 (India Standard Time)",16.4139550751904
"Tue Jun 12 2018 00:00:00 GMT+0530 (India Standard Time)",16.1129582841054
"Wed Jun 13 2018 00:00:00 GMT+0530 (India Standard Time)",16.8477469780978
"Thu Jun 14 2018 00:00:00 GMT+0530 (India Standard Time)",16.4157650510908
"Fri Jun 15 2018 00:00:00 GMT+0530 (India Standard Time)",17.1360675474415
"Mon Jun 18 2018 00:00:00 GMT+0530 (India Standard Time)",17.2334912940528
"Tue Jun 19 2018 00:00:00 GMT+0530 (India Standard Time)",16.8775276301919
"Wed Jun 20 2018 00:00:00 GMT+0530 (India Standard Time)",17.271989942321
"Thu Jun 21 2018 00:00:00 GMT+0530 (India Standard Time)",16.5882763750124
"Fri Jun 22 2018 00:00:00 GMT+0530 (India Standard Time)",17.0319709196544
"Mon Jun 25 2018 00:00:00 GMT+0530 (India Standard Time)",16.8546872825362
"Tue Jun 26 2018 00:00:00 GMT+0530 (India Standard Time)",16.6614953337836
"Wed Jun 27 2018 00:00:00 GMT+0530 (India Standard Time)",16.4678170956562
"Thu Jun 28 2018 00:00:00 GMT+0530 (India Standard Time)",16.2844015888236
"Fri Jun 29 2018 00:00:00 GMT+0530 (India Standard Time)",16.5498014753362
"Mon Jul 02 2018 00:00:00 GMT+0530 (India Standard Time)",16.0105299413836
"Tue Jul 03 2018 00:00:00 GMT+0530 (India Standard Time)",17.481206374142
"Wed Jul 04 2018 00:00:00 GMT+0530 (India Standard Time)",17.9611202045604
"Thu Jul 05 2018 00:00:00 GMT+0530 (India Standard Time)",17.6710401899489
