"date","value"
"Wed Jun 28 2017 00:00:00 GMT+0530 (India Standard Time)",3.575
"Thu Jun 29 2017 00:00:00 GMT+0530 (India Standard Time)",3.58392857142857
"Fri Jun 30 2017 00:00:00 GMT+0530 (India Standard Time)",3.50650510204081
"Mon Jul 03 2017 00:00:00 GMT+0530 (India Standard Time)",3.5131833090379
"Tue Jul 04 2017 00:00:00 GMT+0530 (India Standard Time)",3.45867021553519
"Wed Jul 05 2017 00:00:00 GMT+0530 (India Standard Time)",3.46876520013982
"Thu Jul 06 2017 00:00:00 GMT+0530 (India Standard Time)",3.45671054298698
"Fri Jul 07 2017 00:00:00 GMT+0530 (India Standard Time)",3.41694550420219
"Mon Jul 10 2017 00:00:00 GMT+0530 (India Standard Time)",3.43002082533061
"Tue Jul 11 2017 00:00:00 GMT+0530 (India Standard Time)",3.42787648066414
"Wed Jul 12 2017 00:00:00 GMT+0530 (India Standard Time)",3.58659958918813
"Thu Jul 13 2017 00:00:00 GMT+0530 (India Standard Time)",3.72327104710326
"Fri Jul 14 2017 00:00:00 GMT+0530 (India Standard Time)",3.62875168659588
"Mon Jul 17 2017 00:00:00 GMT+0530 (India Standard Time)",3.55169799469618
"Tue Jul 18 2017 00:00:00 GMT+0530 (India Standard Time)",3.48371956650359
"Wed Jul 19 2017 00:00:00 GMT+0530 (India Standard Time)",3.49916816889619
"Thu Jul 20 2017 00:00:00 GMT+0530 (India Standard Time)",3.65994187111789
"Fri Jul 21 2017 00:00:00 GMT+0530 (India Standard Time)",3.61280316603805
"Mon Jul 24 2017 00:00:00 GMT+0530 (India Standard Time)",3.59046008274961
"Tue Jul 25 2017 00:00:00 GMT+0530 (India Standard Time)",3.48042721969607
"Wed Jul 26 2017 00:00:00 GMT+0530 (India Standard Time)",3.32468241828921
"Thu Jul 27 2017 00:00:00 GMT+0530 (India Standard Time)",3.30149081698284
"Fri Jul 28 2017 00:00:00 GMT+0530 (India Standard Time)",3.4406700443412
"Mon Jul 31 2017 00:00:00 GMT+0530 (India Standard Time)",3.56990789831683
"Tue Aug 01 2017 00:00:00 GMT+0530 (India Standard Time)",3.56491447700849
"Wed Aug 02 2017 00:00:00 GMT+0530 (India Standard Time)",3.55313487150788
"Thu Aug 03 2017 00:00:00 GMT+0530 (India Standard Time)",3.55648238068589
"Fri Aug 04 2017 00:00:00 GMT+0530 (India Standard Time)",3.56673363920833
"Mon Aug 07 2017 00:00:00 GMT+0530 (India Standard Time)",3.45125266497916
"Tue Aug 08 2017 00:00:00 GMT+0530 (India Standard Time)",3.47616318890922
"Wed Aug 09 2017 00:00:00 GMT+0530 (India Standard Time)",3.49215153255856
"Thu Aug 10 2017 00:00:00 GMT+0530 (India Standard Time)",3.49628356594724
"Fri Aug 11 2017 00:00:00 GMT+0530 (India Standard Time)",3.617977596951
"Mon Aug 14 2017 00:00:00 GMT+0530 (India Standard Time)",3.54883634002593
"Wed Aug 16 2017 00:00:00 GMT+0530 (India Standard Time)",3.45606231573837
"Thu Aug 17 2017 00:00:00 GMT+0530 (India Standard Time)",3.3270578646142
"Fri Aug 18 2017 00:00:00 GMT+0530 (India Standard Time)",3.24298230285604
"Mon Aug 21 2017 00:00:00 GMT+0530 (India Standard Time)",3.59348356693775
"Tue Aug 22 2017 00:00:00 GMT+0530 (India Standard Time)",3.5689490264422
"Wed Aug 23 2017 00:00:00 GMT+0530 (India Standard Time)",3.4211669531249
"Thu Aug 24 2017 00:00:00 GMT+0530 (India Standard Time)",3.27322645647312
"Mon Aug 28 2017 00:00:00 GMT+0530 (India Standard Time)",3.17871028101076
"Tue Aug 29 2017 00:00:00 GMT+0530 (India Standard Time)",3.2088024037957
"Wed Aug 30 2017 00:00:00 GMT+0530 (India Standard Time)",3.11174508923887
"Thu Aug 31 2017 00:00:00 GMT+0530 (India Standard Time)",3.21804901143609
"Fri Sep 01 2017 00:00:00 GMT+0530 (India Standard Time)",3.23461693919065
"Mon Sep 04 2017 00:00:00 GMT+0530 (India Standard Time)",3.23214430067704
"Tue Sep 05 2017 00:00:00 GMT+0530 (India Standard Time)",3.16199113634296
"Wed Sep 06 2017 00:00:00 GMT+0530 (India Standard Time)",3.07184891231847
"Thu Sep 07 2017 00:00:00 GMT+0530 (India Standard Time)",2.96671684715286
"Fri Sep 08 2017 00:00:00 GMT+0530 (India Standard Time)",3.03695135807052
"Mon Sep 11 2017 00:00:00 GMT+0530 (India Standard Time)",3.02716911820834
"Tue Sep 12 2017 00:00:00 GMT+0530 (India Standard Time)",2.95379989547917
"Wed Sep 13 2017 00:00:00 GMT+0530 (India Standard Time)",2.88209990294495
"Thu Sep 14 2017 00:00:00 GMT+0530 (India Standard Time)",2.97980705273459
"Fri Sep 15 2017 00:00:00 GMT+0530 (India Standard Time)",3.39910654896783
"Mon Sep 18 2017 00:00:00 GMT+0530 (India Standard Time)",3.38131322404156
"Tue Sep 19 2017 00:00:00 GMT+0530 (India Standard Time)",3.33979085089573
"Wed Sep 20 2017 00:00:00 GMT+0530 (India Standard Time)",3.5583772186889
"Thu Sep 21 2017 00:00:00 GMT+0530 (India Standard Time)",3.62206456021112
"Fri Sep 22 2017 00:00:00 GMT+0530 (India Standard Time)",3.54905994876747
"Mon Sep 25 2017 00:00:00 GMT+0530 (India Standard Time)",3.59912709528408
"Tue Sep 26 2017 00:00:00 GMT+0530 (India Standard Time)",3.89204658847807
"Wed Sep 27 2017 00:00:00 GMT+0530 (India Standard Time)",3.85690040358678
"Thu Sep 28 2017 00:00:00 GMT+0530 (India Standard Time)",4.05283608904487
"Fri Sep 29 2017 00:00:00 GMT+0530 (India Standard Time)",4.07406208268452
"Tue Oct 03 2017 00:00:00 GMT+0530 (India Standard Time)",4.07234336249277
"Wed Oct 04 2017 00:00:00 GMT+0530 (India Standard Time)",3.97431883660043
"Thu Oct 05 2017 00:00:00 GMT+0530 (India Standard Time)",3.82615320541468
"Fri Oct 06 2017 00:00:00 GMT+0530 (India Standard Time)",3.80285654788506
"Mon Oct 09 2017 00:00:00 GMT+0530 (India Standard Time)",3.77765250875041
"Tue Oct 10 2017 00:00:00 GMT+0530 (India Standard Time)",3.72567732955396
"Wed Oct 11 2017 00:00:00 GMT+0530 (India Standard Time)",3.75598609172867
"Thu Oct 12 2017 00:00:00 GMT+0530 (India Standard Time)",3.69127279946234
"Fri Oct 13 2017 00:00:00 GMT+0530 (India Standard Time)",3.57403902807217
"Mon Oct 16 2017 00:00:00 GMT+0530 (India Standard Time)",3.55089338320987
"Tue Oct 17 2017 00:00:00 GMT+0530 (India Standard Time)",3.4436867129806
"Wed Oct 18 2017 00:00:00 GMT+0530 (India Standard Time)",3.51556623348198
"Thu Oct 19 2017 00:00:00 GMT+0530 (India Standard Time)",3.56445435966184
"Mon Oct 23 2017 00:00:00 GMT+0530 (India Standard Time)",3.51342190540028
"Tue Oct 24 2017 00:00:00 GMT+0530 (India Standard Time)",3.70532034072883
"Wed Oct 25 2017 00:00:00 GMT+0530 (India Standard Time)",3.63708317353391
"Thu Oct 26 2017 00:00:00 GMT+0530 (India Standard Time)",3.67014866113863
"Fri Oct 27 2017 00:00:00 GMT+0530 (India Standard Time)",3.95799518534302
"Mon Oct 30 2017 00:00:00 GMT+0530 (India Standard Time)",4.2002812435328
"Tue Oct 31 2017 00:00:00 GMT+0530 (India Standard Time)",4.42883258328046
"Wed Nov 01 2017 00:00:00 GMT+0530 (India Standard Time)",4.333915970189
"Thu Nov 02 2017 00:00:00 GMT+0530 (India Standard Time)",4.35649340088978
"Fri Nov 03 2017 00:00:00 GMT+0530 (India Standard Time)",4.50245815796908
"Mon Nov 06 2017 00:00:00 GMT+0530 (India Standard Time)",4.84871114668558
"Tue Nov 07 2017 00:00:00 GMT+0530 (India Standard Time)",5.40237463620804
"Wed Nov 08 2017 00:00:00 GMT+0530 (India Standard Time)",5.35220501933603
"Thu Nov 09 2017 00:00:00 GMT+0530 (India Standard Time)",5.62347608938346
"Fri Nov 10 2017 00:00:00 GMT+0530 (India Standard Time)",5.52894208299893
"Mon Nov 13 2017 00:00:00 GMT+0530 (India Standard Time)",5.67330336278472
"Tue Nov 14 2017 00:00:00 GMT+0530 (India Standard Time)",5.53592455115724
"Wed Nov 15 2017 00:00:00 GMT+0530 (India Standard Time)",5.58335851178886
"Thu Nov 16 2017 00:00:00 GMT+0530 (India Standard Time)",5.5809757609468
"Fri Nov 17 2017 00:00:00 GMT+0530 (India Standard Time)",5.63233463516489
"Mon Nov 20 2017 00:00:00 GMT+0530 (India Standard Time)",5.43359644693882
"Tue Nov 21 2017 00:00:00 GMT+0530 (India Standard Time)",5.31691098644319
"Wed Nov 22 2017 00:00:00 GMT+0530 (India Standard Time)",5.13356020169725
"Thu Nov 23 2017 00:00:00 GMT+0530 (India Standard Time)",4.92759161586173
"Fri Nov 24 2017 00:00:00 GMT+0530 (India Standard Time)",4.73276364330018
"Mon Nov 27 2017 00:00:00 GMT+0530 (India Standard Time)",4.64113766877874
"Tue Nov 28 2017 00:00:00 GMT+0530 (India Standard Time)",4.59891354958026
"Wed Nov 29 2017 00:00:00 GMT+0530 (India Standard Time)",4.5025625817531
"Thu Nov 30 2017 00:00:00 GMT+0530 (India Standard Time)",4.39523668305645
"Fri Dec 01 2017 00:00:00 GMT+0530 (India Standard Time)",4.37414834855242
"Mon Dec 04 2017 00:00:00 GMT+0530 (India Standard Time)",4.35813775222724
"Tue Dec 05 2017 00:00:00 GMT+0530 (India Standard Time)",4.35398505563958
"Wed Dec 06 2017 00:00:00 GMT+0530 (India Standard Time)",4.31441469452247
"Thu Dec 07 2017 00:00:00 GMT+0530 (India Standard Time)",4.14909935919943
"Fri Dec 08 2017 00:00:00 GMT+0530 (India Standard Time)",4.1634494049709
"Mon Dec 11 2017 00:00:00 GMT+0530 (India Standard Time)",4.16963159033012
"Tue Dec 12 2017 00:00:00 GMT+0530 (India Standard Time)",4.25037219102083
"Wed Dec 13 2017 00:00:00 GMT+0530 (India Standard Time)",4.22534560594791
"Thu Dec 14 2017 00:00:00 GMT+0530 (India Standard Time)",4.23067806266592
"Fri Dec 15 2017 00:00:00 GMT+0530 (India Standard Time)",4.19991534390407
"Mon Dec 18 2017 00:00:00 GMT+0530 (India Standard Time)",4.3927785336252
"Tue Dec 19 2017 00:00:00 GMT+0530 (India Standard Time)",4.29329435265197
"Wed Dec 20 2017 00:00:00 GMT+0530 (India Standard Time)",4.40805904174826
"Thu Dec 21 2017 00:00:00 GMT+0530 (India Standard Time)",4.27176911019481
"Fri Dec 22 2017 00:00:00 GMT+0530 (India Standard Time)",4.39878560232376
"Tue Dec 26 2017 00:00:00 GMT+0530 (India Standard Time)",4.40244377358635
"Wed Dec 27 2017 00:00:00 GMT+0530 (India Standard Time)",4.42012636118732
"Thu Dec 28 2017 00:00:00 GMT+0530 (India Standard Time)",4.27226019253108
"Fri Dec 29 2017 00:00:00 GMT+0530 (India Standard Time)",4.20995589306458
"Mon Jan 01 2018 00:00:00 GMT+0530 (India Standard Time)",4.17353047213139
"Tue Jan 02 2018 00:00:00 GMT+0530 (India Standard Time)",4.24327829555058
"Wed Jan 03 2018 00:00:00 GMT+0530 (India Standard Time)",4.25447270301125
"Thu Jan 04 2018 00:00:00 GMT+0530 (India Standard Time)",4.41843893851045
"Fri Jan 05 2018 00:00:00 GMT+0530 (India Standard Time)",4.43497901433113
"Mon Jan 08 2018 00:00:00 GMT+0530 (India Standard Time)",4.34676622759319
"Tue Jan 09 2018 00:00:00 GMT+0530 (India Standard Time)",4.21485435419368
"Wed Jan 10 2018 00:00:00 GMT+0530 (India Standard Time)",4.12807904317985
"Thu Jan 11 2018 00:00:00 GMT+0530 (India Standard Time)",4.02607339723843
"Fri Jan 12 2018 00:00:00 GMT+0530 (India Standard Time)",4.04563958314997
"Mon Jan 15 2018 00:00:00 GMT+0530 (India Standard Time)",4.0959510414964
"Tue Jan 16 2018 00:00:00 GMT+0530 (India Standard Time)",4.0355259671038
"Wed Jan 17 2018 00:00:00 GMT+0530 (India Standard Time)",4.07227411231067
"Thu Jan 18 2018 00:00:00 GMT+0530 (India Standard Time)",4.0849688185742
"Fri Jan 19 2018 00:00:00 GMT+0530 (India Standard Time)",4.08961390296175
"Mon Jan 22 2018 00:00:00 GMT+0530 (India Standard Time)",4.67249862417877
"Tue Jan 23 2018 00:00:00 GMT+0530 (India Standard Time)",4.93160586530886
"Wed Jan 24 2018 00:00:00 GMT+0530 (India Standard Time)",4.91149116064394
"Thu Jan 25 2018 00:00:00 GMT+0530 (India Standard Time)",4.97138464916937
"Mon Jan 29 2018 00:00:00 GMT+0530 (India Standard Time)",4.9198571742287
"Tue Jan 30 2018 00:00:00 GMT+0530 (India Standard Time)",4.88986737606951
"Wed Jan 31 2018 00:00:00 GMT+0530 (India Standard Time)",4.96916256349312
"Thu Feb 01 2018 00:00:00 GMT+0530 (India Standard Time)",5.54636523752932
"Fri Feb 02 2018 00:00:00 GMT+0530 (India Standard Time)",5.84662486342009
"Mon Feb 05 2018 00:00:00 GMT+0530 (India Standard Time)",5.76472308746151
"Tue Feb 06 2018 00:00:00 GMT+0530 (India Standard Time)",5.97081429549997
"Wed Feb 07 2018 00:00:00 GMT+0530 (India Standard Time)",5.97647041724997
"Thu Feb 08 2018 00:00:00 GMT+0530 (India Standard Time)",5.80672253030355
"Fri Feb 09 2018 00:00:00 GMT+0530 (India Standard Time)",5.79195663528186
"Mon Feb 12 2018 00:00:00 GMT+0530 (India Standard Time)",5.88895973276173
"Wed Feb 14 2018 00:00:00 GMT+0530 (India Standard Time)",6.01831975185018
"Thu Feb 15 2018 00:00:00 GMT+0530 (India Standard Time)",5.87415405528945
"Fri Feb 16 2018 00:00:00 GMT+0530 (India Standard Time)",5.65457162276878
"Mon Feb 19 2018 00:00:00 GMT+0530 (India Standard Time)",5.64710222114244
"Tue Feb 20 2018 00:00:00 GMT+0530 (India Standard Time)",5.50802349106083
"Wed Feb 21 2018 00:00:00 GMT+0530 (India Standard Time)",5.55030752741363
"Thu Feb 22 2018 00:00:00 GMT+0530 (India Standard Time)",5.50385698974123
"Fri Feb 23 2018 00:00:00 GMT+0530 (India Standard Time)",5.45001006190257
"Mon Feb 26 2018 00:00:00 GMT+0530 (India Standard Time)",5.23572362890953
"Tue Feb 27 2018 00:00:00 GMT+0530 (India Standard Time)",5.45102908398742
"Wed Feb 28 2018 00:00:00 GMT+0530 (India Standard Time)",5.34024129227403
"Thu Mar 01 2018 00:00:00 GMT+0530 (India Standard Time)",5.16236691425446
"Mon Mar 05 2018 00:00:00 GMT+0530 (India Standard Time)",5.18648356323628
"Tue Mar 06 2018 00:00:00 GMT+0530 (India Standard Time)",4.98744902300512
"Wed Mar 07 2018 00:00:00 GMT+0530 (India Standard Time)",5.10263123564761
"Thu Mar 08 2018 00:00:00 GMT+0530 (India Standard Time)",4.97387186167278
"Fri Mar 09 2018 00:00:00 GMT+0530 (India Standard Time)",4.86502387155329
"Mon Mar 12 2018 00:00:00 GMT+0530 (India Standard Time)",4.89609359501377
"Tue Mar 13 2018 00:00:00 GMT+0530 (India Standard Time)",4.73565833822707
"Wed Mar 14 2018 00:00:00 GMT+0530 (India Standard Time)",4.708111314068
"Thu Mar 15 2018 00:00:00 GMT+0530 (India Standard Time)",4.56110336306314
"Fri Mar 16 2018 00:00:00 GMT+0530 (India Standard Time)",4.54602455141577
"Mon Mar 19 2018 00:00:00 GMT+0530 (India Standard Time)",4.38202279774322
"Tue Mar 20 2018 00:00:00 GMT+0530 (India Standard Time)",4.36544974076156
"Wed Mar 21 2018 00:00:00 GMT+0530 (India Standard Time)",4.31434618785002
"Thu Mar 22 2018 00:00:00 GMT+0530 (India Standard Time)",4.4454643172893
"Fri Mar 23 2018 00:00:00 GMT+0530 (India Standard Time)",4.37078829462578
"Mon Mar 26 2018 00:00:00 GMT+0530 (India Standard Time)",4.30501770215251
"Tue Mar 27 2018 00:00:00 GMT+0530 (India Standard Time)",4.27251643771304
"Wed Mar 28 2018 00:00:00 GMT+0530 (India Standard Time)",4.21733669216211
"Mon Apr 02 2018 00:00:00 GMT+0530 (India Standard Time)",4.13752692843625
"Tue Apr 03 2018 00:00:00 GMT+0530 (India Standard Time)",4.09556071926223
"Wed Apr 04 2018 00:00:00 GMT+0530 (India Standard Time)",4.07444923931493
"Thu Apr 05 2018 00:00:00 GMT+0530 (India Standard Time)",3.96198857936386
"Fri Apr 06 2018 00:00:00 GMT+0530 (India Standard Time)",3.88970368083787
"Mon Apr 09 2018 00:00:00 GMT+0530 (India Standard Time)",3.81543913220659
"Tue Apr 10 2018 00:00:00 GMT+0530 (India Standard Time)",3.71433633704898
"Wed Apr 11 2018 00:00:00 GMT+0530 (India Standard Time)",3.82045517011691
"Thu Apr 12 2018 00:00:00 GMT+0530 (India Standard Time)",3.76185122939427
"Fri Apr 13 2018 00:00:00 GMT+0530 (India Standard Time)",3.6645761415804
"Mon Apr 16 2018 00:00:00 GMT+0530 (India Standard Time)",3.59567784575323
"Tue Apr 17 2018 00:00:00 GMT+0530 (India Standard Time)",3.53884371391371
"Wed Apr 18 2018 00:00:00 GMT+0530 (India Standard Time)",3.4396405914913
"Thu Apr 19 2018 00:00:00 GMT+0530 (India Standard Time)",3.51538054924192
"Fri Apr 20 2018 00:00:00 GMT+0530 (India Standard Time)",3.54285336715321
"Mon Apr 23 2018 00:00:00 GMT+0530 (India Standard Time)",3.60050669807084
"Tue Apr 24 2018 00:00:00 GMT+0530 (India Standard Time)",3.48618479106578
"Wed Apr 25 2018 00:00:00 GMT+0530 (India Standard Time)",3.5193144488468
"Thu Apr 26 2018 00:00:00 GMT+0530 (India Standard Time)",3.58936341678631
"Fri Apr 27 2018 00:00:00 GMT+0530 (India Standard Time)",3.57940888701586
"Mon Apr 30 2018 00:00:00 GMT+0530 (India Standard Time)",3.58445110937187
"Wed May 02 2018 00:00:00 GMT+0530 (India Standard Time)",3.48913317298816
"Thu May 03 2018 00:00:00 GMT+0530 (India Standard Time)",3.42919508920329
"Fri May 04 2018 00:00:00 GMT+0530 (India Standard Time)",3.58425258283163
"Mon May 07 2018 00:00:00 GMT+0530 (India Standard Time)",3.63180596977223
"Tue May 08 2018 00:00:00 GMT+0530 (India Standard Time)",3.85096268621707
"Wed May 09 2018 00:00:00 GMT+0530 (India Standard Time)",3.82946535148728
"Thu May 10 2018 00:00:00 GMT+0530 (India Standard Time)",4.02021782638105
"Fri May 11 2018 00:00:00 GMT+0530 (India Standard Time)",3.92591655306811
"Mon May 14 2018 00:00:00 GMT+0530 (India Standard Time)",3.90620822784896
"Tue May 15 2018 00:00:00 GMT+0530 (India Standard Time)",4.18433621157404
"Wed May 16 2018 00:00:00 GMT+0530 (India Standard Time)",4.82831219646161
"Thu May 17 2018 00:00:00 GMT+0530 (India Standard Time)",4.80128989671435
"Fri May 18 2018 00:00:00 GMT+0530 (India Standard Time)",4.9690549040919
"Mon May 21 2018 00:00:00 GMT+0530 (India Standard Time)",4.87126526808533
"Tue May 22 2018 00:00:00 GMT+0530 (India Standard Time)",4.84474632036495
"Wed May 23 2018 00:00:00 GMT+0530 (India Standard Time)",5.28797872605317
"Thu May 24 2018 00:00:00 GMT+0530 (India Standard Time)",6.40669453133508
"Fri May 25 2018 00:00:00 GMT+0530 (India Standard Time)",6.90264492195401
"Mon May 28 2018 00:00:00 GMT+0530 (India Standard Time)",6.77388457038587
"Tue May 29 2018 00:00:00 GMT+0530 (India Standard Time)",6.58646424392973
"Wed May 30 2018 00:00:00 GMT+0530 (India Standard Time)",6.53028822650618
"Thu May 31 2018 00:00:00 GMT+0530 (India Standard Time)",6.51741049604145
"Fri Jun 01 2018 00:00:00 GMT+0530 (India Standard Time)",6.57330974632421
"Mon Jun 04 2018 00:00:00 GMT+0530 (India Standard Time)",6.46093047872962
"Tue Jun 05 2018 00:00:00 GMT+0530 (India Standard Time)",6.22086401596322
"Wed Jun 06 2018 00:00:00 GMT+0530 (India Standard Time)",5.95151658625156
"Thu Jun 07 2018 00:00:00 GMT+0530 (India Standard Time)",5.78712254437645
"Fri Jun 08 2018 00:00:00 GMT+0530 (India Standard Time)",5.57375664834956
