"date","value"
"Fri Jun 30 2017 00:00:00 GMT+0530 (India Standard Time)",91.9928571428571
"Mon Jul 03 2017 00:00:00 GMT+0530 (India Standard Time)",90.7397959183674
"Tue Jul 04 2017 00:00:00 GMT+0530 (India Standard Time)",89.3262390670554
"Wed Jul 05 2017 00:00:00 GMT+0530 (India Standard Time)",89.1850791336943
"Thu Jul 06 2017 00:00:00 GMT+0530 (India Standard Time)",87.3111449098589
"Fri Jul 07 2017 00:00:00 GMT+0530 (India Standard Time)",84.9317774162976
"Mon Jul 10 2017 00:00:00 GMT+0530 (India Standard Time)",83.7295076008478
"Tue Jul 11 2017 00:00:00 GMT+0530 (India Standard Time)",80.2381142007873
"Wed Jul 12 2017 00:00:00 GMT+0530 (India Standard Time)",77.9639631864453
"Thu Jul 13 2017 00:00:00 GMT+0530 (India Standard Time)",75.4165372445564
"Fri Jul 14 2017 00:00:00 GMT+0530 (India Standard Time)",73.9903560128023
"Mon Jul 17 2017 00:00:00 GMT+0530 (India Standard Time)",80.7696162976021
"Tue Jul 18 2017 00:00:00 GMT+0530 (India Standard Time)",85.9360722763449
"Wed Jul 19 2017 00:00:00 GMT+0530 (India Standard Time)",89.9942099708917
"Thu Jul 20 2017 00:00:00 GMT+0530 (India Standard Time)",90.6589092586851
"Fri Jul 21 2017 00:00:00 GMT+0530 (India Standard Time)",87.6582728830648
"Mon Jul 24 2017 00:00:00 GMT+0530 (India Standard Time)",85.8219676771316
"Tue Jul 25 2017 00:00:00 GMT+0530 (India Standard Time)",87.5489699859079
"Wed Jul 26 2017 00:00:00 GMT+0530 (India Standard Time)",85.2847578440573
"Thu Jul 27 2017 00:00:00 GMT+0530 (India Standard Time)",84.8179894266247
"Fri Jul 28 2017 00:00:00 GMT+0530 (India Standard Time)",83.2702758961514
"Mon Jul 31 2017 00:00:00 GMT+0530 (India Standard Time)",82.2438276178549
"Tue Aug 01 2017 00:00:00 GMT+0530 (India Standard Time)",79.4764113594367
"Wed Aug 02 2017 00:00:00 GMT+0530 (India Standard Time)",77.7638105480484
"Thu Aug 03 2017 00:00:00 GMT+0530 (India Standard Time)",77.1163955089021
"Fri Aug 04 2017 00:00:00 GMT+0530 (India Standard Time)",75.6580815439805
"Mon Aug 07 2017 00:00:00 GMT+0530 (India Standard Time)",75.4253614336962
"Tue Aug 08 2017 00:00:00 GMT+0530 (India Standard Time)",74.4092641884321
"Wed Aug 09 2017 00:00:00 GMT+0530 (India Standard Time)",74.5157453178299
"Thu Aug 10 2017 00:00:00 GMT+0530 (India Standard Time)",77.2539063665563
"Fri Aug 11 2017 00:00:00 GMT+0530 (India Standard Time)",81.1429130546594
"Mon Aug 14 2017 00:00:00 GMT+0530 (India Standard Time)",78.9505621221837
"Wed Aug 16 2017 00:00:00 GMT+0530 (India Standard Time)",79.1505219705992
"Thu Aug 17 2017 00:00:00 GMT+0530 (India Standard Time)",78.8790561155564
"Fri Aug 18 2017 00:00:00 GMT+0530 (India Standard Time)",81.4305521073023
"Mon Aug 21 2017 00:00:00 GMT+0530 (India Standard Time)",79.7605126710664
"Tue Aug 22 2017 00:00:00 GMT+0530 (India Standard Time)",79.5776189088474
"Wed Aug 23 2017 00:00:00 GMT+0530 (India Standard Time)",77.6470747010726
"Thu Aug 24 2017 00:00:00 GMT+0530 (India Standard Time)",74.2151407938531
"Mon Aug 28 2017 00:00:00 GMT+0530 (India Standard Time)",72.8854878800065
"Tue Aug 29 2017 00:00:00 GMT+0530 (India Standard Time)",72.5472387457203
"Wed Aug 30 2017 00:00:00 GMT+0530 (India Standard Time)",73.9795788353117
"Thu Aug 31 2017 00:00:00 GMT+0530 (India Standard Time)",72.6488946327894
"Fri Sep 01 2017 00:00:00 GMT+0530 (India Standard Time)",70.3882593018759
"Mon Sep 04 2017 00:00:00 GMT+0530 (India Standard Time)",67.910526494599
"Tue Sep 05 2017 00:00:00 GMT+0530 (India Standard Time)",70.8026317449848
"Wed Sep 06 2017 00:00:00 GMT+0530 (India Standard Time)",72.234586620343
"Thu Sep 07 2017 00:00:00 GMT+0530 (India Standard Time)",72.7428304331756
"Fri Sep 08 2017 00:00:00 GMT+0530 (India Standard Time)",73.9219139736631
"Mon Sep 11 2017 00:00:00 GMT+0530 (India Standard Time)",72.0382058326872
"Tue Sep 12 2017 00:00:00 GMT+0530 (India Standard Time)",71.0640482732095
"Wed Sep 13 2017 00:00:00 GMT+0530 (India Standard Time)",69.7594733965517
"Thu Sep 14 2017 00:00:00 GMT+0530 (India Standard Time)",68.455225296798
"Fri Sep 15 2017 00:00:00 GMT+0530 (India Standard Time)",67.1477092041695
"Mon Sep 18 2017 00:00:00 GMT+0530 (India Standard Time)",65.2085871181574
"Tue Sep 19 2017 00:00:00 GMT+0530 (India Standard Time)",63.7579737525747
"Wed Sep 20 2017 00:00:00 GMT+0530 (India Standard Time)",63.9002613416765
"Thu Sep 21 2017 00:00:00 GMT+0530 (India Standard Time)",66.0502426744139
"Fri Sep 22 2017 00:00:00 GMT+0530 (India Standard Time)",73.9645110548129
"Mon Sep 25 2017 00:00:00 GMT+0530 (India Standard Time)",76.4313316937549
"Tue Sep 26 2017 00:00:00 GMT+0530 (India Standard Time)",78.0398080013438
"Wed Sep 27 2017 00:00:00 GMT+0530 (India Standard Time)",85.8048217155335
"Thu Sep 28 2017 00:00:00 GMT+0530 (India Standard Time)",87.5580487358526
"Fri Sep 29 2017 00:00:00 GMT+0530 (India Standard Time)",86.4289023975774
"Tue Oct 03 2017 00:00:00 GMT+0530 (India Standard Time)",86.7411236548933
"Wed Oct 04 2017 00:00:00 GMT+0530 (India Standard Time)",85.3489005366866
"Thu Oct 05 2017 00:00:00 GMT+0530 (India Standard Time)",84.3096933554948
"Fri Oct 06 2017 00:00:00 GMT+0530 (India Standard Time)",82.2840009729594
"Mon Oct 09 2017 00:00:00 GMT+0530 (India Standard Time)",81.3994294748909
"Tue Oct 10 2017 00:00:00 GMT+0530 (India Standard Time)",78.1566130838273
"Wed Oct 11 2017 00:00:00 GMT+0530 (India Standard Time)",77.1847121492682
"Thu Oct 12 2017 00:00:00 GMT+0530 (India Standard Time)",77.4858041386062
"Fri Oct 13 2017 00:00:00 GMT+0530 (India Standard Time)",80.52253241442
"Mon Oct 16 2017 00:00:00 GMT+0530 (India Standard Time)",79.0709229562471
"Tue Oct 17 2017 00:00:00 GMT+0530 (India Standard Time)",80.658714173658
"Wed Oct 18 2017 00:00:00 GMT+0530 (India Standard Time)",84.7152345898253
"Thu Oct 19 2017 00:00:00 GMT+0530 (India Standard Time)",83.9641464048378
"Mon Oct 23 2017 00:00:00 GMT+0530 (India Standard Time)",91.5131359473494
"Tue Oct 24 2017 00:00:00 GMT+0530 (India Standard Time)",91.9729119511101
"Wed Oct 25 2017 00:00:00 GMT+0530 (India Standard Time)",103.210561097459
"Thu Oct 26 2017 00:00:00 GMT+0530 (India Standard Time)",101.813378161926
"Fri Oct 27 2017 00:00:00 GMT+0530 (India Standard Time)",101.248136864646
"Mon Oct 30 2017 00:00:00 GMT+0530 (India Standard Time)",98.0125556600284
"Tue Oct 31 2017 00:00:00 GMT+0530 (India Standard Time)",96.9366588271692
"Wed Nov 01 2017 00:00:00 GMT+0530 (India Standard Time)",93.8661831966571
"Thu Nov 02 2017 00:00:00 GMT+0530 (India Standard Time)",91.8614558254673
"Fri Nov 03 2017 00:00:00 GMT+0530 (India Standard Time)",90.0142089807911
"Mon Nov 06 2017 00:00:00 GMT+0530 (India Standard Time)",90.4381940535917
"Tue Nov 07 2017 00:00:00 GMT+0530 (India Standard Time)",92.6711801926209
"Wed Nov 08 2017 00:00:00 GMT+0530 (India Standard Time)",92.4339530360051
"Thu Nov 09 2017 00:00:00 GMT+0530 (India Standard Time)",90.9993849620048
"Fri Nov 10 2017 00:00:00 GMT+0530 (India Standard Time)",95.2780003218616
"Mon Nov 13 2017 00:00:00 GMT+0530 (India Standard Time)",99.0367145845857
"Tue Nov 14 2017 00:00:00 GMT+0530 (India Standard Time)",94.8448063999725
"Wed Nov 15 2017 00:00:00 GMT+0530 (India Standard Time)",95.170177371403
"Thu Nov 16 2017 00:00:00 GMT+0530 (India Standard Time)",93.0687361305885
"Fri Nov 17 2017 00:00:00 GMT+0530 (India Standard Time)",94.1281121212607
"Mon Nov 20 2017 00:00:00 GMT+0530 (India Standard Time)",94.3082469697421
"Tue Nov 21 2017 00:00:00 GMT+0530 (India Standard Time)",93.4683721861892
"Wed Nov 22 2017 00:00:00 GMT+0530 (India Standard Time)",92.1670598871757
"Thu Nov 23 2017 00:00:00 GMT+0530 (India Standard Time)",91.8836984666631
"Fri Nov 24 2017 00:00:00 GMT+0530 (India Standard Time)",89.6670057190443
"Mon Nov 27 2017 00:00:00 GMT+0530 (India Standard Time)",88.9550767391126
"Tue Nov 28 2017 00:00:00 GMT+0530 (India Standard Time)",87.5618569720331
"Wed Nov 29 2017 00:00:00 GMT+0530 (India Standard Time)",84.9717243311736
"Thu Nov 30 2017 00:00:00 GMT+0530 (India Standard Time)",86.0951725932326
"Fri Dec 01 2017 00:00:00 GMT+0530 (India Standard Time)",86.7169459794303
"Mon Dec 04 2017 00:00:00 GMT+0530 (India Standard Time)",88.1264498380424
"Tue Dec 05 2017 00:00:00 GMT+0530 (India Standard Time)",86.2459891353251
"Wed Dec 06 2017 00:00:00 GMT+0530 (India Standard Time)",86.771275625659
"Thu Dec 07 2017 00:00:00 GMT+0530 (India Standard Time)",87.5661845095405
"Fri Dec 08 2017 00:00:00 GMT+0530 (India Standard Time)",88.4685999017162
"Mon Dec 11 2017 00:00:00 GMT+0530 (India Standard Time)",88.7494141944508
"Tue Dec 12 2017 00:00:00 GMT+0530 (India Standard Time)",89.0530274662757
"Wed Dec 13 2017 00:00:00 GMT+0530 (India Standard Time)",94.6492397901131
"Thu Dec 14 2017 00:00:00 GMT+0530 (India Standard Time)",93.3028655193907
"Fri Dec 15 2017 00:00:00 GMT+0530 (India Standard Time)",91.5098036965771
"Mon Dec 18 2017 00:00:00 GMT+0530 (India Standard Time)",93.401960575393
"Tue Dec 19 2017 00:00:00 GMT+0530 (India Standard Time)",91.0232491057221
"Wed Dec 20 2017 00:00:00 GMT+0530 (India Standard Time)",88.6108741695991
"Thu Dec 21 2017 00:00:00 GMT+0530 (India Standard Time)",87.7886688717706
"Fri Dec 22 2017 00:00:00 GMT+0530 (India Standard Time)",87.5037639523584
"Tue Dec 26 2017 00:00:00 GMT+0530 (India Standard Time)",87.2142093843328
"Wed Dec 27 2017 00:00:00 GMT+0530 (India Standard Time)",86.3560515711662
"Thu Dec 28 2017 00:00:00 GMT+0530 (India Standard Time)",83.3734764589401
"Fri Dec 29 2017 00:00:00 GMT+0530 (India Standard Time)",81.9182281404444
"Mon Jan 01 2018 00:00:00 GMT+0530 (India Standard Time)",81.6062118446984
"Tue Jan 02 2018 00:00:00 GMT+0530 (India Standard Time)",79.8629109986485
"Wed Jan 03 2018 00:00:00 GMT+0530 (India Standard Time)",79.0584173558879
"Thu Jan 04 2018 00:00:00 GMT+0530 (India Standard Time)",77.3399589733245
"Fri Jan 05 2018 00:00:00 GMT+0530 (India Standard Time)",76.5656761895156
"Mon Jan 08 2018 00:00:00 GMT+0530 (India Standard Time)",75.539556461693
"Tue Jan 09 2018 00:00:00 GMT+0530 (India Standard Time)",76.7653024287149
"Wed Jan 10 2018 00:00:00 GMT+0530 (India Standard Time)",74.9534951123781
"Thu Jan 11 2018 00:00:00 GMT+0530 (India Standard Time)",73.4139597472082
"Fri Jan 12 2018 00:00:00 GMT+0530 (India Standard Time)",74.2129626224076
"Mon Jan 15 2018 00:00:00 GMT+0530 (India Standard Time)",80.5156081493785
"Tue Jan 16 2018 00:00:00 GMT+0530 (India Standard Time)",80.4787789958515
"Wed Jan 17 2018 00:00:00 GMT+0530 (India Standard Time)",81.9410090675764
"Thu Jan 18 2018 00:00:00 GMT+0530 (India Standard Time)",89.4987941341781
"Fri Jan 19 2018 00:00:00 GMT+0530 (India Standard Time)",92.9381659817368
"Mon Jan 22 2018 00:00:00 GMT+0530 (India Standard Time)",92.2782969830413
"Tue Jan 23 2018 00:00:00 GMT+0530 (India Standard Time)",93.2619900556812
"Wed Jan 24 2018 00:00:00 GMT+0530 (India Standard Time)",93.7147050517039
"Thu Jan 25 2018 00:00:00 GMT+0530 (India Standard Time)",94.8029404051536
"Mon Jan 29 2018 00:00:00 GMT+0530 (India Standard Time)",93.8741589476427
"Tue Jan 30 2018 00:00:00 GMT+0530 (India Standard Time)",93.2188618799539
"Wed Jan 31 2018 00:00:00 GMT+0530 (India Standard Time)",91.9818003171
"Thu Feb 01 2018 00:00:00 GMT+0530 (India Standard Time)",90.9366717230215
"Fri Feb 02 2018 00:00:00 GMT+0530 (India Standard Time)",103.187623742806
"Mon Feb 05 2018 00:00:00 GMT+0530 (India Standard Time)",104.942079189748
"Tue Feb 06 2018 00:00:00 GMT+0530 (India Standard Time)",111.574787819052
"Wed Feb 07 2018 00:00:00 GMT+0530 (India Standard Time)",111.95158868912
"Thu Feb 08 2018 00:00:00 GMT+0530 (India Standard Time)",113.23718949704
"Fri Feb 09 2018 00:00:00 GMT+0530 (India Standard Time)",113.280961675822
"Mon Feb 12 2018 00:00:00 GMT+0530 (India Standard Time)",110.128750127549
"Wed Feb 14 2018 00:00:00 GMT+0530 (India Standard Time)",105.944553689867
"Thu Feb 15 2018 00:00:00 GMT+0530 (India Standard Time)",103.309228426305
"Fri Feb 16 2018 00:00:00 GMT+0530 (India Standard Time)",104.197854967283
"Mon Feb 19 2018 00:00:00 GMT+0530 (India Standard Time)",106.587293898192
"Tue Feb 20 2018 00:00:00 GMT+0530 (India Standard Time)",106.166772905464
"Wed Feb 21 2018 00:00:00 GMT+0530 (India Standard Time)",102.362003412216
"Thu Feb 22 2018 00:00:00 GMT+0530 (India Standard Time)",99.289717454201
"Fri Feb 23 2018 00:00:00 GMT+0530 (India Standard Time)",97.2475947789009
"Mon Feb 26 2018 00:00:00 GMT+0530 (India Standard Time)",92.6299094375508
"Tue Feb 27 2018 00:00:00 GMT+0530 (India Standard Time)",89.2563444777257
"Wed Feb 28 2018 00:00:00 GMT+0530 (India Standard Time)",87.8058913007453
"Thu Mar 01 2018 00:00:00 GMT+0530 (India Standard Time)",85.0126133506921
"Mon Mar 05 2018 00:00:00 GMT+0530 (India Standard Time)",84.5009981113569
"Tue Mar 06 2018 00:00:00 GMT+0530 (India Standard Time)",84.1259268176886
"Wed Mar 07 2018 00:00:00 GMT+0530 (India Standard Time)",83.6526463307108
"Thu Mar 08 2018 00:00:00 GMT+0530 (India Standard Time)",82.6381715928029
"Fri Mar 09 2018 00:00:00 GMT+0530 (India Standard Time)",82.6354450504599
"Mon Mar 12 2018 00:00:00 GMT+0530 (India Standard Time)",84.6579132611413
"Tue Mar 13 2018 00:00:00 GMT+0530 (India Standard Time)",83.4180623139169
"Wed Mar 14 2018 00:00:00 GMT+0530 (India Standard Time)",84.54891500578
"Thu Mar 15 2018 00:00:00 GMT+0530 (India Standard Time)",83.8132782196529
"Fri Mar 16 2018 00:00:00 GMT+0530 (India Standard Time)",91.1194726325348
"Mon Mar 19 2018 00:00:00 GMT+0530 (India Standard Time)",92.1466531587823
"Tue Mar 20 2018 00:00:00 GMT+0530 (India Standard Time)",91.9004636474407
"Wed Mar 21 2018 00:00:00 GMT+0530 (India Standard Time)",93.7075733869092
"Thu Mar 22 2018 00:00:00 GMT+0530 (India Standard Time)",94.1141752878443
"Fri Mar 23 2018 00:00:00 GMT+0530 (India Standard Time)",95.3953056244269
"Mon Mar 26 2018 00:00:00 GMT+0530 (India Standard Time)",98.8527837941107
"Tue Mar 27 2018 00:00:00 GMT+0530 (India Standard Time)",96.5811563802456
"Wed Mar 28 2018 00:00:00 GMT+0530 (India Standard Time)",93.6539309245138
"Mon Apr 02 2018 00:00:00 GMT+0530 (India Standard Time)",101.246507287049
"Tue Apr 03 2018 00:00:00 GMT+0530 (India Standard Time)",99.5217567665451
"Wed Apr 04 2018 00:00:00 GMT+0530 (India Standard Time)",99.7237741403633
"Thu Apr 05 2018 00:00:00 GMT+0530 (India Standard Time)",99.6399331303373
"Fri Apr 06 2018 00:00:00 GMT+0530 (India Standard Time)",97.4585093353132
"Mon Apr 09 2018 00:00:00 GMT+0530 (India Standard Time)",95.7471872399337
"Tue Apr 10 2018 00:00:00 GMT+0530 (India Standard Time)",91.7509595799384
"Wed Apr 11 2018 00:00:00 GMT+0530 (India Standard Time)",88.5508910385142
"Thu Apr 12 2018 00:00:00 GMT+0530 (India Standard Time)",86.4865416786204
"Fri Apr 13 2018 00:00:00 GMT+0530 (India Standard Time)",83.3946458444332
"Mon Apr 16 2018 00:00:00 GMT+0530 (India Standard Time)",81.6450282841165
"Tue Apr 17 2018 00:00:00 GMT+0530 (India Standard Time)",78.8453834066796
"Wed Apr 18 2018 00:00:00 GMT+0530 (India Standard Time)",79.7457131633454
"Thu Apr 19 2018 00:00:00 GMT+0530 (India Standard Time)",86.274590794535
"Fri Apr 20 2018 00:00:00 GMT+0530 (India Standard Time)",85.572834309211
"Mon Apr 23 2018 00:00:00 GMT+0530 (India Standard Time)",85.9283461442674
"Tue Apr 24 2018 00:00:00 GMT+0530 (India Standard Time)",85.3406071339625
"Wed Apr 25 2018 00:00:00 GMT+0530 (India Standard Time)",85.2269923386795
"Thu Apr 26 2018 00:00:00 GMT+0530 (India Standard Time)",89.7286357430596
"Fri Apr 27 2018 00:00:00 GMT+0530 (India Standard Time)",89.5230189042696
"Mon Apr 30 2018 00:00:00 GMT+0530 (India Standard Time)",87.8142318396789
"Wed May 02 2018 00:00:00 GMT+0530 (India Standard Time)",90.6096438511304
"Thu May 03 2018 00:00:00 GMT+0530 (India Standard Time)",87.5839550046211
"Fri May 04 2018 00:00:00 GMT+0530 (India Standard Time)",86.6351010757196
"Mon May 07 2018 00:00:00 GMT+0530 (India Standard Time)",86.1611652845968
"Tue May 08 2018 00:00:00 GMT+0530 (India Standard Time)",83.131796335697
"Wed May 09 2018 00:00:00 GMT+0530 (India Standard Time)",86.1223823117186
"Thu May 10 2018 00:00:00 GMT+0530 (India Standard Time)",86.1707835751673
"Fri May 11 2018 00:00:00 GMT+0530 (India Standard Time)",88.3335847483696
"Mon May 14 2018 00:00:00 GMT+0530 (India Standard Time)",89.1133286949147
"Tue May 15 2018 00:00:00 GMT+0530 (India Standard Time)",87.2016623595636
"Wed May 16 2018 00:00:00 GMT+0530 (India Standard Time)",90.9122579053091
"Thu May 17 2018 00:00:00 GMT+0530 (India Standard Time)",90.118525197787
"Fri May 18 2018 00:00:00 GMT+0530 (India Standard Time)",91.2779162550879
"Mon May 21 2018 00:00:00 GMT+0530 (India Standard Time)",99.3866365225817
"Tue May 22 2018 00:00:00 GMT+0530 (India Standard Time)",103.791162485254
"Wed May 23 2018 00:00:00 GMT+0530 (India Standard Time)",101.056079450593
"Thu May 24 2018 00:00:00 GMT+0530 (India Standard Time)",100.42350234698
"Fri May 25 2018 00:00:00 GMT+0530 (India Standard Time)",96.2218236079096
"Mon May 28 2018 00:00:00 GMT+0530 (India Standard Time)",93.8345504930589
"Tue May 29 2018 00:00:00 GMT+0530 (India Standard Time)",92.4177968864118
"Wed May 30 2018 00:00:00 GMT+0530 (India Standard Time)",88.8665256802395
"Thu May 31 2018 00:00:00 GMT+0530 (India Standard Time)",88.1082024173653
"Fri Jun 01 2018 00:00:00 GMT+0530 (India Standard Time)",88.2361879589821
"Mon Jun 04 2018 00:00:00 GMT+0530 (India Standard Time)",89.0693173904833
"Tue Jun 05 2018 00:00:00 GMT+0530 (India Standard Time)",88.0715090054488
"Wed Jun 06 2018 00:00:00 GMT+0530 (India Standard Time)",88.3556869336311
"Thu Jun 07 2018 00:00:00 GMT+0530 (India Standard Time)",84.7874235812289
"Fri Jun 08 2018 00:00:00 GMT+0530 (India Standard Time)",83.3347504682839
"Mon Jun 11 2018 00:00:00 GMT+0530 (India Standard Time)",85.6001254348351
