"date","value"
"Wed Jun 28 2017 00:00:00 GMT+0530 (India Standard Time)",9.32142857142857
"Thu Jun 29 2017 00:00:00 GMT+0530 (India Standard Time)",9.22704081632653
"Fri Jun 30 2017 00:00:00 GMT+0530 (India Standard Time)",9.38582361516035
"Mon Jul 03 2017 00:00:00 GMT+0530 (India Standard Time)",9.20469335693461
"Tue Jul 04 2017 00:00:00 GMT+0530 (India Standard Time)",9.09721526001071
"Wed Jul 05 2017 00:00:00 GMT+0530 (India Standard Time)",8.79027131286709
"Thu Jul 06 2017 00:00:00 GMT+0530 (India Standard Time)",8.61596621909087
"Fri Jul 07 2017 00:00:00 GMT+0530 (India Standard Time)",8.40768291772723
"Mon Jul 10 2017 00:00:00 GMT+0530 (India Standard Time)",8.30713413788957
"Tue Jul 11 2017 00:00:00 GMT+0530 (India Standard Time)",8.43876741375461
"Wed Jul 12 2017 00:00:00 GMT+0530 (India Standard Time)",8.18956974134357
"Thu Jul 13 2017 00:00:00 GMT+0530 (India Standard Time)",7.86888618839045
"Fri Jul 14 2017 00:00:00 GMT+0530 (India Standard Time)",7.83896574636256
"Mon Jul 17 2017 00:00:00 GMT+0530 (India Standard Time)",7.93975390733667
"Tue Jul 18 2017 00:00:00 GMT+0530 (India Standard Time)",7.81548577109834
"Wed Jul 19 2017 00:00:00 GMT+0530 (India Standard Time)",7.77866535887703
"Thu Jul 20 2017 00:00:00 GMT+0530 (India Standard Time)",8.00518926181438
"Fri Jul 21 2017 00:00:00 GMT+0530 (India Standard Time)",7.89767574311335
"Mon Jul 24 2017 00:00:00 GMT+0530 (India Standard Time)",7.70855604717669
"Tue Jul 25 2017 00:00:00 GMT+0530 (India Standard Time)",7.90437347237835
"Wed Jul 26 2017 00:00:00 GMT+0530 (India Standard Time)",7.85048965292276
"Thu Jul 27 2017 00:00:00 GMT+0530 (India Standard Time)",8.26116896342828
"Fri Jul 28 2017 00:00:00 GMT+0530 (India Standard Time)",8.3282283231834
"Mon Jul 31 2017 00:00:00 GMT+0530 (India Standard Time)",8.25121201438458
"Tue Aug 01 2017 00:00:00 GMT+0530 (India Standard Time)",9.66541115621425
"Wed Aug 02 2017 00:00:00 GMT+0530 (India Standard Time)",9.68216750219895
"Thu Aug 03 2017 00:00:00 GMT+0530 (India Standard Time)",9.52272696632759
"Fri Aug 04 2017 00:00:00 GMT+0530 (India Standard Time)",9.21038932587562
"Mon Aug 07 2017 00:00:00 GMT+0530 (India Standard Time)",9.31679008831308
"Tue Aug 08 2017 00:00:00 GMT+0530 (India Standard Time)",9.56559079629072
"Wed Aug 09 2017 00:00:00 GMT+0530 (India Standard Time)",9.4216200251271
"Thu Aug 10 2017 00:00:00 GMT+0530 (India Standard Time)",10.2272185947609
"Fri Aug 11 2017 00:00:00 GMT+0530 (India Standard Time)",10.3359886951351
"Mon Aug 14 2017 00:00:00 GMT+0530 (India Standard Time)",10.1691323597683
"Wed Aug 16 2017 00:00:00 GMT+0530 (India Standard Time)",11.292765762642
"Thu Aug 17 2017 00:00:00 GMT+0530 (India Standard Time)",11.2075682081676
"Fri Aug 18 2017 00:00:00 GMT+0530 (India Standard Time)",11.5284561932985
"Mon Aug 21 2017 00:00:00 GMT+0530 (India Standard Time)",11.2871378937771
"Tue Aug 22 2017 00:00:00 GMT+0530 (India Standard Time)",11.3130566156502
"Wed Aug 23 2017 00:00:00 GMT+0530 (India Standard Time)",11.7014097145323
"Thu Aug 24 2017 00:00:00 GMT+0530 (India Standard Time)",11.7513090206372
"Mon Aug 28 2017 00:00:00 GMT+0530 (India Standard Time)",11.5940726620202
"Tue Aug 29 2017 00:00:00 GMT+0530 (India Standard Time)",11.5480674718759
"Wed Aug 30 2017 00:00:00 GMT+0530 (India Standard Time)",11.5053483667419
"Thu Aug 31 2017 00:00:00 GMT+0530 (India Standard Time)",11.1656806262604
"Fri Sep 01 2017 00:00:00 GMT+0530 (India Standard Time)",10.9145605815275
"Mon Sep 04 2017 00:00:00 GMT+0530 (India Standard Time)",11.4313776828469
"Tue Sep 05 2017 00:00:00 GMT+0530 (India Standard Time)",11.650564991215
"Wed Sep 06 2017 00:00:00 GMT+0530 (India Standard Time)",11.3076674918425
"Thu Sep 07 2017 00:00:00 GMT+0530 (India Standard Time)",10.9821198138538
"Fri Sep 08 2017 00:00:00 GMT+0530 (India Standard Time)",10.6012541128642
"Mon Sep 11 2017 00:00:00 GMT+0530 (India Standard Time)",10.6797359619453
"Tue Sep 12 2017 00:00:00 GMT+0530 (India Standard Time)",10.6276119646635
"Wed Sep 13 2017 00:00:00 GMT+0530 (India Standard Time)",11.039925395759
"Thu Sep 14 2017 00:00:00 GMT+0530 (India Standard Time)",10.7442164389191
"Fri Sep 15 2017 00:00:00 GMT+0530 (India Standard Time)",10.7303438361391
"Mon Sep 18 2017 00:00:00 GMT+0530 (India Standard Time)",10.5388907049863
"Tue Sep 19 2017 00:00:00 GMT+0530 (India Standard Time)",10.250398511773
"Wed Sep 20 2017 00:00:00 GMT+0530 (India Standard Time)",9.87537004664638
"Thu Sep 21 2017 00:00:00 GMT+0530 (India Standard Time)",10.0985579004573
"Fri Sep 22 2017 00:00:00 GMT+0530 (India Standard Time)",10.1808037647104
"Mon Sep 25 2017 00:00:00 GMT+0530 (India Standard Time)",10.4036034958025
"Tue Sep 26 2017 00:00:00 GMT+0530 (India Standard Time)",10.5640603889595
"Wed Sep 27 2017 00:00:00 GMT+0530 (India Standard Time)",10.8309132183195
"Thu Sep 28 2017 00:00:00 GMT+0530 (India Standard Time)",10.8429908455824
"Fri Sep 29 2017 00:00:00 GMT+0530 (India Standard Time)",10.7684914994694
"Tue Oct 03 2017 00:00:00 GMT+0530 (India Standard Time)",10.7707421066501
"Wed Oct 04 2017 00:00:00 GMT+0530 (India Standard Time)",10.3728319561751
"Thu Oct 05 2017 00:00:00 GMT+0530 (India Standard Time)",10.8104868164483
"Fri Oct 06 2017 00:00:00 GMT+0530 (India Standard Time)",10.8311663295592
"Mon Oct 09 2017 00:00:00 GMT+0530 (India Standard Time)",10.7717973060192
"Tue Oct 10 2017 00:00:00 GMT+0530 (India Standard Time)",10.459526069875
"Wed Oct 11 2017 00:00:00 GMT+0530 (India Standard Time)",10.3052742077411
"Thu Oct 12 2017 00:00:00 GMT+0530 (India Standard Time)",10.2477546214738
"Fri Oct 13 2017 00:00:00 GMT+0530 (India Standard Time)",10.01220071994
"Mon Oct 16 2017 00:00:00 GMT+0530 (India Standard Time)",9.72204352565857
"Tue Oct 17 2017 00:00:00 GMT+0530 (India Standard Time)",9.47404041668296
"Wed Oct 18 2017 00:00:00 GMT+0530 (India Standard Time)",9.89375181549132
"Thu Oct 19 2017 00:00:00 GMT+0530 (India Standard Time)",9.46562668581337
"Mon Oct 23 2017 00:00:00 GMT+0530 (India Standard Time)",9.59665335111241
"Tue Oct 24 2017 00:00:00 GMT+0530 (India Standard Time)",9.67546382603295
"Wed Oct 25 2017 00:00:00 GMT+0530 (India Standard Time)",10.4200735527449
"Thu Oct 26 2017 00:00:00 GMT+0530 (India Standard Time)",10.9543540132631
"Fri Oct 27 2017 00:00:00 GMT+0530 (India Standard Time)",10.7433287266015
"Mon Oct 30 2017 00:00:00 GMT+0530 (India Standard Time)",11.0080909604156
"Tue Oct 31 2017 00:00:00 GMT+0530 (India Standard Time)",10.9646558918145
"Wed Nov 01 2017 00:00:00 GMT+0530 (India Standard Time)",12.0064661852563
"Thu Nov 02 2017 00:00:00 GMT+0530 (India Standard Time)",13.1202900291666
"Fri Nov 03 2017 00:00:00 GMT+0530 (India Standard Time)",13.0866978842261
"Mon Nov 06 2017 00:00:00 GMT+0530 (India Standard Time)",12.7519337496385
"Tue Nov 07 2017 00:00:00 GMT+0530 (India Standard Time)",13.1267956246644
"Wed Nov 08 2017 00:00:00 GMT+0530 (India Standard Time)",13.7355959371883
"Thu Nov 09 2017 00:00:00 GMT+0530 (India Standard Time)",13.4080533702463
"Fri Nov 10 2017 00:00:00 GMT+0530 (India Standard Time)",13.4431924152287
"Mon Nov 13 2017 00:00:00 GMT+0530 (India Standard Time)",13.5686786712838
"Tue Nov 14 2017 00:00:00 GMT+0530 (India Standard Time)",13.5709159090493
"Wed Nov 15 2017 00:00:00 GMT+0530 (India Standard Time)",13.6337076298314
"Thu Nov 16 2017 00:00:00 GMT+0530 (India Standard Time)",13.6455856562721
"Fri Nov 17 2017 00:00:00 GMT+0530 (India Standard Time)",13.9923295379669
"Mon Nov 20 2017 00:00:00 GMT+0530 (India Standard Time)",13.850020285255
"Tue Nov 21 2017 00:00:00 GMT+0530 (India Standard Time)",14.3571616934511
"Wed Nov 22 2017 00:00:00 GMT+0530 (India Standard Time)",14.5102215724903
"Thu Nov 23 2017 00:00:00 GMT+0530 (India Standard Time)",14.2166343173124
"Fri Nov 24 2017 00:00:00 GMT+0530 (India Standard Time)",13.8725890089329
"Mon Nov 27 2017 00:00:00 GMT+0530 (India Standard Time)",13.5174040797234
"Tue Nov 28 2017 00:00:00 GMT+0530 (India Standard Time)",13.2233037883146
"Wed Nov 29 2017 00:00:00 GMT+0530 (India Standard Time)",12.8002106605779
"Thu Nov 30 2017 00:00:00 GMT+0530 (India Standard Time)",12.5537670419652
"Fri Dec 01 2017 00:00:00 GMT+0530 (India Standard Time)",13.2784979675391
"Mon Dec 04 2017 00:00:00 GMT+0530 (India Standard Time)",13.833605255572
"Tue Dec 05 2017 00:00:00 GMT+0530 (India Standard Time)",13.7454905944597
"Wed Dec 06 2017 00:00:00 GMT+0530 (India Standard Time)",13.5208126948555
"Thu Dec 07 2017 00:00:00 GMT+0530 (India Standard Time)",14.5800403595086
"Fri Dec 08 2017 00:00:00 GMT+0530 (India Standard Time)",14.0278946195437
"Mon Dec 11 2017 00:00:00 GMT+0530 (India Standard Time)",13.8259021467192
"Tue Dec 12 2017 00:00:00 GMT+0530 (India Standard Time)",13.4490519933821
"Wed Dec 13 2017 00:00:00 GMT+0530 (India Standard Time)",13.1705482795691
"Thu Dec 14 2017 00:00:00 GMT+0530 (India Standard Time)",13.3119376881713
"Fri Dec 15 2017 00:00:00 GMT+0530 (India Standard Time)",14.0039421390162
"Mon Dec 18 2017 00:00:00 GMT+0530 (India Standard Time)",13.8429462719436
"Tue Dec 19 2017 00:00:00 GMT+0530 (India Standard Time)",13.2827358239476
"Wed Dec 20 2017 00:00:00 GMT+0530 (India Standard Time)",12.80896897938
"Thu Dec 21 2017 00:00:00 GMT+0530 (India Standard Time)",12.8333283379957
"Fri Dec 22 2017 00:00:00 GMT+0530 (India Standard Time)",12.5380905995674
"Tue Dec 26 2017 00:00:00 GMT+0530 (India Standard Time)",12.2353698424554
"Wed Dec 27 2017 00:00:00 GMT+0530 (India Standard Time)",12.3721291394229
"Thu Dec 28 2017 00:00:00 GMT+0530 (India Standard Time)",12.4419770580356
"Fri Dec 29 2017 00:00:00 GMT+0530 (India Standard Time)",12.2211215538902
"Mon Jan 01 2018 00:00:00 GMT+0530 (India Standard Time)",11.966041442898
"Tue Jan 02 2018 00:00:00 GMT+0530 (India Standard Time)",11.9613241969767
"Wed Jan 03 2018 00:00:00 GMT+0530 (India Standard Time)",11.8962296114784
"Thu Jan 04 2018 00:00:00 GMT+0530 (India Standard Time)",11.8322132106585
"Fri Jan 05 2018 00:00:00 GMT+0530 (India Standard Time)",11.85491226704
"Mon Jan 08 2018 00:00:00 GMT+0530 (India Standard Time)",12.5902756765372
"Tue Jan 09 2018 00:00:00 GMT+0530 (India Standard Time)",12.4766845567845
"Wed Jan 10 2018 00:00:00 GMT+0530 (India Standard Time)",12.3140642312999
"Thu Jan 11 2018 00:00:00 GMT+0530 (India Standard Time)",12.4166310719213
"Fri Jan 12 2018 00:00:00 GMT+0530 (India Standard Time)",11.9940145667841
"Mon Jan 15 2018 00:00:00 GMT+0530 (India Standard Time)",12.0337278120138
"Tue Jan 16 2018 00:00:00 GMT+0530 (India Standard Time)",12.5491758254414
"Wed Jan 17 2018 00:00:00 GMT+0530 (India Standard Time)",12.4670918379099
"Thu Jan 18 2018 00:00:00 GMT+0530 (India Standard Time)",12.2730138494877
"Fri Jan 19 2018 00:00:00 GMT+0530 (India Standard Time)",12.2142271459529
"Mon Jan 22 2018 00:00:00 GMT+0530 (India Standard Time)",12.963210921242
"Tue Jan 23 2018 00:00:00 GMT+0530 (India Standard Time)",13.9301244268675
"Wed Jan 24 2018 00:00:00 GMT+0530 (India Standard Time)",14.9565441106627
"Thu Jan 25 2018 00:00:00 GMT+0530 (India Standard Time)",15.698933817044
"Mon Jan 29 2018 00:00:00 GMT+0530 (India Standard Time)",15.5240099729694
"Tue Jan 30 2018 00:00:00 GMT+0530 (India Standard Time)",15.704437832043
"Wed Jan 31 2018 00:00:00 GMT+0530 (India Standard Time)",16.6684065583257
"Thu Feb 01 2018 00:00:00 GMT+0530 (India Standard Time)",16.3670918041595
"Fri Feb 02 2018 00:00:00 GMT+0530 (India Standard Time)",16.8730138181481
"Mon Feb 05 2018 00:00:00 GMT+0530 (India Standard Time)",17.2249414025661
"Tue Feb 06 2018 00:00:00 GMT+0530 (India Standard Time)",17.9981598738114
"Wed Feb 07 2018 00:00:00 GMT+0530 (India Standard Time)",18.1661484542534
"Thu Feb 08 2018 00:00:00 GMT+0530 (India Standard Time)",18.8007092789496
"Fri Feb 09 2018 00:00:00 GMT+0530 (India Standard Time)",18.8042300447389
"Mon Feb 12 2018 00:00:00 GMT+0530 (India Standard Time)",18.8003564701147
"Wed Feb 14 2018 00:00:00 GMT+0530 (India Standard Time)",19.3217595793923
"Thu Feb 15 2018 00:00:00 GMT+0530 (India Standard Time)",18.9844910380071
"Fri Feb 16 2018 00:00:00 GMT+0530 (India Standard Time)",19.9498845352923
"Mon Feb 19 2018 00:00:00 GMT+0530 (India Standard Time)",20.3177499256286
"Tue Feb 20 2018 00:00:00 GMT+0530 (India Standard Time)",19.8093392166551
"Wed Feb 21 2018 00:00:00 GMT+0530 (India Standard Time)",20.640814986894
"Thu Feb 22 2018 00:00:00 GMT+0530 (India Standard Time)",20.1986139164016
"Fri Feb 23 2018 00:00:00 GMT+0530 (India Standard Time)",20.3522843509443
"Mon Feb 26 2018 00:00:00 GMT+0530 (India Standard Time)",20.0699783258769
"Tue Feb 27 2018 00:00:00 GMT+0530 (India Standard Time)",19.7685513026
"Wed Feb 28 2018 00:00:00 GMT+0530 (India Standard Time)",19.1529404952714
"Thu Mar 01 2018 00:00:00 GMT+0530 (India Standard Time)",18.5241590313234
"Mon Mar 05 2018 00:00:00 GMT+0530 (India Standard Time)",19.2260048148003
"Tue Mar 06 2018 00:00:00 GMT+0530 (India Standard Time)",19.2027187566003
"Wed Mar 07 2018 00:00:00 GMT+0530 (India Standard Time)",19.2525245597003
"Thu Mar 08 2018 00:00:00 GMT+0530 (India Standard Time)",18.8594870911503
"Fri Mar 09 2018 00:00:00 GMT+0530 (India Standard Time)",18.6980951560681
"Mon Mar 12 2018 00:00:00 GMT+0530 (India Standard Time)",18.7696597877775
"Tue Mar 13 2018 00:00:00 GMT+0530 (India Standard Time)",18.2396840886506
"Wed Mar 14 2018 00:00:00 GMT+0530 (India Standard Time)",18.5975637966041
"Thu Mar 15 2018 00:00:00 GMT+0530 (India Standard Time)",19.0477378111324
"Fri Mar 16 2018 00:00:00 GMT+0530 (India Standard Time)",18.5443279674801
"Mon Mar 19 2018 00:00:00 GMT+0530 (India Standard Time)",19.3197331126601
"Tue Mar 20 2018 00:00:00 GMT+0530 (India Standard Time)",20.2397521760415
"Wed Mar 21 2018 00:00:00 GMT+0530 (India Standard Time)",19.9083413063242
"Thu Mar 22 2018 00:00:00 GMT+0530 (India Standard Time)",19.5220312130154
"Fri Mar 23 2018 00:00:00 GMT+0530 (India Standard Time)",19.5740289835143
"Mon Mar 26 2018 00:00:00 GMT+0530 (India Standard Time)",19.0044554846918
"Tue Mar 27 2018 00:00:00 GMT+0530 (India Standard Time)",18.4041372357853
"Wed Mar 28 2018 00:00:00 GMT+0530 (India Standard Time)",18.8288417189435
"Mon Apr 02 2018 00:00:00 GMT+0530 (India Standard Time)",18.3696387390189
"Tue Apr 03 2018 00:00:00 GMT+0530 (India Standard Time)",18.9718074005176
"Wed Apr 04 2018 00:00:00 GMT+0530 (India Standard Time)",18.9559640147663
"Thu Apr 05 2018 00:00:00 GMT+0530 (India Standard Time)",18.759109442283
"Fri Apr 06 2018 00:00:00 GMT+0530 (India Standard Time)",18.0048873392628
"Mon Apr 09 2018 00:00:00 GMT+0530 (India Standard Time)",17.3795382436012
"Tue Apr 10 2018 00:00:00 GMT+0530 (India Standard Time)",17.4238569404868
"Wed Apr 11 2018 00:00:00 GMT+0530 (India Standard Time)",17.3328671590235
"Thu Apr 12 2018 00:00:00 GMT+0530 (India Standard Time)",17.6412337905218
"Fri Apr 13 2018 00:00:00 GMT+0530 (India Standard Time)",18.7204313769131
"Mon Apr 16 2018 00:00:00 GMT+0530 (India Standard Time)",19.1904005642764
"Tue Apr 17 2018 00:00:00 GMT+0530 (India Standard Time)",18.5946576668281
"Wed Apr 18 2018 00:00:00 GMT+0530 (India Standard Time)",18.680753547769
"Thu Apr 19 2018 00:00:00 GMT+0530 (India Standard Time)",18.2964140086426
"Fri Apr 20 2018 00:00:00 GMT+0530 (India Standard Time)",19.9038130080253
"Mon Apr 23 2018 00:00:00 GMT+0530 (India Standard Time)",21.260683507452
"Tue Apr 24 2018 00:00:00 GMT+0530 (India Standard Time)",21.3134918283483
"Wed Apr 25 2018 00:00:00 GMT+0530 (India Standard Time)",21.4303852691806
"Thu Apr 26 2018 00:00:00 GMT+0530 (India Standard Time)",21.0675006070963
"Fri Apr 27 2018 00:00:00 GMT+0530 (India Standard Time)",21.5198219923037
"Mon Apr 30 2018 00:00:00 GMT+0530 (India Standard Time)",21.1291204214248
"Wed May 02 2018 00:00:00 GMT+0530 (India Standard Time)",20.9413261056088
"Thu May 03 2018 00:00:00 GMT+0530 (India Standard Time)",20.9526599552082
"Fri May 04 2018 00:00:00 GMT+0530 (India Standard Time)",21.5381842441219
"Mon May 07 2018 00:00:00 GMT+0530 (India Standard Time)",21.5211710838274
"Tue May 08 2018 00:00:00 GMT+0530 (India Standard Time)",21.0803731492683
"Wed May 09 2018 00:00:00 GMT+0530 (India Standard Time)",20.8210607814635
"Thu May 10 2018 00:00:00 GMT+0530 (India Standard Time)",20.6052707256446
"Fri May 11 2018 00:00:00 GMT+0530 (India Standard Time)",20.3870371023843
"Mon May 14 2018 00:00:00 GMT+0530 (India Standard Time)",19.7701058807854
"Tue May 15 2018 00:00:00 GMT+0530 (India Standard Time)",19.5508126035865
"Wed May 16 2018 00:00:00 GMT+0530 (India Standard Time)",18.8471831319017
"Thu May 17 2018 00:00:00 GMT+0530 (India Standard Time)",18.5509557653373
"Fri May 18 2018 00:00:00 GMT+0530 (India Standard Time)",19.1008874963847
"Mon May 21 2018 00:00:00 GMT+0530 (India Standard Time)",18.9972526752143
"Tue May 22 2018 00:00:00 GMT+0530 (India Standard Time)",18.747448912699
"Wed May 23 2018 00:00:00 GMT+0530 (India Standard Time)",19.1262025617919
"Thu May 24 2018 00:00:00 GMT+0530 (India Standard Time)",19.1921880930925
"Fri May 25 2018 00:00:00 GMT+0530 (India Standard Time)",19.442746086443
"Mon May 28 2018 00:00:00 GMT+0530 (India Standard Time)",21.7396927945543
"Tue May 29 2018 00:00:00 GMT+0530 (India Standard Time)",21.1332861663718
"Wed May 30 2018 00:00:00 GMT+0530 (India Standard Time)",20.5809085830595
"Thu May 31 2018 00:00:00 GMT+0530 (India Standard Time)",21.6358436842696
"Fri Jun 01 2018 00:00:00 GMT+0530 (India Standard Time)",21.754711992536
"Mon Jun 04 2018 00:00:00 GMT+0530 (India Standard Time)",21.7436611359263
"Tue Jun 05 2018 00:00:00 GMT+0530 (India Standard Time)",21.4369710547887
"Wed Jun 06 2018 00:00:00 GMT+0530 (India Standard Time)",21.4914731223038
"Thu Jun 07 2018 00:00:00 GMT+0530 (India Standard Time)",21.4492250421392
"Fri Jun 08 2018 00:00:00 GMT+0530 (India Standard Time)",21.306423253415
