"date","value"
"Thu Jul 27 2017 00:00:00 GMT+0530 (India Standard Time)",22.9321428571429
"Fri Jul 28 2017 00:00:00 GMT+0530 (India Standard Time)",23.458418367347
"Mon Jul 31 2017 00:00:00 GMT+0530 (India Standard Time)",23.2471027696793
"Tue Aug 01 2017 00:00:00 GMT+0530 (India Standard Time)",23.2223097147023
"Wed Aug 02 2017 00:00:00 GMT+0530 (India Standard Time)",22.6564304493664
"Thu Aug 03 2017 00:00:00 GMT+0530 (India Standard Time)",22.5809711315545
"Fri Aug 04 2017 00:00:00 GMT+0530 (India Standard Time)",23.4180446221577
"Mon Aug 07 2017 00:00:00 GMT+0530 (India Standard Time)",23.2988985777179
"Tue Aug 08 2017 00:00:00 GMT+0530 (India Standard Time)",23.6346915364523
"Wed Aug 09 2017 00:00:00 GMT+0530 (India Standard Time)",23.3143564267057
"Thu Aug 10 2017 00:00:00 GMT+0530 (India Standard Time)",23.0169023962267
"Fri Aug 11 2017 00:00:00 GMT+0530 (India Standard Time)",23.6049807964963
"Mon Aug 14 2017 00:00:00 GMT+0530 (India Standard Time)",23.5403393110323
"Wed Aug 16 2017 00:00:00 GMT+0530 (India Standard Time)",24.6874579316728
"Thu Aug 17 2017 00:00:00 GMT+0530 (India Standard Time)",24.4490680794104
"Fri Aug 18 2017 00:00:00 GMT+0530 (India Standard Time)",25.3348489308811
"Mon Aug 21 2017 00:00:00 GMT+0530 (India Standard Time)",25.3573597215325
"Tue Aug 22 2017 00:00:00 GMT+0530 (India Standard Time)",24.9246911699944
"Wed Aug 23 2017 00:00:00 GMT+0530 (India Standard Time)",24.3300703721377
"Thu Aug 24 2017 00:00:00 GMT+0530 (India Standard Time)",23.6207796312707
"Mon Aug 28 2017 00:00:00 GMT+0530 (India Standard Time)",23.6550096576085
"Tue Aug 29 2017 00:00:00 GMT+0530 (India Standard Time)",23.1582232534936
"Wed Aug 30 2017 00:00:00 GMT+0530 (India Standard Time)",23.1004930211012
"Thu Aug 31 2017 00:00:00 GMT+0530 (India Standard Time)",23.4861720910226
"Fri Sep 01 2017 00:00:00 GMT+0530 (India Standard Time)",22.8693026559495
"Mon Sep 04 2017 00:00:00 GMT+0530 (India Standard Time)",22.8357810376674
"Tue Sep 05 2017 00:00:00 GMT+0530 (India Standard Time)",22.5760823921197
"Wed Sep 06 2017 00:00:00 GMT+0530 (India Standard Time)",21.7992193641112
"Thu Sep 07 2017 00:00:00 GMT+0530 (India Standard Time)",21.5314179809604
"Fri Sep 08 2017 00:00:00 GMT+0530 (India Standard Time)",21.1541738394632
"Mon Sep 11 2017 00:00:00 GMT+0530 (India Standard Time)",21.5003042795016
"Tue Sep 12 2017 00:00:00 GMT+0530 (India Standard Time)",22.47171111668
"Wed Sep 13 2017 00:00:00 GMT+0530 (India Standard Time)",21.8523031797743
"Thu Sep 14 2017 00:00:00 GMT+0530 (India Standard Time)",22.5771386669333
"Fri Sep 15 2017 00:00:00 GMT+0530 (India Standard Time)",22.4787716192952
"Mon Sep 18 2017 00:00:00 GMT+0530 (India Standard Time)",23.7267165036312
"Tue Sep 19 2017 00:00:00 GMT+0530 (India Standard Time)",23.0355224676576
"Wed Sep 20 2017 00:00:00 GMT+0530 (India Standard Time)",23.265128005682
"Thu Sep 21 2017 00:00:00 GMT+0530 (India Standard Time)",22.5961902909905
"Fri Sep 22 2017 00:00:00 GMT+0530 (India Standard Time)",22.5964624130626
"Mon Sep 25 2017 00:00:00 GMT+0530 (India Standard Time)",22.5181436692724
"Tue Sep 26 2017 00:00:00 GMT+0530 (India Standard Time)",25.1989905500387
"Wed Sep 27 2017 00:00:00 GMT+0530 (India Standard Time)",25.5062055107502
"Thu Sep 28 2017 00:00:00 GMT+0530 (India Standard Time)",25.170047974268
"Fri Sep 29 2017 00:00:00 GMT+0530 (India Standard Time)",26.2864731189632
"Tue Oct 03 2017 00:00:00 GMT+0530 (India Standard Time)",25.8981536104658
"Wed Oct 04 2017 00:00:00 GMT+0530 (India Standard Time)",25.8911426382897
"Thu Oct 05 2017 00:00:00 GMT+0530 (India Standard Time)",25.5632038784118
"Fri Oct 06 2017 00:00:00 GMT+0530 (India Standard Time)",25.4479750299538
"Mon Oct 09 2017 00:00:00 GMT+0530 (India Standard Time)",24.9374053849571
"Tue Oct 10 2017 00:00:00 GMT+0530 (India Standard Time)",24.9668764288887
"Wed Oct 11 2017 00:00:00 GMT+0530 (India Standard Time)",24.7478138268253
"Thu Oct 12 2017 00:00:00 GMT+0530 (India Standard Time)",25.0336842677663
"Fri Oct 13 2017 00:00:00 GMT+0530 (India Standard Time)",24.8027068200687
"Mon Oct 16 2017 00:00:00 GMT+0530 (India Standard Time)",25.809656332921
"Tue Oct 17 2017 00:00:00 GMT+0530 (India Standard Time)",25.2268237377123
"Wed Oct 18 2017 00:00:00 GMT+0530 (India Standard Time)",25.0391934707329
"Thu Oct 19 2017 00:00:00 GMT+0530 (India Standard Time)",24.4149653656805
"Mon Oct 23 2017 00:00:00 GMT+0530 (India Standard Time)",25.4567535538462
"Tue Oct 24 2017 00:00:00 GMT+0530 (India Standard Time)",25.3562711571429
"Wed Oct 25 2017 00:00:00 GMT+0530 (India Standard Time)",24.8522517887756
"Thu Oct 26 2017 00:00:00 GMT+0530 (India Standard Time)",25.3270909467202
"Fri Oct 27 2017 00:00:00 GMT+0530 (India Standard Time)",25.4965844505259
"Mon Oct 30 2017 00:00:00 GMT+0530 (India Standard Time)",26.493256989774
"Tue Oct 31 2017 00:00:00 GMT+0530 (India Standard Time)",25.9901672047902
"Wed Nov 01 2017 00:00:00 GMT+0530 (India Standard Time)",25.9587266901623
"Thu Nov 02 2017 00:00:00 GMT+0530 (India Standard Time)",25.7473890694364
"Fri Nov 03 2017 00:00:00 GMT+0530 (India Standard Time)",24.8368612787624
"Mon Nov 06 2017 00:00:00 GMT+0530 (India Standard Time)",24.1020854731365
"Tue Nov 07 2017 00:00:00 GMT+0530 (India Standard Time)",24.2269365107696
"Wed Nov 08 2017 00:00:00 GMT+0530 (India Standard Time)",23.8750124742861
"Thu Nov 09 2017 00:00:00 GMT+0530 (India Standard Time)",25.7946544404085
"Fri Nov 10 2017 00:00:00 GMT+0530 (India Standard Time)",27.8771791232365
"Mon Nov 13 2017 00:00:00 GMT+0530 (India Standard Time)",29.1538091858624
"Tue Nov 14 2017 00:00:00 GMT+0530 (India Standard Time)",27.7678228154437
"Wed Nov 15 2017 00:00:00 GMT+0530 (India Standard Time)",27.6736926143406
"Thu Nov 16 2017 00:00:00 GMT+0530 (India Standard Time)",28.614857427602
"Fri Nov 17 2017 00:00:00 GMT+0530 (India Standard Time)",28.4352247542018
"Mon Nov 20 2017 00:00:00 GMT+0530 (India Standard Time)",27.4755658431874
"Tue Nov 21 2017 00:00:00 GMT+0530 (India Standard Time)",26.4415968543883
"Wed Nov 22 2017 00:00:00 GMT+0530 (India Standard Time)",25.5314827933606
"Thu Nov 23 2017 00:00:00 GMT+0530 (India Standard Time)",24.7078054509777
"Fri Nov 24 2017 00:00:00 GMT+0530 (India Standard Time)",24.157247918765
"Mon Nov 27 2017 00:00:00 GMT+0530 (India Standard Time)",23.5995873531389
"Tue Nov 28 2017 00:00:00 GMT+0530 (India Standard Time)",22.8174739707719
"Wed Nov 29 2017 00:00:00 GMT+0530 (India Standard Time)",22.4447972585739
"Thu Nov 30 2017 00:00:00 GMT+0530 (India Standard Time)",22.1380260258186
"Fri Dec 01 2017 00:00:00 GMT+0530 (India Standard Time)",22.949595595403
"Mon Dec 04 2017 00:00:00 GMT+0530 (India Standard Time)",23.653195910017
"Tue Dec 05 2017 00:00:00 GMT+0530 (India Standard Time)",23.3208247735873
"Wed Dec 06 2017 00:00:00 GMT+0530 (India Standard Time)",23.5621944326167
"Thu Dec 07 2017 00:00:00 GMT+0530 (India Standard Time)",23.7934662588584
"Fri Dec 08 2017 00:00:00 GMT+0530 (India Standard Time)",24.9296472403685
"Mon Dec 11 2017 00:00:00 GMT+0530 (India Standard Time)",24.3882438660565
"Tue Dec 12 2017 00:00:00 GMT+0530 (India Standard Time)",23.7462264470524
"Wed Dec 13 2017 00:00:00 GMT+0530 (India Standard Time)",24.2500674151201
"Thu Dec 14 2017 00:00:00 GMT+0530 (India Standard Time)",24.1322054568972
"Fri Dec 15 2017 00:00:00 GMT+0530 (India Standard Time)",24.1513336385474
"Mon Dec 18 2017 00:00:00 GMT+0530 (India Standard Time)",25.5726669500798
"Tue Dec 19 2017 00:00:00 GMT+0530 (India Standard Time)",25.5674764536455
"Wed Dec 20 2017 00:00:00 GMT+0530 (India Standard Time)",26.2019424212422
"Thu Dec 21 2017 00:00:00 GMT+0530 (India Standard Time)",25.7625179625821
"Fri Dec 22 2017 00:00:00 GMT+0530 (India Standard Time)",25.222338108112
"Tue Dec 26 2017 00:00:00 GMT+0530 (India Standard Time)",24.5993139575325
"Wed Dec 27 2017 00:00:00 GMT+0530 (India Standard Time)",24.3672201034231
"Thu Dec 28 2017 00:00:00 GMT+0530 (India Standard Time)",25.0552758103214
"Fri Dec 29 2017 00:00:00 GMT+0530 (India Standard Time)",25.0441846810127
"Mon Jan 01 2018 00:00:00 GMT+0530 (India Standard Time)",25.241028632369
"Tue Jan 02 2018 00:00:00 GMT+0530 (India Standard Time)",24.9559551586283
"Wed Jan 03 2018 00:00:00 GMT+0530 (India Standard Time)",24.7305297901549
"Thu Jan 04 2018 00:00:00 GMT+0530 (India Standard Time)",24.0140633765724
"Fri Jan 05 2018 00:00:00 GMT+0530 (India Standard Time)",23.3487731353887
"Mon Jan 08 2018 00:00:00 GMT+0530 (India Standard Time)",23.281003625718
"Tue Jan 09 2018 00:00:00 GMT+0530 (India Standard Time)",23.0395033667382
"Wed Jan 10 2018 00:00:00 GMT+0530 (India Standard Time)",22.4652531262569
"Thu Jan 11 2018 00:00:00 GMT+0530 (India Standard Time)",22.7105921886671
"Fri Jan 12 2018 00:00:00 GMT+0530 (India Standard Time)",23.0455498894766
"Mon Jan 15 2018 00:00:00 GMT+0530 (India Standard Time)",22.2280106116568
"Tue Jan 16 2018 00:00:00 GMT+0530 (India Standard Time)",22.4795812822528
"Wed Jan 17 2018 00:00:00 GMT+0530 (India Standard Time)",22.6417540478062
"Thu Jan 18 2018 00:00:00 GMT+0530 (India Standard Time)",25.0459144729629
"Fri Jan 19 2018 00:00:00 GMT+0530 (India Standard Time)",24.8854920106084
"Mon Jan 22 2018 00:00:00 GMT+0530 (India Standard Time)",24.4329568669935
"Tue Jan 23 2018 00:00:00 GMT+0530 (India Standard Time)",24.2806028050654
"Wed Jan 24 2018 00:00:00 GMT+0530 (India Standard Time)",25.1855597475607
"Thu Jan 25 2018 00:00:00 GMT+0530 (India Standard Time)",24.7044483370207
"Mon Jan 29 2018 00:00:00 GMT+0530 (India Standard Time)",25.2827020272335
"Tue Jan 30 2018 00:00:00 GMT+0530 (India Standard Time)",24.8982233110025
"Wed Jan 31 2018 00:00:00 GMT+0530 (India Standard Time)",25.8090645030738
"Thu Feb 01 2018 00:00:00 GMT+0530 (India Standard Time)",26.3798456099971
"Fri Feb 02 2018 00:00:00 GMT+0530 (India Standard Time)",26.3455709235687
"Mon Feb 05 2018 00:00:00 GMT+0530 (India Standard Time)",26.6744587147424
"Tue Feb 06 2018 00:00:00 GMT+0530 (India Standard Time)",28.8227116636894
"Wed Feb 07 2018 00:00:00 GMT+0530 (India Standard Time)",28.4032322591401
"Thu Feb 08 2018 00:00:00 GMT+0530 (India Standard Time)",28.6815728120587
"Fri Feb 09 2018 00:00:00 GMT+0530 (India Standard Time)",28.6471747540545
"Mon Feb 12 2018 00:00:00 GMT+0530 (India Standard Time)",27.8045194144792
"Wed Feb 14 2018 00:00:00 GMT+0530 (India Standard Time)",27.3327680277307
"Thu Feb 15 2018 00:00:00 GMT+0530 (India Standard Time)",27.2161417400356
"Fri Feb 16 2018 00:00:00 GMT+0530 (India Standard Time)",26.4149887586045
"Mon Feb 19 2018 00:00:00 GMT+0530 (India Standard Time)",26.6853467044185
"Tue Feb 20 2018 00:00:00 GMT+0530 (India Standard Time)",25.8863933683886
"Wed Feb 21 2018 00:00:00 GMT+0530 (India Standard Time)",25.1802224135037
"Thu Feb 22 2018 00:00:00 GMT+0530 (India Standard Time)",24.8494922411106
"Fri Feb 23 2018 00:00:00 GMT+0530 (India Standard Time)",23.8888142238884
"Mon Feb 26 2018 00:00:00 GMT+0530 (India Standard Time)",23.7646132078964
"Tue Feb 27 2018 00:00:00 GMT+0530 (India Standard Time)",23.4385694073323
"Wed Feb 28 2018 00:00:00 GMT+0530 (India Standard Time)",24.2893858782372
"Thu Mar 01 2018 00:00:00 GMT+0530 (India Standard Time)",23.6080011726488
"Mon Mar 05 2018 00:00:00 GMT+0530 (India Standard Time)",24.1002868031739
"Tue Mar 06 2018 00:00:00 GMT+0530 (India Standard Time)",23.7145520315186
"Wed Mar 07 2018 00:00:00 GMT+0530 (India Standard Time)",23.1992268864101
"Thu Mar 08 2018 00:00:00 GMT+0530 (India Standard Time)",23.0671392516665
"Fri Mar 09 2018 00:00:00 GMT+0530 (India Standard Time)",22.6266293051189
"Mon Mar 12 2018 00:00:00 GMT+0530 (India Standard Time)",23.431870069039
"Tue Mar 13 2018 00:00:00 GMT+0530 (India Standard Time)",23.0260222069648
"Wed Mar 14 2018 00:00:00 GMT+0530 (India Standard Time)",22.3705920493245
"Thu Mar 15 2018 00:00:00 GMT+0530 (India Standard Time)",22.6119783315156
"Fri Mar 16 2018 00:00:00 GMT+0530 (India Standard Time)",23.1111227364073
"Mon Mar 19 2018 00:00:00 GMT+0530 (India Standard Time)",22.8210425409497
"Tue Mar 20 2018 00:00:00 GMT+0530 (India Standard Time)",22.2266823594532
"Wed Mar 21 2018 00:00:00 GMT+0530 (India Standard Time)",21.931919333778
"Thu Mar 22 2018 00:00:00 GMT+0530 (India Standard Time)",21.1832108099367
"Fri Mar 23 2018 00:00:00 GMT+0530 (India Standard Time)",21.8272671806555
"Mon Mar 26 2018 00:00:00 GMT+0530 (India Standard Time)",22.546748096323
"Tue Mar 27 2018 00:00:00 GMT+0530 (India Standard Time)",22.2826946608713
"Wed Mar 28 2018 00:00:00 GMT+0530 (India Standard Time)",21.9196450422377
"Mon Apr 02 2018 00:00:00 GMT+0530 (India Standard Time)",23.6075275392207
"Tue Apr 03 2018 00:00:00 GMT+0530 (India Standard Time)",23.1248470007049
"Wed Apr 04 2018 00:00:00 GMT+0530 (India Standard Time)",22.9337865006546
"Thu Apr 05 2018 00:00:00 GMT+0530 (India Standard Time)",23.1778017506078
"Fri Apr 06 2018 00:00:00 GMT+0530 (India Standard Time)",22.9329587684215
"Mon Apr 09 2018 00:00:00 GMT+0530 (India Standard Time)",23.3591759992486
"Tue Apr 10 2018 00:00:00 GMT+0530 (India Standard Time)",22.8192348564451
"Wed Apr 11 2018 00:00:00 GMT+0530 (India Standard Time)",23.6857180809847
"Thu Apr 12 2018 00:00:00 GMT+0530 (India Standard Time)",23.3438810752001
"Fri Apr 13 2018 00:00:00 GMT+0530 (India Standard Time)",22.7228895698287
"Mon Apr 16 2018 00:00:00 GMT+0530 (India Standard Time)",22.4105403148409
"Tue Apr 17 2018 00:00:00 GMT+0530 (India Standard Time)",23.0240731494951
"Wed Apr 18 2018 00:00:00 GMT+0530 (India Standard Time)",22.5330679245312
"Thu Apr 19 2018 00:00:00 GMT+0530 (India Standard Time)",22.3199916442076
"Fri Apr 20 2018 00:00:00 GMT+0530 (India Standard Time)",22.9364208124785
"Mon Apr 23 2018 00:00:00 GMT+0530 (India Standard Time)",22.7981050401586
"Tue Apr 24 2018 00:00:00 GMT+0530 (India Standard Time)",22.8875261087187
"Wed Apr 25 2018 00:00:00 GMT+0530 (India Standard Time)",22.2491313866673
"Thu Apr 26 2018 00:00:00 GMT+0530 (India Standard Time)",23.4741934304768
"Fri Apr 27 2018 00:00:00 GMT+0530 (India Standard Time)",23.7688938997285
"Mon Apr 30 2018 00:00:00 GMT+0530 (India Standard Time)",24.899687192605
"Wed May 02 2018 00:00:00 GMT+0530 (India Standard Time)",26.6461381074189
"Thu May 03 2018 00:00:00 GMT+0530 (India Standard Time)",26.9106996711747
"Fri May 04 2018 00:00:00 GMT+0530 (India Standard Time)",26.6563639803765
"Mon May 07 2018 00:00:00 GMT+0530 (India Standard Time)",27.4523379817782
"Tue May 08 2018 00:00:00 GMT+0530 (India Standard Time)",27.3700281259369
"Wed May 09 2018 00:00:00 GMT+0530 (India Standard Time)",27.1828832597985
"Thu May 10 2018 00:00:00 GMT+0530 (India Standard Time)",27.1591058840986
"Fri May 11 2018 00:00:00 GMT+0530 (India Standard Time)",26.7120268923773
"Mon May 14 2018 00:00:00 GMT+0530 (India Standard Time)",26.7433106857789
"Tue May 15 2018 00:00:00 GMT+0530 (India Standard Time)",27.6080742082233
"Wed May 16 2018 00:00:00 GMT+0530 (India Standard Time)",31.0503546219217
"Thu May 17 2018 00:00:00 GMT+0530 (India Standard Time)",31.4146150060701
"Fri May 18 2018 00:00:00 GMT+0530 (India Standard Time)",32.6849996484937
"Mon May 21 2018 00:00:00 GMT+0530 (India Standard Time)",33.6610711021727
"Tue May 22 2018 00:00:00 GMT+0530 (India Standard Time)",33.4531374520175
"Wed May 23 2018 00:00:00 GMT+0530 (India Standard Time)",32.8707704911591
"Thu May 24 2018 00:00:00 GMT+0530 (India Standard Time)",32.0657154560763
"Fri May 25 2018 00:00:00 GMT+0530 (India Standard Time)",32.2003072092137
"Mon May 28 2018 00:00:00 GMT+0530 (India Standard Time)",30.6109995514128
"Tue May 29 2018 00:00:00 GMT+0530 (India Standard Time)",30.860213869169
"Wed May 30 2018 00:00:00 GMT+0530 (India Standard Time)",31.3559128785141
"Thu May 31 2018 00:00:00 GMT+0530 (India Standard Time)",31.8269191014773
"Fri Jun 01 2018 00:00:00 GMT+0530 (India Standard Time)",32.6464248799433
"Mon Jun 04 2018 00:00:00 GMT+0530 (India Standard Time)",32.600251674233
"Tue Jun 05 2018 00:00:00 GMT+0530 (India Standard Time)",32.1252336975021
"Wed Jun 06 2018 00:00:00 GMT+0530 (India Standard Time)",31.3698598619662
"Thu Jun 07 2018 00:00:00 GMT+0530 (India Standard Time)",31.6684413003972
"Fri Jun 08 2018 00:00:00 GMT+0530 (India Standard Time)",30.945695493226
"Mon Jun 11 2018 00:00:00 GMT+0530 (India Standard Time)",31.0638601008527
"Tue Jun 12 2018 00:00:00 GMT+0530 (India Standard Time)",32.7450129507918
"Wed Jun 13 2018 00:00:00 GMT+0530 (India Standard Time)",32.2096548828781
"Thu Jun 14 2018 00:00:00 GMT+0530 (India Standard Time)",33.1732509626725
"Fri Jun 15 2018 00:00:00 GMT+0530 (India Standard Time)",33.5823044653388
"Mon Jun 18 2018 00:00:00 GMT+0530 (India Standard Time)",33.7192827178146
"Tue Jun 19 2018 00:00:00 GMT+0530 (India Standard Time)",32.9036196665421
"Wed Jun 20 2018 00:00:00 GMT+0530 (India Standard Time)",32.0247896903605
"Thu Jun 21 2018 00:00:00 GMT+0530 (India Standard Time)",31.3444475696205
"Fri Jun 22 2018 00:00:00 GMT+0530 (India Standard Time)",31.2269870289333
"Mon Jun 25 2018 00:00:00 GMT+0530 (India Standard Time)",30.5393450982952
"Tue Jun 26 2018 00:00:00 GMT+0530 (India Standard Time)",29.5401061627027
"Wed Jun 27 2018 00:00:00 GMT+0530 (India Standard Time)",31.5943842939382
"Thu Jun 28 2018 00:00:00 GMT+0530 (India Standard Time)",31.0876425586569
"Fri Jun 29 2018 00:00:00 GMT+0530 (India Standard Time)",31.8849538044671
"Mon Jul 02 2018 00:00:00 GMT+0530 (India Standard Time)",31.2288856755766
"Tue Jul 03 2018 00:00:00 GMT+0530 (India Standard Time)",30.8625366987497
"Wed Jul 04 2018 00:00:00 GMT+0530 (India Standard Time)",31.7116412202676
"Thu Jul 05 2018 00:00:00 GMT+0530 (India Standard Time)",31.1572382759628
"Fri Jul 06 2018 00:00:00 GMT+0530 (India Standard Time)",30.7352926848226
