"date","chikou_span","kijun_sen","parameter_tenkan_Sen","parameter_kijun_Sen","parameter_senkou_Span_B","senkou_span_A","senkou_span_B","tenkan_sen","y"
"Wed Jun 07 2017 00:00:00 GMT+0530 (India Standard Time)",1307.62,"null",9,26,52,"null","null","null","Oct 2017"
"Thu Jun 08 2017 00:00:00 GMT+0530 (India Standard Time)",1260.8,"null",9,26,52,"null","null","null","Oct 2017"
"Fri Jun 09 2017 00:00:00 GMT+0530 (India Standard Time)",1253.5,"null",9,26,52,"null","null","null","Oct 2017"
"Mon Jun 12 2017 00:00:00 GMT+0530 (India Standard Time)",1243.6,"null",9,26,52,"null","null","null","Oct 2017"
"Tue Jun 13 2017 00:00:00 GMT+0530 (India Standard Time)",1225.78,"null",9,26,52,"null","null","null","Oct 2017"
"Wed Jun 14 2017 00:00:00 GMT+0530 (India Standard Time)",1235.1,"null",9,26,52,"null","null","null","Oct 2017"
"Thu Jun 15 2017 00:00:00 GMT+0530 (India Standard Time)",1205.6,"null",9,26,52,"null","null","null","Oct 2017"
"Fri Jun 16 2017 00:00:00 GMT+0530 (India Standard Time)",1199.85,"null",9,26,52,"null","null","null","Oct 2017"
"Mon Jun 19 2017 00:00:00 GMT+0530 (India Standard Time)",1215.85,"null",9,26,52,"null","null","1271.625","Oct 2017"
"Tue Jun 20 2017 00:00:00 GMT+0530 (India Standard Time)",1222.5,"null",9,26,52,"null","null","1246.31","Oct 2017"
"Wed Jun 21 2017 00:00:00 GMT+0530 (India Standard Time)",1203.15,"null",9,26,52,"null","null","1231.9250000000002","Oct 2017"
"Thu Jun 22 2017 00:00:00 GMT+0530 (India Standard Time)",1197.43,"null",9,26,52,"null","null","1223.3000000000002","Oct 2017"
"Fri Jun 23 2017 00:00:00 GMT+0530 (India Standard Time)",1180.85,"null",9,26,52,"null","null","1208.775","Oct 2017"
"Tue Jun 27 2017 00:00:00 GMT+0530 (India Standard Time)",1171.43,"null",9,26,52,"null","null","1201.9","Oct 2017"
"Wed Jun 28 2017 00:00:00 GMT+0530 (India Standard Time)",1175.03,"null",9,26,52,"null","null","1200.3249999999998","Oct 2017"
"Thu Jun 29 2017 00:00:00 GMT+0530 (India Standard Time)",1166.62,"null",9,26,52,"null","null","1193.025","Oct 2017"
"Fri Jun 30 2017 00:00:00 GMT+0530 (India Standard Time)",1181.18,"null",9,26,52,"null","null","1193.025","Oct 2017"
"Mon Jul 03 2017 00:00:00 GMT+0530 (India Standard Time)",1186.8,"null",9,26,52,"null","null","1193.025","Oct 2017"
"Tue Jul 04 2017 00:00:00 GMT+0530 (India Standard Time)",1183.43,"null",9,26,52,"null","null","1191.31","Oct 2017"
"Wed Jul 05 2017 00:00:00 GMT+0530 (India Standard Time)",1178,"null",9,26,52,"null","null","1188.525","Oct 2017"
"Thu Jul 06 2017 00:00:00 GMT+0530 (India Standard Time)",1173.78,"null",9,26,52,"null","null","1184.26","Oct 2017"
"Fri Jul 07 2017 00:00:00 GMT+0530 (India Standard Time)",1165.97,"null",9,26,52,"null","null","1176.9499999999998","Oct 2017"
"Mon Jul 10 2017 00:00:00 GMT+0530 (India Standard Time)",1217.47,"null",9,26,52,"null","null","1192","Oct 2017"
"Tue Jul 11 2017 00:00:00 GMT+0530 (India Standard Time)",1237.9,"null",9,26,52,"null","null","1209.475","Oct 2017"
"Wed Jul 12 2017 00:00:00 GMT+0530 (India Standard Time)",1219.72,"null",9,26,52,"null","null","1209.475","Oct 2017"
"Thu Jul 13 2017 00:00:00 GMT+0530 (India Standard Time)",1223.2,"1255.775",9,26,52,"1232.9250000000002","null","1210.075","Oct 2017"
"Fri Jul 14 2017 00:00:00 GMT+0530 (India Standard Time)",1198.72,"1232.01",9,26,52,"1221.0425","null","1210.075","Oct 2017"
"Mon Jul 17 2017 00:00:00 GMT+0530 (India Standard Time)",1197.72,"1217.625",9,26,52,"1213.85","null","1210.075","Oct 2017"
"Tue Jul 18 2017 00:00:00 GMT+0530 (India Standard Time)",1204.18,"1209.475",9,26,52,"1209.775","null","1210.075","Oct 2017"
"Wed Jul 19 2017 00:00:00 GMT+0530 (India Standard Time)",1224.8,"1209.475",9,26,52,"1209.775","null","1210.075","Oct 2017"
"Thu Jul 20 2017 00:00:00 GMT+0530 (India Standard Time)",1222.35,"1209.475",9,26,52,"1215.9625","null","1222.45","Oct 2017"
"Fri Jul 21 2017 00:00:00 GMT+0530 (India Standard Time)",1245.6,"1209.475",9,26,52,"1215.9625","null","1222.45","Oct 2017"
"Mon Jul 24 2017 00:00:00 GMT+0530 (India Standard Time)",1265.35,"1215.775",9,26,52,"1222.2625","null","1228.75","Oct 2017"
"Tue Jul 25 2017 00:00:00 GMT+0530 (India Standard Time)",1285.75,"1225.775",9,26,52,"1232.2625","null","1238.75","Oct 2017"
"Wed Jul 26 2017 00:00:00 GMT+0530 (India Standard Time)",1278,"1225.775",9,26,52,"1232.2625","null","1238.75","Oct 2017"
"Thu Jul 27 2017 00:00:00 GMT+0530 (India Standard Time)",1240.85,"1226.975",9,26,52,"1234.3625","null","1241.75","Oct 2017"
"Fri Jul 28 2017 00:00:00 GMT+0530 (India Standard Time)",1242.15,"1226.975",9,26,52,"1236.105","null","1245.2350000000001","Oct 2017"
"Mon Jul 31 2017 00:00:00 GMT+0530 (India Standard Time)",1245.9,"1226.975",9,26,52,"1238.475","null","1249.975","Oct 2017"
"Tue Aug 01 2017 00:00:00 GMT+0530 (India Standard Time)",1250.82,"1226.975",9,26,52,"1240.4","null","1253.825","Oct 2017"
"Wed Aug 02 2017 00:00:00 GMT+0530 (India Standard Time)",1236.9,"1226.975",9,26,52,"1240.9075","null","1254.8400000000001","Oct 2017"
"Thu Aug 03 2017 00:00:00 GMT+0530 (India Standard Time)",1244.72,"1226.975",9,26,52,"1241.8375","null","1256.7","Oct 2017"
"Fri Aug 04 2017 00:00:00 GMT+0530 (India Standard Time)",1261.4,"1226.975",9,26,52,"1241.8375","null","1256.7","Oct 2017"
"Mon Aug 07 2017 00:00:00 GMT+0530 (India Standard Time)",1251.72,"1227.575",9,26,52,"1242.1375","null","1256.7","Oct 2017"
"Tue Aug 08 2017 00:00:00 GMT+0530 (India Standard Time)",1251.53,"1227.575",9,26,52,"1242.1375","null","1256.7","Oct 2017"
"Wed Aug 09 2017 00:00:00 GMT+0530 (India Standard Time)",1256,"1227.575",9,26,52,"1235.1125000000002","null","1242.65","Oct 2017"
"Thu Aug 10 2017 00:00:00 GMT+0530 (India Standard Time)",1255.72,"1227.575",9,26,52,"1237.6125000000002","null","1247.65","Oct 2017"
"Fri Aug 11 2017 00:00:00 GMT+0530 (India Standard Time)",1248.03,"1227.575",9,26,52,"1238.4125","null","1249.25","Oct 2017"
"Mon Aug 14 2017 00:00:00 GMT+0530 (India Standard Time)",1234.7,"1239.95",9,26,52,"1244.6","null","1249.25","Oct 2017"
"Wed Aug 16 2017 00:00:00 GMT+0530 (India Standard Time)",1246.18,"1239.95",9,26,52,"1245.825","null","1251.7","Oct 2017"
"Thu Aug 17 2017 00:00:00 GMT+0530 (India Standard Time)",1242.82,"1239.95",9,26,52,"1245.7125","null","1251.475","Oct 2017"
"Fri Aug 18 2017 00:00:00 GMT+0530 (India Standard Time)",1256.9,"1239.95",9,26,52,"1246.475","null","1253","Oct 2017"
"Mon Aug 21 2017 00:00:00 GMT+0530 (India Standard Time)",1264.4,"1239.95",9,26,52,"1246.475","1255.775","1253","Oct 2017"
"Tue Aug 22 2017 00:00:00 GMT+0530 (India Standard Time)",1248.78,"1241.75",9,26,52,"1247.375","1232.01","1253","Oct 2017"
"Wed Aug 23 2017 00:00:00 GMT+0530 (India Standard Time)",1244.72,"1245.2350000000001",9,26,52,"1249.1175","1226.975","1253","Oct 2017"
"Thu Aug 24 2017 00:00:00 GMT+0530 (India Standard Time)",1248.3,"1249.975",9,26,52,"1251.4875","1226.975","1253","Oct 2017"
"Mon Aug 28 2017 00:00:00 GMT+0530 (India Standard Time)",1243.65,"1253.825",9,26,52,"1253.275","1226.975","1252.725","Oct 2017"
"Tue Aug 29 2017 00:00:00 GMT+0530 (India Standard Time)",1235.43,"1254.8400000000001",9,26,52,"1253.7825","1226.975","1252.725","Oct 2017"
"Wed Aug 30 2017 00:00:00 GMT+0530 (India Standard Time)",1242.28,"1256.7",9,26,52,"1254.6","1226.975","1252.5","Oct 2017"
"Thu Aug 31 2017 00:00:00 GMT+0530 (India Standard Time)",1248.18,"1256.7",9,26,52,"1254.6","1226.975","1252.5","Oct 2017"
"Fri Sep 01 2017 00:00:00 GMT+0530 (India Standard Time)",1228.22,"1255.3400000000001",9,26,52,"1250.865","1226.975","1246.3899999999999","Oct 2017"
"Mon Sep 04 2017 00:00:00 GMT+0530 (India Standard Time)",1228.1,"1255.3400000000001",9,26,52,"1249.6775","1226.975","1244.0149999999999","Oct 2017"
"Tue Sep 05 2017 00:00:00 GMT+0530 (India Standard Time)",1242.18,"1246.615",9,26,52,"1242.62","1226.975","1238.625","Oct 2017"
"Wed Sep 06 2017 00:00:00 GMT+0530 (India Standard Time)",1226.6,"1246.615",9,26,52,"1242.62","1226.975","1238.625","Oct 2017"
"Thu Sep 07 2017 00:00:00 GMT+0530 (India Standard Time)",1230.05,"1246.615",9,26,52,"1241.0525","1226.975","1235.49","Oct 2017"
"Fri Sep 08 2017 00:00:00 GMT+0530 (India Standard Time)",1235.3,"1246.615",9,26,52,"1240.9275","1226.975","1235.24","Oct 2017"
"Mon Sep 11 2017 00:00:00 GMT+0530 (India Standard Time)",1227.22,"1246.615",9,26,52,"1240.9275","1226.975","1235.24","Oct 2017"
"Tue Sep 12 2017 00:00:00 GMT+0530 (India Standard Time)",1244.22,"1246.615",9,26,52,"1240.9275","1226.975","1235.24","Oct 2017"
"Wed Sep 13 2017 00:00:00 GMT+0530 (India Standard Time)",1244.6,"1246.615",9,26,52,"1244.3325","1226.975","1242.05","Oct 2017"
"Thu Sep 14 2017 00:00:00 GMT+0530 (India Standard Time)",1243.47,"1246.615",9,26,52,"1244.395","1227.575","1242.175","Oct 2017"
"Fri Sep 15 2017 00:00:00 GMT+0530 (India Standard Time)",1253.03,"1246.615",9,26,52,"1244.395","1227.575","1242.175","Oct 2017"
"Mon Sep 18 2017 00:00:00 GMT+0530 (India Standard Time)",1249.53,"1246.615",9,26,52,"1246.0124999999998","1227.575","1245.4099999999999","Oct 2017"
"Tue Sep 19 2017 00:00:00 GMT+0530 (India Standard Time)",1249.12,"1246.615",9,26,52,"1246.0124999999998","1227.575","1245.4099999999999","Oct 2017"
"Wed Sep 20 2017 00:00:00 GMT+0530 (India Standard Time)",1246.78,"1246.615",9,26,52,"1246.0124999999998","1227.575","1245.4099999999999","Oct 2017"
"Thu Sep 21 2017 00:00:00 GMT+0530 (India Standard Time)",1262.45,"1246.615",9,26,52,"1247.1825","1239.95","1247.75","Oct 2017"
"Fri Sep 22 2017 00:00:00 GMT+0530 (India Standard Time)",1251.8,"1246.615",9,26,52,"1248.0575","1239.95","1249.5","Oct 2017"
"Mon Sep 25 2017 00:00:00 GMT+0530 (India Standard Time)",1255.38,"1246.615",9,26,52,"1249.92","1239.95","1253.225","Oct 2017"
"Tue Sep 26 2017 00:00:00 GMT+0530 (India Standard Time)",1237.32,"1246.3899999999999",9,26,52,"1249.07","1239.95","1251.75","Oct 2017"
"Wed Sep 27 2017 00:00:00 GMT+0530 (India Standard Time)",1247.5,"1244.3899999999999",9,26,52,"1248.07","1239.95","1251.75","Oct 2017"
"Thu Sep 28 2017 00:00:00 GMT+0530 (India Standard Time)",1238.22,"1244.3899999999999",9,26,52,"1246.32","1241.75","1248.25","Oct 2017"
"Fri Sep 29 2017 00:00:00 GMT+0530 (India Standard Time)",1217.97,"1240.625",9,26,52,"1240.625","1245.2350000000001","1240.625","Oct 2017"
"Tue Oct 03 2017 00:00:00 GMT+0530 (India Standard Time)",1224.22,"1240.625",9,26,52,"1240.625","1249.975","1240.625","Oct 2017"
"Wed Oct 04 2017 00:00:00 GMT+0530 (India Standard Time)",1221.15,"1240.625",9,26,52,"1240.625","1251.575","1240.625","Oct 2017"
"Thu Oct 05 2017 00:00:00 GMT+0530 (India Standard Time)",1214.8,"1240.625",9,26,52,"1239.75","1251.575","1238.875","Oct 2017"
"Fri Oct 06 2017 00:00:00 GMT+0530 (India Standard Time)",1223.32,"1240.625",9,26,52,"1239.75","1251.575","1238.875","Oct 2017"
"Mon Oct 09 2017 00:00:00 GMT+0530 (India Standard Time)",1227.05,"1240.625",9,26,52,"1238.8","1251.575","1236.975","Oct 2017"
"Tue Oct 10 2017 00:00:00 GMT+0530 (India Standard Time)",1229.62,"1240.625",9,26,52,"1237.25","1251.575","1233.875","Oct 2017"
"Wed Oct 11 2017 00:00:00 GMT+0530 (India Standard Time)",1250.18,"1240.625",9,26,52,"1237.305","1251.575","1233.9850000000001","Oct 2017"
"Thu Oct 12 2017 00:00:00 GMT+0530 (India Standard Time)",1274.1,"1244.125",9,26,52,"1244.125","1244.125","1244.125","Oct 2017"
"Fri Oct 13 2017 00:00:00 GMT+0530 (India Standard Time)",1279.3,"1257.6100000000001",9,26,52,"1257.9725","1257.6100000000001","1258.335","Oct 2017"
"Mon Oct 16 2017 00:00:00 GMT+0530 (India Standard Time)",1292.2,"1257.6100000000001",9,26,52,"1257.9725","1257.6100000000001","1258.335","Oct 2017"
"Tue Oct 17 2017 00:00:00 GMT+0530 (India Standard Time)",1297.28,"1259.1100000000001",9,26,52,"1259.4725","1259.1100000000001","1259.835","Oct 2017"
"Wed Oct 18 2017 00:00:00 GMT+0530 (India Standard Time)",1293.3,"1259.1100000000001",9,26,52,"1259.93","1259.1100000000001","1260.75","Oct 2017"
"Thu Oct 19 2017 00:00:00 GMT+0530 (India Standard Time)",1291.95,"1259.1100000000001",9,26,52,"1261.555","1259.1100000000001","1264","Oct 2017"
"Mon Oct 23 2017 00:00:00 GMT+0530 (India Standard Time)",1293.95,"1262.625",9,26,52,"1266.3425","1262.625","1270.06","Oct 2017"
"Tue Oct 24 2017 00:00:00 GMT+0530 (India Standard Time)",1289.2,"1262.625",9,26,52,"1267.0325","1262.625","1271.44","Oct 2017"
"Wed Oct 25 2017 00:00:00 GMT+0530 (India Standard Time)",1279.95,"1262.625",9,26,52,"1273.3125","1262.625","1284","Oct 2017"
"Thu Oct 26 2017 00:00:00 GMT+0530 (India Standard Time)",1269.43,"1262.625",9,26,52,"1274.675","1262.625","1286.725","Oct 2017"
"Fri Oct 27 2017 00:00:00 GMT+0530 (India Standard Time)",1292.15,"1262.625",9,26,52,"1274.675","1262.625","1286.725","Oct 2017"
"Mon Oct 30 2017 00:00:00 GMT+0530 (India Standard Time)",1308.1,"1262.625",9,26,52,"1274.675","1262.625","1286.725","Oct 2017"
"Tue Oct 31 2017 00:00:00 GMT+0530 (India Standard Time)",1312,"1265.375",9,26,52,"1277.425","1265.375","1289.475","Oct 2017"
"Wed Nov 01 2017 00:00:00 GMT+0530 (India Standard Time)",1301.43,"1265.375",9,26,52,"1277.425","1265.375","1289.475","Oct 2017"
"Thu Nov 02 2017 00:00:00 GMT+0530 (India Standard Time)",1313.07,"1273.875",9,26,52,"1285.925","1273.875","1297.975","Oct 2017"
"Fri Nov 03 2017 00:00:00 GMT+0530 (India Standard Time)",1310.05,"1273.875",9,26,52,"1285.925","1273.875","1297.975","Oct 2017"
"Mon Nov 06 2017 00:00:00 GMT+0530 (India Standard Time)",1332.78,"1273.875",9,26,52,"1285.925","1273.875","1297.975","Oct 2017"
"Tue Nov 07 2017 00:00:00 GMT+0530 (India Standard Time)",1355.03,"1297.375",9,26,52,"1309.425","1297.375","1321.475","Oct 2017"
"Wed Nov 08 2017 00:00:00 GMT+0530 (India Standard Time)",1367.5,"1298.1",9,26,52,"1311.3375","1297.375","1324.575","Oct 2017"
"Thu Nov 09 2017 00:00:00 GMT+0530 (India Standard Time)",1368.2,"1298.1",9,26,52,"1317.4075","1297.375","1336.7150000000001","Oct 2017"
"Fri Nov 10 2017 00:00:00 GMT+0530 (India Standard Time)",1354.38,"1298.1",9,26,52,"1317.4075","1297.375","1336.7150000000001","Oct 2017"
"Mon Nov 13 2017 00:00:00 GMT+0530 (India Standard Time)",1379.47,"1301.365",9,26,52,"1320.2150000000001","1299.725","1339.065","Oct 2017"
"Tue Nov 14 2017 00:00:00 GMT+0530 (India Standard Time)",1357.3,"1304.615",9,26,52,"1324.8325","1299.725","1345.0500000000002","Oct 2017"
"Wed Nov 15 2017 00:00:00 GMT+0530 (India Standard Time)",1352.65,"1307.1599999999999",9,26,52,"1326.105","1299.725","1345.0500000000002","Oct 2017"
"Thu Nov 16 2017 00:00:00 GMT+0530 (India Standard Time)",1373.32,"1308.54",9,26,52,"1327.915","1299.725","1347.29","Oct 2017"
"Fri Nov 17 2017 00:00:00 GMT+0530 (India Standard Time)",1353.65,"1321.1",9,26,52,"1340.9825","1299.725","1360.865","Oct 2017"
"Mon Nov 20 2017 00:00:00 GMT+0530 (India Standard Time)",1351.72,"1323.825",9,26,52,"1344.955","1299.725","1366.085","Oct 2017"
"Tue Nov 21 2017 00:00:00 GMT+0530 (India Standard Time)",1336.47,"1323.825",9,26,52,"1342.3375","1299.725","1360.85","Oct 2017"
"Wed Nov 22 2017 00:00:00 GMT+0530 (India Standard Time)",1340.32,"1323.825",9,26,52,"1342.3375","1299.725","1360.85","Oct 2017"
"Thu Nov 23 2017 00:00:00 GMT+0530 (India Standard Time)",1340.62,"1323.825",9,26,52,"1342.3375","1299.725","1360.85","Oct 2017"
"Fri Nov 24 2017 00:00:00 GMT+0530 (India Standard Time)",1344.03,"1323.825",9,26,52,"1340.5375","1299.725","1357.25","Oct 2017"
"Mon Nov 27 2017 00:00:00 GMT+0530 (India Standard Time)",1342.93,"1323.825",9,26,52,"1340.0625","1299.725","1356.3","Oct 2017"
"Tue Nov 28 2017 00:00:00 GMT+0530 (India Standard Time)",1342.65,"1323.825",9,26,52,"1340.0625","1299.725","1356.3","Oct 2017"
"Wed Nov 29 2017 00:00:00 GMT+0530 (India Standard Time)",1329.07,"1323.825",9,26,52,"1336.6750000000002","1299.725","1349.525","Oct 2017"
"Thu Nov 30 2017 00:00:00 GMT+0530 (India Standard Time)",1318.5,"1323.825",9,26,52,"1330.65","1299.725","1337.475","Oct 2017"
"Fri Dec 01 2017 00:00:00 GMT+0530 (India Standard Time)",1314.97,"1326.9250000000002",9,26,52,"1329.8625000000002","1299.725","1332.8","Oct 2017"
"Mon Dec 04 2017 00:00:00 GMT+0530 (India Standard Time)",1316.18,"1339.065",9,26,52,"1333.6125","1299.725","1328.1599999999999","Oct 2017"
"Tue Dec 05 2017 00:00:00 GMT+0530 (India Standard Time)",1317.78,"1339.065",9,26,52,"1332.7625","1299.725","1326.46","Oct 2017"
"Wed Dec 06 2017 00:00:00 GMT+0530 (India Standard Time)",1316.65,"1339.065",9,26,52,"1332.7625","1299.725","1326.46","Oct 2017"
"Thu Dec 07 2017 00:00:00 GMT+0530 (India Standard Time)",1308.62,"1345.0500000000002",9,26,52,"1335.6925","1299.725","1326.335","Oct 2017"
"Fri Dec 08 2017 00:00:00 GMT+0530 (India Standard Time)",1300.75,"1343.6",9,26,52,"1334.225","1299.725","1324.85","Oct 2017"
"Mon Dec 11 2017 00:00:00 GMT+0530 (India Standard Time)",1330.55,"1343.6",9,26,52,"1333.05","1299.725","1322.5","Oct 2017"
"Tue Dec 12 2017 00:00:00 GMT+0530 (India Standard Time)",1306.07,"1343.6",9,26,52,"1330.5049999999999","1299.725","1317.4099999999999","Oct 2017"
"Wed Dec 13 2017 00:00:00 GMT+0530 (India Standard Time)",1314.2,"1343.6",9,26,52,"1330.5049999999999","1299.725","1317.4099999999999","Oct 2017"
"Thu Dec 14 2017 00:00:00 GMT+0530 (India Standard Time)",1278.9,"1327.125",9,26,52,"1314.03","1300.45","1300.935","Oct 2017"
"Fri Dec 15 2017 00:00:00 GMT+0530 (India Standard Time)",1272.8,"1327.125",9,26,52,"1314.03","1300.45","1300.935","Oct 2017"
"Mon Dec 18 2017 00:00:00 GMT+0530 (India Standard Time)",1290.25,"1317.94",9,26,52,"1304.845","1300.45","1291.75","Oct 2017"
"Tue Dec 19 2017 00:00:00 GMT+0530 (India Standard Time)",1287.65,"1314.3400000000001",9,26,52,"1303.045","1301.365","1291.75","Oct 2017"
"Wed Dec 20 2017 00:00:00 GMT+0530 (India Standard Time)",1294.47,"1314.3400000000001",9,26,52,"1303.045","1304.615","1291.75","Oct 2017"
"Thu Dec 21 2017 00:00:00 GMT+0530 (India Standard Time)",1297.85,"1314.3400000000001",9,26,52,"1303.045","1307.1599999999999","1291.75","Oct 2017"
"Fri Dec 22 2017 00:00:00 GMT+0530 (India Standard Time)",1323.38,"1310.615",9,26,52,"1300.0900000000001","1308.54","1289.565","Oct 2017"
"Tue Dec 26 2017 00:00:00 GMT+0530 (India Standard Time)",1324.72,"1305.315",9,26,52,"1300.6725000000001","1317.94","1296.0300000000002","Oct 2017"
"Wed Dec 27 2017 00:00:00 GMT+0530 (India Standard Time)",1309.95,"1301.0149999999999",9,26,52,"1298.5225","1317.94","1296.0300000000002","Oct 2017"
"Thu Dec 28 2017 00:00:00 GMT+0530 (India Standard Time)",1313.47,"1301.0149999999999",9,26,52,"1298.5225","1317.94","1296.0300000000002","Oct 2017"
"Fri Dec 29 2017 00:00:00 GMT+0530 (India Standard Time)",1350.6,"1300.815",9,26,52,"1300.815","1317.94","1300.815","Oct 2017"
"Mon Jan 01 2018 00:00:00 GMT+0530 (India Standard Time)",1322.8,"1300.815",9,26,52,"1307.85","1317.94","1314.885","Oct 2017"
"Tue Jan 02 2018 00:00:00 GMT+0530 (India Standard Time)",1315.6,"1300.815",9,26,52,"1307.85","1317.94","1314.885","Oct 2017"
"Wed Jan 03 2018 00:00:00 GMT+0530 (India Standard Time)",1319.32,"1300.815",9,26,52,"1311.5275000000001","1317.94","1322.24","Oct 2017"
"Thu Jan 04 2018 00:00:00 GMT+0530 (India Standard Time)",1328.55,"1300.815",9,26,52,"1312.795","1317.94","1324.775","Oct 2017"
"Fri Jan 05 2018 00:00:00 GMT+0530 (India Standard Time)",1344.6,"1300.815",9,26,52,"1314.725","1317.94","1328.635","Oct 2017"
"Mon Jan 08 2018 00:00:00 GMT+0530 (India Standard Time)",1357.2,"1305.305",9,26,52,"1319.2150000000001","1317.94","1333.125","Oct 2017"
"Tue Jan 09 2018 00:00:00 GMT+0530 (India Standard Time)",1354.5,"1305.305",9,26,52,"1319.2150000000001","1317.94","1333.125","Oct 2017"
"Wed Jan 10 2018 00:00:00 GMT+0530 (India Standard Time)",1403.3,"1327.5900000000001",9,26,52,"1343.115","1327.5900000000001","1358.6399999999999","Oct 2017"
"Thu Jan 11 2018 00:00:00 GMT+0530 (India Standard Time)",1395.25,"1329.065",9,26,52,"1344.795","1329.065","1360.525","Oct 2017"
"Fri Jan 12 2018 00:00:00 GMT+0530 (India Standard Time)",1388.18,"1329.065",9,26,52,"1344.795","1329.065","1360.525","Oct 2017"
"Mon Jan 15 2018 00:00:00 GMT+0530 (India Standard Time)",1373.05,"1329.065",9,26,52,"1346.17","1329.065","1363.275","Oct 2017"
"Tue Jan 16 2018 00:00:00 GMT+0530 (India Standard Time)",1425.43,"1339",9,26,52,"1357.205","1339","1375.4099999999999","Oct 2017"
"Wed Jan 17 2018 00:00:00 GMT+0530 (India Standard Time)",1444.47,"1354.8400000000001",9,26,52,"1374.295","1354.8400000000001","1393.75","Oct 2017"
"Thu Jan 18 2018 00:00:00 GMT+0530 (India Standard Time)",1459.1,"1356.8400000000001",9,26,52,"1379.615","1356.8400000000001","1402.3899999999999","Oct 2017"
"Fri Jan 19 2018 00:00:00 GMT+0530 (India Standard Time)",1479.65,"1369.0900000000001",9,26,52,"1391.865","1369.0900000000001","1414.6399999999999","Oct 2017"
"Mon Jan 22 2018 00:00:00 GMT+0530 (India Standard Time)",1558.2,"1407.2649999999999",9,26,52,"1432.3","1407.2649999999999","1457.335","Oct 2017"
"Tue Jan 23 2018 00:00:00 GMT+0530 (India Standard Time)",1551,"1409.18",9,26,52,"1439.2675","1409.18","1469.355","Oct 2017"
"Wed Jan 24 2018 00:00:00 GMT+0530 (India Standard Time)",1587.3,"1452.425",9,26,52,"1475.4775","1438.355","1498.53","Oct 2017"
"Thu Jan 25 2018 00:00:00 GMT+0530 (India Standard Time)",1560.53,"1452.425",9,26,52,"1475.4775","1438.355","1498.53","Oct 2017"
"Mon Jan 29 2018 00:00:00 GMT+0530 (India Standard Time)",1599.43,"1459.78",9,26,52,"1481.0925","1438.355","1502.405","Oct 2017"
"Tue Jan 30 2018 00:00:00 GMT+0530 (India Standard Time)",1576.43,"1462.315",9,26,52,"1496.3075","1438.355","1530.3","Oct 2017"
"Wed Jan 31 2018 00:00:00 GMT+0530 (India Standard Time)",1556.18,"1466.175",9,26,52,"1498.9775","1438.355","1531.78","Oct 2017"
"Thu Feb 01 2018 00:00:00 GMT+0530 (India Standard Time)",1569.3,"1466.175",9,26,52,"1503.425","1438.355","1540.675","Oct 2017"
"Fri Feb 02 2018 00:00:00 GMT+0530 (India Standard Time)",1576.82,"1466.175",9,26,52,"1505.7199999999998","1438.355","1545.2649999999999","Oct 2017"
"Mon Feb 05 2018 00:00:00 GMT+0530 (India Standard Time)",1551.6,"1469.405",9,26,52,"1526.6925","1438.355","1583.98","Oct 2017"
"Tue Feb 06 2018 00:00:00 GMT+0530 (India Standard Time)",1498.62,"1469.815",9,26,52,"1515.415","1438.355","1561.0149999999999","Oct 2017"
"Wed Feb 07 2018 00:00:00 GMT+0530 (India Standard Time)",1477.53,"1469.815",9,26,52,"1506.4625","1438.355","1543.1100000000001","Oct 2017"
"Thu Feb 08 2018 00:00:00 GMT+0530 (India Standard Time)",1487.1,"1472.565",9,26,52,"1507.8375","1438.355","1543.1100000000001","Oct 2017"
"Fri Feb 09 2018 00:00:00 GMT+0530 (India Standard Time)",1485.85,"1474.7649999999999",9,26,52,"1499.9375","1438.355","1525.1100000000001","Oct 2017"
"Mon Feb 12 2018 00:00:00 GMT+0530 (India Standard Time)",1483.65,"1477.2649999999999",9,26,52,"1499.4624999999999","1438.355","1521.6599999999999","Oct 2017"
"Wed Feb 14 2018 00:00:00 GMT+0530 (India Standard Time)",1455.9,"1483.905",9,26,52,"1502.2649999999999","1438.355","1520.625","Oct 2017"
"Thu Feb 15 2018 00:00:00 GMT+0530 (India Standard Time)",1462.93,"1483.905",9,26,52,"1502.2649999999999","1438.355","1520.625","Oct 2017"
"Fri Feb 16 2018 00:00:00 GMT+0530 (India Standard Time)",1466.53,"1488.425",9,26,52,"1504.275","1438.355","1520.125","Oct 2017"
"Mon Feb 19 2018 00:00:00 GMT+0530 (India Standard Time)",1461.8,"1498.53",9,26,52,"1495.4699999999998","1438.355","1492.4099999999999","Oct 2017"
"Tue Feb 20 2018 00:00:00 GMT+0530 (India Standard Time)",1472.38,"1498.53",9,26,52,"1489.7024999999999","1438.355","1480.875","Oct 2017"
"Wed Feb 21 2018 00:00:00 GMT+0530 (India Standard Time)",1521.15,"1498.53",9,26,52,"1493.6525000000001","1438.355","1488.775","Oct 2017"
"Thu Feb 22 2018 00:00:00 GMT+0530 (India Standard Time)",1525.1,"1502.405",9,26,52,"1497.6399999999999","1438.355","1492.875","Oct 2017"
"Fri Feb 23 2018 00:00:00 GMT+0530 (India Standard Time)",1537.9,"1530.3",9,26,52,"1512.8375","1438.355","1495.375","Oct 2017"
"Mon Feb 26 2018 00:00:00 GMT+0530 (India Standard Time)",1515.85,"1531.78",9,26,52,"1513.6950000000002","1438.355","1495.6100000000001","Oct 2017"
"Tue Feb 27 2018 00:00:00 GMT+0530 (India Standard Time)",1521.18,"1537.8899999999999",9,26,52,"1517.0874999999999","1438.355","1496.2849999999999","Oct 2017"
"Wed Feb 28 2018 00:00:00 GMT+0530 (India Standard Time)",1517.53,"1537.8899999999999",9,26,52,"1517.0874999999999","1438.355","1496.2849999999999","Oct 2017"
"Thu Mar 01 2018 00:00:00 GMT+0530 (India Standard Time)",1518.85,"1537.8899999999999",9,26,52,"1517.0874999999999","1438.355","1496.2849999999999","Oct 2017"
"Mon Mar 05 2018 00:00:00 GMT+0530 (India Standard Time)",1552.93,"1537.8899999999999",9,26,52,"1524.1374999999998","1438.355","1510.385","Oct 2017"
"Tue Mar 06 2018 00:00:00 GMT+0530 (India Standard Time)",1521.4,"1529.375",9,26,52,"1525.57","1452.425","1521.7649999999999","Oct 2017"
"Wed Mar 07 2018 00:00:00 GMT+0530 (India Standard Time)",1513.72,"1529.375",9,26,52,"1529.575","1452.425","1529.775","Oct 2017"
"Thu Mar 08 2018 00:00:00 GMT+0530 (India Standard Time)",1501.97,"1524.075",9,26,52,"1526.35","1459.78","1528.625","Oct 2017"
"Fri Mar 09 2018 00:00:00 GMT+0530 (India Standard Time)",1517.05,"1520.625",9,26,52,"1523.3375","1462.315","1526.05","Oct 2017"
"Mon Mar 12 2018 00:00:00 GMT+0530 (India Standard Time)",1526.07,"1520.625",9,26,52,"1523.3375","1466.175","1526.05","Oct 2017"
"Tue Mar 13 2018 00:00:00 GMT+0530 (India Standard Time)",1443.4,"1515.5",9,26,52,"1507.625","1466.175","1499.75","Oct 2017"
"Wed Mar 14 2018 00:00:00 GMT+0530 (India Standard Time)",1443.45,"1515",9,26,52,"1507.375","1466.175","1499.75","Oct 2017"
"Thu Mar 15 2018 00:00:00 GMT+0530 (India Standard Time)",1434.85,"1495.65",9,26,52,"1495.65","1469.405","1495.65","Oct 2017"
"Fri Mar 16 2018 00:00:00 GMT+0530 (India Standard Time)",1412.85,"1483",9,26,52,"1483","1469.815","1483","Oct 2017"
"Mon Mar 19 2018 00:00:00 GMT+0530 (India Standard Time)",1415.5,"1483",9,26,52,"1478.25","1469.815","1473.5","Oct 2017"
"Tue Mar 20 2018 00:00:00 GMT+0530 (India Standard Time)",1432.43,"1483",9,26,52,"1477.6125","1472.565","1472.225","Oct 2017"
"Wed Mar 21 2018 00:00:00 GMT+0530 (India Standard Time)",1428.38,"1483",9,26,52,"1477.6125","1474.7649999999999","1472.225","Oct 2017"
"Thu Mar 22 2018 00:00:00 GMT+0530 (India Standard Time)",1415.68,"1483",9,26,52,"1477.6125","1477.2649999999999","1472.225","Oct 2017"
"Fri Mar 23 2018 00:00:00 GMT+0530 (India Standard Time)",1409.07,"1481.2649999999999",9,26,52,"1457.8525","1483.905","1434.44","Oct 2017"
"Mon Mar 26 2018 00:00:00 GMT+0530 (India Standard Time)",1408.5,"1477.1399999999999",9,26,52,"1451.6475","1483.905","1426.155","Oct 2017"
"Tue Mar 27 2018 00:00:00 GMT+0530 (India Standard Time)",1423.85,"1477.1399999999999",9,26,52,"1449.085","1488.425","1421.03","Oct 2017"
"Wed Mar 28 2018 00:00:00 GMT+0530 (India Standard Time)",1424.57,"1477.1399999999999",9,26,52,"1446.8025","1498.53","1416.4650000000001","Oct 2017"
"Mon Apr 02 2018 00:00:00 GMT+0530 (India Standard Time)",1454.82,"1477.1399999999999",9,26,52,"1450.5149999999999","1498.53","1423.8899999999999","Oct 2017"
"Tue Apr 03 2018 00:00:00 GMT+0530 (India Standard Time)",1455.62,"1477.1399999999999",9,26,52,"1452.5025","1498.53","1427.865","Oct 2017"
"Wed Apr 04 2018 00:00:00 GMT+0530 (India Standard Time)",1455.45,"1477.1399999999999",9,26,52,"1453.0149999999999","1502.405","1428.8899999999999","Oct 2017"
"Thu Apr 05 2018 00:00:00 GMT+0530 (India Standard Time)",1478.97,"1477.1399999999999",9,26,52,"1456.735","1510.155","1436.33","Oct 2017"
"Fri Apr 06 2018 00:00:00 GMT+0530 (India Standard Time)",1475.15,"1477.1399999999999",9,26,52,"1456.735","1510.155","1436.33","Oct 2017"
"Mon Apr 09 2018 00:00:00 GMT+0530 (India Standard Time)",1461.95,"1477.1399999999999",9,26,52,"1456.735","1510.155","1436.33","Oct 2017"
"Tue Apr 10 2018 00:00:00 GMT+0530 (India Standard Time)",1468.8,"1477.1399999999999",9,26,52,"1461.9225","1510.155","1446.705","Oct 2017"
"Wed Apr 11 2018 00:00:00 GMT+0530 (India Standard Time)",1507.07,"1477.1399999999999",9,26,52,"1469.82","1510.155","1462.5","Oct 2017"
"Thu Apr 12 2018 00:00:00 GMT+0530 (India Standard Time)",1569.62,"1482.8899999999999",9,26,52,"1490.195","1510.155","1497.5","Oct 2017"
"Fri Apr 13 2018 00:00:00 GMT+0530 (India Standard Time)",1576.65,"1505.5900000000001",9,26,52,"1519.395","1505.5900000000001","1533.2","Oct 2017"
"Mon Apr 16 2018 00:00:00 GMT+0530 (India Standard Time)",1593.82,"1505.5900000000001",9,26,52,"1519.395","1505.5900000000001","1533.2","Oct 2017"
"Tue Apr 17 2018 00:00:00 GMT+0530 (India Standard Time)",1583.3,"1505.5900000000001",9,26,52,"1522.27","1505.5900000000001","1538.95","Oct 2017"
"Wed Apr 18 2018 00:00:00 GMT+0530 (India Standard Time)",1579.55,"1505.5900000000001",9,26,52,"1522.27","1505.5900000000001","1538.95","Oct 2017"
"Thu Apr 19 2018 00:00:00 GMT+0530 (India Standard Time)",1595.57,"1505.5900000000001",9,26,52,"1522.27","1505.5900000000001","1538.95","Oct 2017"
"Fri Apr 20 2018 00:00:00 GMT+0530 (India Standard Time)",1701.22,"1550.98",9,26,52,"1568.9975","1550.98","1587.0149999999999","Oct 2017"
"Mon Apr 23 2018 00:00:00 GMT+0530 (India Standard Time)",1704.32,"1584.865",9,26,52,"1605.37","1584.865","1625.875","Oct 2017"
"Tue Apr 24 2018 00:00:00 GMT+0530 (India Standard Time)",1692.82,"1584.865",9,26,52,"1613.1625","1584.865","1641.46","Oct 2017"
"Wed Apr 25 2018 00:00:00 GMT+0530 (India Standard Time)",1735.12,"1584.865",9,26,52,"1626.0149999999999","1584.865","1667.165","Oct 2017"
"Thu Apr 26 2018 00:00:00 GMT+0530 (India Standard Time)",1769.62,"1585.3899999999999",9,26,52,"1626.54","1585.3899999999999","1667.69","Oct 2017"
"Fri Apr 27 2018 00:00:00 GMT+0530 (India Standard Time)",1725.97,"1585.3899999999999",9,26,52,"1630.9275","1585.3899999999999","1676.4650000000001","Oct 2017"
"Mon Apr 30 2018 00:00:00 GMT+0530 (India Standard Time)",1766.05,"1585.3899999999999",9,26,52,"1630.9275","1585.3899999999999","1676.4650000000001","Oct 2017"
"Wed May 02 2018 00:00:00 GMT+0530 (India Standard Time)",1749.88,"1585.3899999999999",9,26,52,"1633.415","1585.3899999999999","1681.44","Oct 2017"
"Thu May 03 2018 00:00:00 GMT+0530 (India Standard Time)",1740.93,"1585.3899999999999",9,26,52,"1642.695","1585.3899999999999","1700","Oct 2017"
"Fri May 04 2018 00:00:00 GMT+0530 (India Standard Time)",1740.38,"1595.7649999999999",9,26,52,"1660.695","1585.3899999999999","1725.625","Oct 2017"
"Mon May 07 2018 00:00:00 GMT+0530 (India Standard Time)",1710.47,"1596.25",9,26,52,"1660.9375","1585.3899999999999","1725.625","Oct 2017"
"Tue May 08 2018 00:00:00 GMT+0530 (India Standard Time)",1720.6,"1600",9,26,52,"1665.6325","1585.3899999999999","1731.2649999999999","Oct 2017"
"Wed May 09 2018 00:00:00 GMT+0530 (India Standard Time)",1744.65,"1613",9,26,52,"1676.0875","1585.3899999999999","1739.175","Oct 2017"
"Thu May 10 2018 00:00:00 GMT+0530 (India Standard Time)",1725.62,"1613",9,26,52,"1674.7125","1585.3899999999999","1736.425","Oct 2017"
"Fri May 11 2018 00:00:00 GMT+0530 (India Standard Time)",1728.47,"1618.75",9,26,52,"1677.5875","1585.3899999999999","1736.425","Oct 2017"
"Mon May 14 2018 00:00:00 GMT+0530 (India Standard Time)",1716.78,"1618.75",9,26,52,"1675.4875","1585.3899999999999","1732.225","Oct 2017"
"Tue May 15 2018 00:00:00 GMT+0530 (India Standard Time)",1741.2,"1618.75",9,26,52,"1674.7125","1585.3899999999999","1730.675","Oct 2017"
"Wed May 16 2018 00:00:00 GMT+0530 (India Standard Time)",1746.95,"1621.425",9,26,52,"1674.1925","1585.3899999999999","1726.96","Oct 2017"
"Thu May 17 2018 00:00:00 GMT+0530 (India Standard Time)",1745.9,"1626.4",9,26,52,"1679.43","1585.3899999999999","1732.46","Oct 2017"
"Fri May 18 2018 00:00:00 GMT+0530 (India Standard Time)",1751.03,"1641.9850000000001",9,26,52,"1687.2225","1585.3899999999999","1732.46","Oct 2017"
"Mon May 21 2018 00:00:00 GMT+0530 (India Standard Time)",1778.38,"1675.69",9,26,52,"1713.1950000000002","1593.3899999999999","1750.7","Oct 2017"
"Tue May 22 2018 00:00:00 GMT+0530 (India Standard Time)",1754.45,"1675.69",9,26,52,"1713.1950000000002","1593.3899999999999","1750.7","Oct 2017"
"Wed May 23 2018 00:00:00 GMT+0530 (India Standard Time)",1747.55,"1684.4650000000001",9,26,52,"1717.5825","1593.3899999999999","1750.7","Oct 2017"
"Thu May 24 2018 00:00:00 GMT+0530 (India Standard Time)",1801.85,"1690.2150000000001",9,26,52,"1723.3325","1599.1399999999999","1756.45","Oct 2017"
"Fri May 25 2018 00:00:00 GMT+0530 (India Standard Time)",1792.9,"1710.14",9,26,52,"1743.6325000000002","1614.0900000000001","1777.125","Oct 2017"
"Mon May 28 2018 00:00:00 GMT+0530 (India Standard Time)",1751.03,"1728.7",9,26,52,"1755.95","1614.0900000000001","1783.2","Oct 2017"
"Tue May 29 2018 00:00:00 GMT+0530 (India Standard Time)",1761.75,"1754.325",9,26,52,"1768.7625","1614.0900000000001","1783.2","Oct 2017"
"Wed May 30 2018 00:00:00 GMT+0530 (India Standard Time)",1757.05,"1754.325",9,26,52,"1768.7625","1614.0900000000001","1783.2","Oct 2017"
"Thu May 31 2018 00:00:00 GMT+0530 (India Standard Time)",1741.05,"1759.9650000000001",9,26,52,"1770.8575","1614.0900000000001","1781.75","Oct 2017"
"Fri Jun 01 2018 00:00:00 GMT+0530 (India Standard Time)",1732.45,"1767.875",9,26,52,"1772.3625","1614.0900000000001","1776.85","Oct 2017"
"Mon Jun 04 2018 00:00:00 GMT+0530 (India Standard Time)",1744.25,"1767.875",9,26,52,"1771.4375","1614.0900000000001","1775","Oct 2017"
"Tue Jun 05 2018 00:00:00 GMT+0530 (India Standard Time)",1721.6,"1767.875",9,26,52,"1771.075","1614.0900000000001","1774.275","Oct 2017"
"Wed Jun 06 2018 00:00:00 GMT+0530 (India Standard Time)",1725.75,"1767.875",9,26,52,"1771.075","1614.0900000000001","1774.275","Oct 2017"
"Thu Jun 07 2018 00:00:00 GMT+0530 (India Standard Time)",1735.55,"1767.875",9,26,52,"1763.7875","1614.0900000000001","1759.7","Oct 2017"
"Fri Jun 08 2018 00:00:00 GMT+0530 (India Standard Time)",1747.1,"1767.875",9,26,52,"1754.725","1614.0900000000001","1741.575","Oct 2017"
