"date","chikou_span","kijun_sen","parameter_tenkan_Sen","parameter_kijun_Sen","parameter_senkou_Span_B","senkou_span_A","senkou_span_B","tenkan_sen","y"
"Wed Jun 07 2017 00:00:00 GMT+0530 (India Standard Time)",7205.7,"null",9,26,52,"null","null","null","Oct 2017"
"Thu Jun 08 2017 00:00:00 GMT+0530 (India Standard Time)",7249.5,"null",9,26,52,"null","null","null","Oct 2017"
"Fri Jun 09 2017 00:00:00 GMT+0530 (India Standard Time)",7464.85,"null",9,26,52,"null","null","null","Oct 2017"
"Mon Jun 12 2017 00:00:00 GMT+0530 (India Standard Time)",7373.65,"null",9,26,52,"null","null","null","Oct 2017"
"Tue Jun 13 2017 00:00:00 GMT+0530 (India Standard Time)",7348.95,"null",9,26,52,"null","null","null","Oct 2017"
"Wed Jun 14 2017 00:00:00 GMT+0530 (India Standard Time)",7351.05,"null",9,26,52,"null","null","null","Oct 2017"
"Thu Jun 15 2017 00:00:00 GMT+0530 (India Standard Time)",7312.3,"null",9,26,52,"null","null","null","Oct 2017"
"Fri Jun 16 2017 00:00:00 GMT+0530 (India Standard Time)",7263.9,"null",9,26,52,"null","null","null","Oct 2017"
"Mon Jun 19 2017 00:00:00 GMT+0530 (India Standard Time)",7249.25,"null",9,26,52,"null","null","7294.25","Oct 2017"
"Tue Jun 20 2017 00:00:00 GMT+0530 (India Standard Time)",7207.25,"null",9,26,52,"null","null","7335.6","Oct 2017"
"Wed Jun 21 2017 00:00:00 GMT+0530 (India Standard Time)",7268.2,"null",9,26,52,"null","null","7317.1","Oct 2017"
"Thu Jun 22 2017 00:00:00 GMT+0530 (India Standard Time)",7316.1,"null",9,26,52,"null","null","7304.15","Oct 2017"
"Fri Jun 23 2017 00:00:00 GMT+0530 (India Standard Time)",7219.15,"null",9,26,52,"null","null","7304.15","Oct 2017"
"Tue Jun 27 2017 00:00:00 GMT+0530 (India Standard Time)",7183.35,"null",9,26,52,"null","null","7273.15","Oct 2017"
"Wed Jun 28 2017 00:00:00 GMT+0530 (India Standard Time)",7225.05,"null",9,26,52,"null","null","7273.15","Oct 2017"
"Thu Jun 29 2017 00:00:00 GMT+0530 (India Standard Time)",7224.35,"null",9,26,52,"null","null","7256.675","Oct 2017"
"Fri Jun 30 2017 00:00:00 GMT+0530 (India Standard Time)",7217.6,"null",9,26,52,"null","null","7252.65","Oct 2017"
"Mon Jul 03 2017 00:00:00 GMT+0530 (India Standard Time)",7354,"null",9,26,52,"null","null","7259.15","Oct 2017"
"Tue Jul 04 2017 00:00:00 GMT+0530 (India Standard Time)",7376.15,"null",9,26,52,"null","null","7284.175","Oct 2017"
"Wed Jul 05 2017 00:00:00 GMT+0530 (India Standard Time)",7377.65,"null",9,26,52,"null","null","7285.075000000001","Oct 2017"
"Thu Jul 06 2017 00:00:00 GMT+0530 (India Standard Time)",7474.05,"null",9,26,52,"null","null","7326.55","Oct 2017"
"Fri Jul 07 2017 00:00:00 GMT+0530 (India Standard Time)",7432.8,"null",9,26,52,"null","null","7326.55","Oct 2017"
"Mon Jul 10 2017 00:00:00 GMT+0530 (India Standard Time)",7430.45,"null",9,26,52,"null","null","7100","Oct 2017"
"Tue Jul 11 2017 00:00:00 GMT+0530 (India Standard Time)",7457,"null",9,26,52,"null","null","7100","Oct 2017"
"Wed Jul 12 2017 00:00:00 GMT+0530 (India Standard Time)",7476.65,"null",9,26,52,"null","null","7100","Oct 2017"
"Thu Jul 13 2017 00:00:00 GMT+0530 (India Standard Time)",7567.55,"7137.25",9,26,52,"7137.25","null","7137.25","Oct 2017"
"Fri Jul 14 2017 00:00:00 GMT+0530 (India Standard Time)",7557.25,"7144.475",9,26,52,"7144.475","null","7144.475","Oct 2017"
"Mon Jul 17 2017 00:00:00 GMT+0530 (India Standard Time)",7522.3,"7144.475",9,26,52,"7144.475","null","7144.475","Oct 2017"
"Tue Jul 18 2017 00:00:00 GMT+0530 (India Standard Time)",7549.35,"7145.75",9,26,52,"7145.75","null","7145.75","Oct 2017"
"Wed Jul 19 2017 00:00:00 GMT+0530 (India Standard Time)",7561.5,"7145.75",9,26,52,"7145.75","null","7145.75","Oct 2017"
"Thu Jul 20 2017 00:00:00 GMT+0530 (India Standard Time)",7490.95,"7145.75",9,26,52,"7145.75","null","7145.75","Oct 2017"
"Fri Jul 21 2017 00:00:00 GMT+0530 (India Standard Time)",7543,"7145.75",9,26,52,"7320.75","null","7495.75","Oct 2017"
"Mon Jul 24 2017 00:00:00 GMT+0530 (India Standard Time)",7554.55,"7145.75",9,26,52,"7329.525","null","7513.3","Oct 2017"
"Tue Jul 25 2017 00:00:00 GMT+0530 (India Standard Time)",7504.85,"7145.75",9,26,52,"7332","null","7518.25","Oct 2017"
"Wed Jul 26 2017 00:00:00 GMT+0530 (India Standard Time)",7565.25,"7147.5",9,26,52,"7333.75","null","7520","Oct 2017"
"Thu Jul 27 2017 00:00:00 GMT+0530 (India Standard Time)",7599.6,"7191.7",9,26,52,"7377.95","null","7564.2","Oct 2017"
"Fri Jul 28 2017 00:00:00 GMT+0530 (India Standard Time)",7630.45,"7191.7",9,26,52,"7377.95","null","7564.2","Oct 2017"
"Mon Jul 31 2017 00:00:00 GMT+0530 (India Standard Time)",7750.05,"7232.5",9,26,52,"7418.75","null","7605","Oct 2017"
"Tue Aug 01 2017 00:00:00 GMT+0530 (India Standard Time)",7856.1,"7310",9,26,52,"7496.25","null","7682.5","Oct 2017"
"Wed Aug 02 2017 00:00:00 GMT+0530 (India Standard Time)",7795.5,"7310",9,26,52,"7496.25","null","7682.5","Oct 2017"
"Thu Aug 03 2017 00:00:00 GMT+0530 (India Standard Time)",7737.4,"7310",9,26,52,"7508.3875","null","7706.775","Oct 2017"
"Fri Aug 04 2017 00:00:00 GMT+0530 (India Standard Time)",7770.3,"7310",9,26,52,"7508.3875","null","7706.775","Oct 2017"
"Mon Aug 07 2017 00:00:00 GMT+0530 (India Standard Time)",7838.65,"7310",9,26,52,"7511","null","7712","Oct 2017"
"Tue Aug 08 2017 00:00:00 GMT+0530 (India Standard Time)",7755.9,"7310",9,26,52,"7519","null","7728","Oct 2017"
"Wed Aug 09 2017 00:00:00 GMT+0530 (India Standard Time)",7661.6,"7310",9,26,52,"7531","null","7752","Oct 2017"
"Thu Aug 10 2017 00:00:00 GMT+0530 (India Standard Time)",7578.75,"7310",9,26,52,"7519.725","null","7729.45","Oct 2017"
"Fri Aug 11 2017 00:00:00 GMT+0530 (India Standard Time)",7457.4,"7310",9,26,52,"7480","null","7650","Oct 2017"
"Mon Aug 14 2017 00:00:00 GMT+0530 (India Standard Time)",7608.45,"7310",9,26,52,"7473.0875","null","7636.175","Oct 2017"
"Wed Aug 16 2017 00:00:00 GMT+0530 (India Standard Time)",7701.15,"7650",9,26,52,"7643.0875","null","7636.175","Oct 2017"
"Thu Aug 17 2017 00:00:00 GMT+0530 (India Standard Time)",7582.45,"7650",9,26,52,"7643.0875","null","7636.175","Oct 2017"
"Fri Aug 18 2017 00:00:00 GMT+0530 (India Standard Time)",7598.8,"7650",9,26,52,"7643.0875","null","7636.175","Oct 2017"
"Mon Aug 21 2017 00:00:00 GMT+0530 (India Standard Time)",7501.9,"7650",9,26,52,"7641.25","7310","7632.5","Oct 2017"
"Tue Aug 22 2017 00:00:00 GMT+0530 (India Standard Time)",7496.1,"7650",9,26,52,"7618.75","7310","7587.5","Oct 2017"
"Wed Aug 23 2017 00:00:00 GMT+0530 (India Standard Time)",7573.05,"7650",9,26,52,"7600.025","7310","7550.05","Oct 2017"
"Thu Aug 24 2017 00:00:00 GMT+0530 (India Standard Time)",7612.85,"7650",9,26,52,"7600.025","7310","7550.05","Oct 2017"
"Mon Aug 28 2017 00:00:00 GMT+0530 (India Standard Time)",7579,"7650",9,26,52,"7623.8","7310","7597.6","Oct 2017"
"Tue Aug 29 2017 00:00:00 GMT+0530 (India Standard Time)",7521.5,"7650",9,26,52,"7623.8","7310","7597.6","Oct 2017"
"Wed Aug 30 2017 00:00:00 GMT+0530 (India Standard Time)",7557.45,"7650",9,26,52,"7620.9875","7310","7591.975","Oct 2017"
"Thu Aug 31 2017 00:00:00 GMT+0530 (India Standard Time)",7700.3,"7650",9,26,52,"7623.875","7310","7597.75","Oct 2017"
"Fri Sep 01 2017 00:00:00 GMT+0530 (India Standard Time)",7812.3,"7650",9,26,52,"7652.5","7310","7655","Oct 2017"
"Mon Sep 04 2017 00:00:00 GMT+0530 (India Standard Time)",7821.5,"7650",9,26,52,"7662.775","7310","7675.55","Oct 2017"
"Tue Sep 05 2017 00:00:00 GMT+0530 (India Standard Time)",7817.2,"7650",9,26,52,"7664.9","7310","7679.8","Oct 2017"
"Wed Sep 06 2017 00:00:00 GMT+0530 (India Standard Time)",7846.65,"7650",9,26,52,"7671.9","7310","7693.8","Oct 2017"
"Thu Sep 07 2017 00:00:00 GMT+0530 (India Standard Time)",7919.2,"7664.5",9,26,52,"7693.2625","7324.5","7722.025","Oct 2017"
"Fri Sep 08 2017 00:00:00 GMT+0530 (India Standard Time)",7970.75,"7679.875",9,26,52,"7708.6375","7339.875","7737.4","Oct 2017"
"Mon Sep 11 2017 00:00:00 GMT+0530 (India Standard Time)",8142.4,"7774",9,26,52,"7812","7434","7850","Oct 2017"
"Tue Sep 12 2017 00:00:00 GMT+0530 (India Standard Time)",8154.5,"7786",9,26,52,"7824","7446","7862","Oct 2017"
"Wed Sep 13 2017 00:00:00 GMT+0530 (India Standard Time)",8122.6,"7790",9,26,52,"7877.5","7450","7965","Oct 2017"
"Thu Sep 14 2017 00:00:00 GMT+0530 (India Standard Time)",8070.25,"7790",9,26,52,"7884.1875","7450","7978.375","Oct 2017"
"Fri Sep 15 2017 00:00:00 GMT+0530 (India Standard Time)",8099.75,"7790",9,26,52,"7887.5","7450","7985","Oct 2017"
"Mon Sep 18 2017 00:00:00 GMT+0530 (India Standard Time)",8157.85,"7790",9,26,52,"7887.5","7450","7985","Oct 2017"
"Tue Sep 19 2017 00:00:00 GMT+0530 (India Standard Time)",8131.7,"7790",9,26,52,"7909.625","7450","8029.25","Oct 2017"
"Wed Sep 20 2017 00:00:00 GMT+0530 (India Standard Time)",8120.15,"7837.55",9,26,52,"7941.775","7450","8046","Oct 2017"
"Thu Sep 21 2017 00:00:00 GMT+0530 (India Standard Time)",8144.95,"7837.55",9,26,52,"7968.775","7450","8100","Oct 2017"
"Fri Sep 22 2017 00:00:00 GMT+0530 (India Standard Time)",8068.2,"7837.55",9,26,52,"7979.2875","7790","8121.025","Oct 2017"
"Mon Sep 25 2017 00:00:00 GMT+0530 (India Standard Time)",7964.95,"7837.55",9,26,52,"7932.5375","7790","8027.525","Oct 2017"
"Tue Sep 26 2017 00:00:00 GMT+0530 (India Standard Time)",7889.9,"7837.55",9,26,52,"7928.7875","7790","8020.025","Oct 2017"
"Wed Sep 27 2017 00:00:00 GMT+0530 (India Standard Time)",7739.95,"7837.55",9,26,52,"7893.775","7790","7950","Oct 2017"
"Thu Sep 28 2017 00:00:00 GMT+0530 (India Standard Time)",7897.35,"7841.8",9,26,52,"7879.9","7790","7918","Oct 2017"
"Fri Sep 29 2017 00:00:00 GMT+0530 (India Standard Time)",7978.2,"7841.8",9,26,52,"7879.887500000001","7790","7917.975","Oct 2017"
"Tue Oct 03 2017 00:00:00 GMT+0530 (India Standard Time)",7888.3,"7847.525",9,26,52,"7880.3875","7790","7913.25","Oct 2017"
"Wed Oct 04 2017 00:00:00 GMT+0530 (India Standard Time)",7847.2,"7847.525",9,26,52,"7880.3875","7790","7913.25","Oct 2017"
"Thu Oct 05 2017 00:00:00 GMT+0530 (India Standard Time)",7831.05,"7866",9,26,52,"7889.625","7790","7913.25","Oct 2017"
"Fri Oct 06 2017 00:00:00 GMT+0530 (India Standard Time)",7903.2,"7866",9,26,52,"7868","7790","7870","Oct 2017"
"Mon Oct 09 2017 00:00:00 GMT+0530 (India Standard Time)",7896.7,"7925.5",9,26,52,"7892.7625","7790","7860.025","Oct 2017"
"Tue Oct 10 2017 00:00:00 GMT+0530 (India Standard Time)",7893.7,"7925.5",9,26,52,"7892.7625","7790","7860.025","Oct 2017"
"Wed Oct 11 2017 00:00:00 GMT+0530 (India Standard Time)",7825.15,"7925.5",9,26,52,"7892.7625","7790","7860.025","Oct 2017"
"Thu Oct 12 2017 00:00:00 GMT+0530 (India Standard Time)",7904.25,"7925.5",9,26,52,"7930.2625","7790","7935.025","Oct 2017"
"Fri Oct 13 2017 00:00:00 GMT+0530 (India Standard Time)",7874.15,"7925.5",9,26,52,"7930.2625","7790","7935.025","Oct 2017"
"Mon Oct 16 2017 00:00:00 GMT+0530 (India Standard Time)",7842,"7925.5",9,26,52,"7902.25","7790","7879","Oct 2017"
"Tue Oct 17 2017 00:00:00 GMT+0530 (India Standard Time)",7838.9,"7925.5",9,26,52,"7902.25","7790","7879","Oct 2017"
"Wed Oct 18 2017 00:00:00 GMT+0530 (India Standard Time)",7784.05,"7925.5",9,26,52,"7889.05","7790","7852.6","Oct 2017"
"Thu Oct 19 2017 00:00:00 GMT+0530 (India Standard Time)",7731.1,"7925.5",9,26,52,"7874.5","7790","7823.5","Oct 2017"
"Mon Oct 23 2017 00:00:00 GMT+0530 (India Standard Time)",7818.5,"7918",9,26,52,"7866.5","7790","7815","Oct 2017"
"Tue Oct 24 2017 00:00:00 GMT+0530 (India Standard Time)",7875,"7918",9,26,52,"7866.5","7790","7815","Oct 2017"
"Wed Oct 25 2017 00:00:00 GMT+0530 (India Standard Time)",7870.2,"7918",9,26,52,"7867.75","7790","7817.5","Oct 2017"
"Thu Oct 26 2017 00:00:00 GMT+0530 (India Standard Time)",8068.05,"7917.975",9,26,52,"7902.9875","7790","7888","Oct 2017"
"Fri Oct 27 2017 00:00:00 GMT+0530 (India Standard Time)",8114.45,"7945.5",9,26,52,"7955.25","7810","7965","Oct 2017"
"Mon Oct 30 2017 00:00:00 GMT+0530 (India Standard Time)",8195.25,"7965",9,26,52,"7974.75","7877.05","7984.5","Oct 2017"
"Tue Oct 31 2017 00:00:00 GMT+0530 (India Standard Time)",8211.25,"7965",9,26,52,"7974.75","7877.05","7984.5","Oct 2017"
"Wed Nov 01 2017 00:00:00 GMT+0530 (India Standard Time)",8238.4,"7965",9,26,52,"7974.75","7877.05","7984.5","Oct 2017"
"Thu Nov 02 2017 00:00:00 GMT+0530 (India Standard Time)",8225.8,"7965",9,26,52,"7980.75","7877.05","7996.5","Oct 2017"
"Fri Nov 03 2017 00:00:00 GMT+0530 (India Standard Time)",8219.4,"7965",9,26,52,"8004.825","7877.05","8044.65","Oct 2017"
"Mon Nov 06 2017 00:00:00 GMT+0530 (India Standard Time)",8310.2,"8010.775",9,26,52,"8050.599999999999","7922.825","8090.424999999999","Oct 2017"
"Tue Nov 07 2017 00:00:00 GMT+0530 (India Standard Time)",8220.3,"8030.275",9,26,52,"8074.325","7927.075","8118.375","Oct 2017"
"Wed Nov 08 2017 00:00:00 GMT+0530 (India Standard Time)",8232,"8030.275",9,26,52,"8123.425","7927.075","8216.575","Oct 2017"
"Thu Nov 09 2017 00:00:00 GMT+0530 (India Standard Time)",8204.8,"8030.275",9,26,52,"8144.95","7932.799999999999","8259.625","Oct 2017"
"Fri Nov 10 2017 00:00:00 GMT+0530 (India Standard Time)",8183.5,"8030.275",9,26,52,"8135.537499999999","7932.799999999999","8240.8","Oct 2017"
"Mon Nov 13 2017 00:00:00 GMT+0530 (India Standard Time)",8109.2,"8030.275",9,26,52,"8127.775","7951.275","8225.275","Oct 2017"
"Tue Nov 14 2017 00:00:00 GMT+0530 (India Standard Time)",8122.95,"8030.275",9,26,52,"8127.775","7951.275","8225.275","Oct 2017"
"Wed Nov 15 2017 00:00:00 GMT+0530 (India Standard Time)",8127.25,"8030.275",9,26,52,"8127.775","8010.775","8225.275","Oct 2017"
"Thu Nov 16 2017 00:00:00 GMT+0530 (India Standard Time)",8163.7,"8030.275",9,26,52,"8127.775","8010.775","8225.275","Oct 2017"
"Fri Nov 17 2017 00:00:00 GMT+0530 (India Standard Time)",8348.35,"8030.275",9,26,52,"8125.75","8010.775","8221.225","Oct 2017"
"Mon Nov 20 2017 00:00:00 GMT+0530 (India Standard Time)",8425.65,"8069.5",9,26,52,"8167","8050","8264.5","Oct 2017"
"Tue Nov 21 2017 00:00:00 GMT+0530 (India Standard Time)",8424.8,"8069.725",9,26,52,"8167.225","8050.225","8264.725","Oct 2017"
"Wed Nov 22 2017 00:00:00 GMT+0530 (India Standard Time)",8513.15,"8107.5",9,26,52,"8205","8088","8302.5","Oct 2017"
"Thu Nov 23 2017 00:00:00 GMT+0530 (India Standard Time)",8463.4,"8107.5",9,26,52,"8205","8088","8302.5","Oct 2017"
"Fri Nov 24 2017 00:00:00 GMT+0530 (India Standard Time)",8487.95,"8115",9,26,52,"8214.25","8095.5","8313.5","Oct 2017"
"Mon Nov 27 2017 00:00:00 GMT+0530 (India Standard Time)",8508.6,"8127",9,26,52,"8220.25","8095.5","8313.5","Oct 2017"
"Tue Nov 28 2017 00:00:00 GMT+0530 (India Standard Time)",8624.15,"8234.15",9,26,52,"8313.8875","8154.5","8393.625","Oct 2017"
"Wed Nov 29 2017 00:00:00 GMT+0530 (India Standard Time)",8671.35,"8253.15",9,26,52,"8355.075","8173.5","8457","Oct 2017"
"Thu Nov 30 2017 00:00:00 GMT+0530 (India Standard Time)",8599.1,"8281.1",9,26,52,"8402.05","8173.5","8523","Oct 2017"
"Fri Dec 01 2017 00:00:00 GMT+0530 (India Standard Time)",8609,"8379.3",9,26,52,"8463.9","8173.5","8548.5","Oct 2017"
"Mon Dec 04 2017 00:00:00 GMT+0530 (India Standard Time)",8500.8,"8388",9,26,52,"8478.875","8173.5","8569.75","Oct 2017"
"Tue Dec 05 2017 00:00:00 GMT+0530 (India Standard Time)",8500.4,"8388",9,26,52,"8478.875","8173.5","8569.75","Oct 2017"
"Wed Dec 06 2017 00:00:00 GMT+0530 (India Standard Time)",8612.4,"8388",9,26,52,"8479.25","8173.5","8570.5","Oct 2017"
"Thu Dec 07 2017 00:00:00 GMT+0530 (India Standard Time)",8882.4,"8534.125",9,26,52,"8625.375","8319.625","8716.625","Oct 2017"
"Fri Dec 08 2017 00:00:00 GMT+0530 (India Standard Time)",9042.25,"8599.5",9,26,52,"8692.0125","8385","8784.525","Oct 2017"
"Mon Dec 11 2017 00:00:00 GMT+0530 (India Standard Time)",9133.8,"8623.5",9,26,52,"8716.0125","8409","8808.525","Oct 2017"
"Tue Dec 12 2017 00:00:00 GMT+0530 (India Standard Time)",9131.35,"8649.25",9,26,52,"8741.7625","8434.75","8834.275","Oct 2017"
"Wed Dec 13 2017 00:00:00 GMT+0530 (India Standard Time)",9120.65,"8649.25",9,26,52,"8741.7625","8454.25","8834.275","Oct 2017"
"Thu Dec 14 2017 00:00:00 GMT+0530 (India Standard Time)",9112.75,"8649.25",9,26,52,"8741.7625","8454.25","8834.275","Oct 2017"
"Fri Dec 15 2017 00:00:00 GMT+0530 (India Standard Time)",9165.9,"8658.15",9,26,52,"8750.662499999999","8463.15","8843.175","Oct 2017"
"Mon Dec 18 2017 00:00:00 GMT+0530 (India Standard Time)",9309.1,"8712",9,26,52,"8804.5125","8517","8897.025","Oct 2017"
"Tue Dec 19 2017 00:00:00 GMT+0530 (India Standard Time)",9801.5,"8972.5",9,26,52,"9104.3875","8774","9236.275","Oct 2017"
"Wed Dec 20 2017 00:00:00 GMT+0530 (India Standard Time)",9733.9,"9041.7",9,26,52,"9244.7","8843.2","9447.7","Oct 2017"
"Thu Dec 21 2017 00:00:00 GMT+0530 (India Standard Time)",9631.05,"9062.825",9,26,52,"9278.05","8843.2","9493.275","Oct 2017"
"Fri Dec 22 2017 00:00:00 GMT+0530 (India Standard Time)",9700,"9107.2",9,26,52,"9300.2375","8843.2","9493.275","Oct 2017"
"Tue Dec 26 2017 00:00:00 GMT+0530 (India Standard Time)",9679,"9173.2",9,26,52,"9333.2375","8843.2","9493.275","Oct 2017"
"Wed Dec 27 2017 00:00:00 GMT+0530 (India Standard Time)",9644.1,"9198.7",9,26,52,"9345.9875","8843.2","9493.275","Oct 2017"
"Thu Dec 28 2017 00:00:00 GMT+0530 (India Standard Time)",9629.2,"9219.95",9,26,52,"9356.6125","8843.2","9493.275","Oct 2017"
"Fri Dec 29 2017 00:00:00 GMT+0530 (India Standard Time)",9729.55,"9219.95",9,26,52,"9356.6125","8843.2","9493.275","Oct 2017"
"Mon Jan 01 2018 00:00:00 GMT+0530 (India Standard Time)",9651.9,"9220.7",9,26,52,"9440.95","8843.2","9661.2","Oct 2017"
"Tue Jan 02 2018 00:00:00 GMT+0530 (India Standard Time)",9554.05,"9220.7",9,26,52,"9490.7","8843.2","9760.7","Oct 2017"
"Wed Jan 03 2018 00:00:00 GMT+0530 (India Standard Time)",9416.6,"9223.224999999999",9,26,52,"9418.3125","8855.2","9613.4","Oct 2017"
"Thu Jan 04 2018 00:00:00 GMT+0530 (India Standard Time)",9386.25,"9223.224999999999",9,26,52,"9409.6125","8903.35","9596","Oct 2017"
"Fri Jan 05 2018 00:00:00 GMT+0530 (India Standard Time)",9433.85,"9223.224999999999",9,26,52,"9400.662499999999","8903.35","9578.1","Oct 2017"
"Mon Jan 08 2018 00:00:00 GMT+0530 (India Standard Time)",9448.95,"9223.224999999999",9,26,52,"9400.662499999999","8931.3","9578.1","Oct 2017"
"Tue Jan 09 2018 00:00:00 GMT+0530 (India Standard Time)",9383.55,"9223.224999999999",9,26,52,"9399.1125","9029.5","9575","Oct 2017"
"Wed Jan 10 2018 00:00:00 GMT+0530 (India Standard Time)",9375.85,"9223.224999999999",9,26,52,"9387.8375","9038.2","9552.45","Oct 2017"
"Thu Jan 11 2018 00:00:00 GMT+0530 (India Standard Time)",9339.8,"9223.224999999999",9,26,52,"9387.8375","9038.2","9552.45","Oct 2017"
"Fri Jan 12 2018 00:00:00 GMT+0530 (India Standard Time)",9459.15,"9305.474999999999",9,26,52,"9411.3625","9038.2","9517.25","Oct 2017"
"Mon Jan 15 2018 00:00:00 GMT+0530 (India Standard Time)",9358.45,"9447.7",9,26,52,"9452.325","9038.2","9456.95","Oct 2017"
"Tue Jan 16 2018 00:00:00 GMT+0530 (India Standard Time)",9322.05,"9493.275",9,26,52,"9454.6375","9038.2","9416","Oct 2017"
"Wed Jan 17 2018 00:00:00 GMT+0530 (India Standard Time)",9313.9,"9493.275",9,26,52,"9443.6375","9038.2","9394","Oct 2017"
"Thu Jan 18 2018 00:00:00 GMT+0530 (India Standard Time)",9368.7,"9493.275",9,26,52,"9440.3625","9038.2","9387.45","Oct 2017"
"Fri Jan 19 2018 00:00:00 GMT+0530 (India Standard Time)",9323.95,"9493.275",9,26,52,"9440.3625","9038.2","9387.45","Oct 2017"
"Mon Jan 22 2018 00:00:00 GMT+0530 (India Standard Time)",9310.1,"9493.275",9,26,52,"9440.3625","9038.2","9387.45","Oct 2017"
"Tue Jan 23 2018 00:00:00 GMT+0530 (India Standard Time)",9393.4,"9493.275",9,26,52,"9440.3625","9038.2","9387.45","Oct 2017"
"Wed Jan 24 2018 00:00:00 GMT+0530 (India Standard Time)",9434.95,"9626.2",9,26,52,"9507.087500000001","9038.2","9387.975","Oct 2017"
"Thu Jan 25 2018 00:00:00 GMT+0530 (India Standard Time)",9278.2,"9623.2",9,26,52,"9504.087500000001","9041.7","9384.975","Oct 2017"
"Mon Jan 29 2018 00:00:00 GMT+0530 (India Standard Time)",9630.7,"9537.4",9,26,52,"9509.7","9041.7","9482","Oct 2017"
"Tue Jan 30 2018 00:00:00 GMT+0530 (India Standard Time)",9571.55,"9537.4",9,26,52,"9509.7","9062.825","9482","Oct 2017"
"Wed Jan 31 2018 00:00:00 GMT+0530 (India Standard Time)",9509.7,"9519.5",9,26,52,"9500.75","9107.2","9482","Oct 2017"
"Thu Feb 01 2018 00:00:00 GMT+0530 (India Standard Time)",9401.85,"9519.5",9,26,52,"9500.75","9173.2","9482","Oct 2017"
"Fri Feb 02 2018 00:00:00 GMT+0530 (India Standard Time)",8990.6,"9364.5",9,26,52,"9345.75","9198.7","9327","Oct 2017"
"Mon Feb 05 2018 00:00:00 GMT+0530 (India Standard Time)",9080.6,"9238.5",9,26,52,"9219.75","9219.95","9201","Oct 2017"
"Tue Feb 06 2018 00:00:00 GMT+0530 (India Standard Time)",8984.6,"9225.3",9,26,52,"9206.55","9219.95","9187.8","Oct 2017"
"Wed Feb 07 2018 00:00:00 GMT+0530 (India Standard Time)",8921.8,"9190.1",9,26,52,"9188.95","9220.7","9187.8","Oct 2017"
"Thu Feb 08 2018 00:00:00 GMT+0530 (India Standard Time)",9030.7,"9187.8",9,26,52,"9187.8","9220.7","9187.8","Oct 2017"
"Fri Feb 09 2018 00:00:00 GMT+0530 (India Standard Time)",8936.1,"9187.8",9,26,52,"9178.175","9223.224999999999","9168.55","Oct 2017"
"Mon Feb 12 2018 00:00:00 GMT+0530 (India Standard Time)",9117.85,"9187.8",9,26,52,"9155.55","9223.224999999999","9123.3","Oct 2017"
"Wed Feb 14 2018 00:00:00 GMT+0530 (India Standard Time)",9001.6,"9187.8",9,26,52,"9150.225","9223.224999999999","9112.650000000001","Oct 2017"
"Thu Feb 15 2018 00:00:00 GMT+0530 (India Standard Time)",9020.25,"9187.8",9,26,52,"9099.05","9223.224999999999","9010.3","Oct 2017"
"Fri Feb 16 2018 00:00:00 GMT+0530 (India Standard Time)",8836.95,"9187.8",9,26,52,"9051.8","9223.224999999999","8915.8","Oct 2017"
"Mon Feb 19 2018 00:00:00 GMT+0530 (India Standard Time)",8724.85,"9187.8",9,26,52,"9051.8","9223.224999999999","8915.8","Oct 2017"
"Tue Feb 20 2018 00:00:00 GMT+0530 (India Standard Time)",8722.65,"9182",9,26,52,"9046","9223.224999999999","8910","Oct 2017"
"Wed Feb 21 2018 00:00:00 GMT+0530 (India Standard Time)",8782.75,"9182",9,26,52,"9042.875","9305.474999999999","8903.75","Oct 2017"
"Thu Feb 22 2018 00:00:00 GMT+0530 (India Standard Time)",8634.05,"9157.75",9,26,52,"9018.625","9298.95","8879.5","Oct 2017"
"Fri Feb 23 2018 00:00:00 GMT+0530 (India Standard Time)",8698.8,"9157.75",9,26,52,"9018.625","9298.95","8879.5","Oct 2017"
"Mon Feb 26 2018 00:00:00 GMT+0530 (India Standard Time)",9005.35,"9157.75",9,26,52,"9018.625","9298.95","8879.5","Oct 2017"
"Tue Feb 27 2018 00:00:00 GMT+0530 (India Standard Time)",8891.2,"9157.75",9,26,52,"9007.9875","9298.95","8858.225","Oct 2017"
"Wed Feb 28 2018 00:00:00 GMT+0530 (India Standard Time)",8850.95,"9157.75",9,26,52,"9007.9875","9298.95","8858.225","Oct 2017"
"Thu Mar 01 2018 00:00:00 GMT+0530 (India Standard Time)",8873.45,"9157.75",9,26,52,"9007.9875","9298.95","8858.225","Oct 2017"
"Mon Mar 05 2018 00:00:00 GMT+0530 (India Standard Time)",8795.1,"9157.75",9,26,52,"9007.9875","9298.95","8858.225","Oct 2017"
"Tue Mar 06 2018 00:00:00 GMT+0530 (India Standard Time)",8616.5,"9157",9,26,52,"9007.2375","9298.2","8857.475","Oct 2017"
"Wed Mar 07 2018 00:00:00 GMT+0530 (India Standard Time)",8679.1,"9133",9,26,52,"8983.2375","9274.2","8833.475","Oct 2017"
"Thu Mar 08 2018 00:00:00 GMT+0530 (India Standard Time)",8729.35,"9113.75",9,26,52,"8973.6125","9188.4","8833.475","Oct 2017"
"Fri Mar 09 2018 00:00:00 GMT+0530 (India Standard Time)",8660.6,"9068.5",9,26,52,"8950.9875","9188.4","8833.475","Oct 2017"
"Mon Mar 12 2018 00:00:00 GMT+0530 (India Standard Time)",8810.3,"9057.85",9,26,52,"8945.6625","9170.5","8833.475","Oct 2017"
"Tue Mar 13 2018 00:00:00 GMT+0530 (India Standard Time)",8756.05,"8955.5",9,26,52,"8849.7625","9170.5","8744.025","Oct 2017"
"Wed Mar 14 2018 00:00:00 GMT+0530 (India Standard Time)",8846.3,"8861",9,26,52,"8802.5125","9170.5","8744.025","Oct 2017"
"Thu Mar 15 2018 00:00:00 GMT+0530 (India Standard Time)",8837.55,"8861",9,26,52,"8789.75","9170.5","8718.5","Oct 2017"
"Fri Mar 16 2018 00:00:00 GMT+0530 (India Standard Time)",8676.55,"8861",9,26,52,"8789.75","9170.5","8718.5","Oct 2017"
"Mon Mar 19 2018 00:00:00 GMT+0530 (India Standard Time)",8773.5,"8854.75",9,26,52,"8784.125","9135.3","8713.5","Oct 2017"
"Tue Mar 20 2018 00:00:00 GMT+0530 (India Standard Time)",8802.4,"8854.75",9,26,52,"8808.475","9133","8762.2","Oct 2017"
"Wed Mar 21 2018 00:00:00 GMT+0530 (India Standard Time)",8874.65,"8854.75",9,26,52,"8825.975","9133","8797.2","Oct 2017"
"Thu Mar 22 2018 00:00:00 GMT+0530 (India Standard Time)",8696.55,"8854.75",9,26,52,"8825.975","9133","8797.2","Oct 2017"
"Fri Mar 23 2018 00:00:00 GMT+0530 (India Standard Time)",8607.25,"8828.525000000001",9,26,52,"8786.0375","9128.05","8743.55","Oct 2017"
"Mon Mar 26 2018 00:00:00 GMT+0530 (India Standard Time)",8765.3,"8828.525000000001",9,26,52,"8786.0375","9128.05","8743.55","Oct 2017"
"Tue Mar 27 2018 00:00:00 GMT+0530 (India Standard Time)",8852.3,"8828.525000000001",9,26,52,"8786.0375","9128.05","8743.55","Oct 2017"
"Wed Mar 28 2018 00:00:00 GMT+0530 (India Standard Time)",8861.1,"8828.525000000001",9,26,52,"8820.7875","9128.05","8813.05","Oct 2017"
"Mon Apr 02 2018 00:00:00 GMT+0530 (India Standard Time)",9008.2,"8828.525000000001",9,26,52,"8821.7875","9128.05","8815.05","Oct 2017"
"Tue Apr 03 2018 00:00:00 GMT+0530 (India Standard Time)",9026.45,"8828.525000000001",9,26,52,"8821.7875","9128.05","8815.05","Oct 2017"
"Wed Apr 04 2018 00:00:00 GMT+0530 (India Standard Time)",9013.5,"8845.75",9,26,52,"8845.75","9128.05","8845.75","Oct 2017"
"Thu Apr 05 2018 00:00:00 GMT+0530 (India Standard Time)",9132.6,"8849.875",9,26,52,"8849.875","9128.05","8849.875","Oct 2017"
"Fri Apr 06 2018 00:00:00 GMT+0530 (India Standard Time)",9206.2,"8886.05",9,26,52,"8886.05","9128.05","8886.05","Oct 2017"
"Mon Apr 09 2018 00:00:00 GMT+0530 (India Standard Time)",9292.65,"8925.125",9,26,52,"8940.85","9128.05","8956.575","Oct 2017"
"Tue Apr 10 2018 00:00:00 GMT+0530 (India Standard Time)",9273.45,"8928.775000000001",9,26,52,"8985.0375","9128.05","9041.3","Oct 2017"
"Wed Apr 11 2018 00:00:00 GMT+0530 (India Standard Time)",9302.5,"8946.05",9,26,52,"9010.775","9128.05","9075.5","Oct 2017"
"Thu Apr 12 2018 00:00:00 GMT+0530 (India Standard Time)",9204.45,"8946.05",9,26,52,"9048.8375","9128.05","9151.625","Oct 2017"
"Fri Apr 13 2018 00:00:00 GMT+0530 (India Standard Time)",9123.95,"8946.05",9,26,52,"9049.275","9128.05","9152.5","Oct 2017"
"Mon Apr 16 2018 00:00:00 GMT+0530 (India Standard Time)",9232,"8946.05",9,26,52,"9055.675","9128.05","9165.3","Oct 2017"
"Tue Apr 17 2018 00:00:00 GMT+0530 (India Standard Time)",9160.35,"8946.05",9,26,52,"9071.162499999999","9108.8","9196.275","Oct 2017"
"Wed Apr 18 2018 00:00:00 GMT+0530 (India Standard Time)",9121.5,"8946.05",9,26,52,"9071.162499999999","9063.55","9196.275","Oct 2017"
"Thu Apr 19 2018 00:00:00 GMT+0530 (India Standard Time)",9077.65,"8946.05",9,26,52,"9076.775","9052.900000000001","9207.5","Oct 2017"
"Fri Apr 20 2018 00:00:00 GMT+0530 (India Standard Time)",9025,"8946.05",9,26,52,"9063.7625","8950.55","9181.475","Oct 2017"
"Mon Apr 23 2018 00:00:00 GMT+0530 (India Standard Time)",9064.85,"8946.05",9,26,52,"9062.0125","8946.05","9177.975","Oct 2017"
"Tue Apr 24 2018 00:00:00 GMT+0530 (India Standard Time)",9064.65,"8946.05",9,26,52,"9047.0125","8946.05","9147.975","Oct 2017"
"Wed Apr 25 2018 00:00:00 GMT+0530 (India Standard Time)",8934.6,"8946.05",9,26,52,"9016.775","8946.05","9087.5","Oct 2017"
"Thu Apr 26 2018 00:00:00 GMT+0530 (India Standard Time)",8946.45,"8946.05",9,26,52,"9006.775","8946.05","9067.5","Oct 2017"
"Fri Apr 27 2018 00:00:00 GMT+0530 (India Standard Time)",8783.35,"8946.05",9,26,52,"8962.3","8946.05","8978.55","Oct 2017"
"Mon Apr 30 2018 00:00:00 GMT+0530 (India Standard Time)",8814.95,"8946.05",9,26,52,"8958.6625","8946.05","8971.275000000001","Oct 2017"
"Wed May 02 2018 00:00:00 GMT+0530 (India Standard Time)",8744.5,"8946.05",9,26,52,"8947.7375","8946.05","8949.425","Oct 2017"
"Thu May 03 2018 00:00:00 GMT+0530 (India Standard Time)",8755.95,"8977.5",9,26,52,"8949.3875","8946.05","8921.275","Oct 2017"
"Fri May 04 2018 00:00:00 GMT+0530 (India Standard Time)",8678.2,"9007.5",9,26,52,"8955.6375","8946.05","8903.775","Oct 2017"
"Mon May 07 2018 00:00:00 GMT+0530 (India Standard Time)",8743.7,"9005",9,26,52,"8953.1375","8946.05","8901.275","Oct 2017"
"Tue May 08 2018 00:00:00 GMT+0530 (India Standard Time)",8775.2,"9005",9,26,52,"8951.75","8946.05","8898.5","Oct 2017"
"Wed May 09 2018 00:00:00 GMT+0530 (India Standard Time)",8718.35,"9005",9,26,52,"8951.75","8946.05","8898.5","Oct 2017"
"Thu May 10 2018 00:00:00 GMT+0530 (India Standard Time)",8704.95,"9005",9,26,52,"8951.75","8946.05","8898.5","Oct 2017"
"Fri May 11 2018 00:00:00 GMT+0530 (India Standard Time)",8750.3,"9005",9,26,52,"8917","8946.05","8829","Oct 2017"
"Mon May 14 2018 00:00:00 GMT+0530 (India Standard Time)",8707,"9005",9,26,52,"8917","8946.05","8829","Oct 2017"
"Tue May 15 2018 00:00:00 GMT+0530 (India Standard Time)",8726.6,"8994.5",9,26,52,"8858.55","8946.05","8722.6","Oct 2017"
"Wed May 16 2018 00:00:00 GMT+0530 (India Standard Time)",8695.6,"8994.5",9,26,52,"8858.55","8946.05","8722.6","Oct 2017"
"Thu May 17 2018 00:00:00 GMT+0530 (India Standard Time)",8697.5,"8994.5",9,26,52,"8858.55","8946.05","8722.6","Oct 2017"
"Fri May 18 2018 00:00:00 GMT+0530 (India Standard Time)",8510.95,"8893",9,26,52,"8772.05","8923","8651.1","Oct 2017"
"Mon May 21 2018 00:00:00 GMT+0530 (India Standard Time)",8428.5,"8761.25",9,26,52,"8643.25","8802.75","8525.25","Oct 2017"
"Tue May 22 2018 00:00:00 GMT+0530 (India Standard Time)",8560.65,"8750.25",9,26,52,"8630.6125","8802.75","8510.975","Oct 2017"
"Wed May 23 2018 00:00:00 GMT+0530 (India Standard Time)",8497.4,"8748.75",9,26,52,"8629.8625","8802.75","8510.975","Oct 2017"
"Thu May 24 2018 00:00:00 GMT+0530 (India Standard Time)",8410.75,"8741.475",9,26,52,"8626.225","8802.75","8510.975","Oct 2017"
"Fri May 25 2018 00:00:00 GMT+0530 (India Standard Time)",8548.15,"8719.625",9,26,52,"8615.3","8802.75","8510.975","Oct 2017"
"Mon May 28 2018 00:00:00 GMT+0530 (India Standard Time)",8709.3,"8699.025",9,26,52,"8609.6375","8802.75","8520.25","Oct 2017"
"Tue May 29 2018 00:00:00 GMT+0530 (India Standard Time)",8714.9,"8699.025",9,26,52,"8623.3875","8802.75","8547.75","Oct 2017"
"Wed May 30 2018 00:00:00 GMT+0530 (India Standard Time)",8588.2,"8699.025",9,26,52,"8623.3875","8802.75","8547.75","Oct 2017"
"Thu May 31 2018 00:00:00 GMT+0530 (India Standard Time)",8537.2,"8696.25",9,26,52,"8622","8802.75","8547.75","Oct 2017"
"Fri Jun 01 2018 00:00:00 GMT+0530 (India Standard Time)",8808.85,"8696.25",9,26,52,"8653.0375","8802.75","8609.825","Oct 2017"
"Mon Jun 04 2018 00:00:00 GMT+0530 (India Standard Time)",8749.85,"8696.25",9,26,52,"8659.0125","8802.75","8621.775","Oct 2017"
"Tue Jun 05 2018 00:00:00 GMT+0530 (India Standard Time)",8810.4,"8626.75",9,26,52,"8624.2625","8802.75","8621.775","Oct 2017"
"Wed Jun 06 2018 00:00:00 GMT+0530 (India Standard Time)",8842.35,"8626.75",9,26,52,"8629.6625","8802.75","8632.575","Oct 2017"
"Thu Jun 07 2018 00:00:00 GMT+0530 (India Standard Time)",8911.25,"8595.15",9,26,52,"8660.25","8802.75","8725.349999999999","Oct 2017"
"Fri Jun 08 2018 00:00:00 GMT+0530 (India Standard Time)",8932.45,"8602.75",9,26,52,"8667.85","8802.75","8732.95","Oct 2017"
