"date","chikou_span","kijun_sen","parameter_tenkan_Sen","parameter_kijun_Sen","parameter_senkou_Span_B","senkou_span_A","senkou_span_B","tenkan_sen","y"
"Fri Jul 07 2017 00:00:00 GMT+0530 (India Standard Time)",831.9,"null",9,26,52,"null","null","null","Nov 2017"
"Mon Jul 10 2017 00:00:00 GMT+0530 (India Standard Time)",849.65,"null",9,26,52,"null","null","null","Nov 2017"
"Tue Jul 11 2017 00:00:00 GMT+0530 (India Standard Time)",850.65,"null",9,26,52,"null","null","null","Nov 2017"
"Wed Jul 12 2017 00:00:00 GMT+0530 (India Standard Time)",854,"null",9,26,52,"null","null","null","Nov 2017"
"Thu Jul 13 2017 00:00:00 GMT+0530 (India Standard Time)",858.6,"null",9,26,52,"null","null","null","Nov 2017"
"Fri Jul 14 2017 00:00:00 GMT+0530 (India Standard Time)",850.35,"null",9,26,52,"null","null","null","Nov 2017"
"Mon Jul 17 2017 00:00:00 GMT+0530 (India Standard Time)",868.1,"null",9,26,52,"null","null","null","Nov 2017"
"Tue Jul 18 2017 00:00:00 GMT+0530 (India Standard Time)",880.7,"null",9,26,52,"null","null","null","Nov 2017"
"Wed Jul 19 2017 00:00:00 GMT+0530 (India Standard Time)",895.4,"null",9,26,52,"null","null","864.2","Nov 2017"
"Thu Jul 20 2017 00:00:00 GMT+0530 (India Standard Time)",885.65,"null",9,26,52,"null","null","868.8","Nov 2017"
"Fri Jul 21 2017 00:00:00 GMT+0530 (India Standard Time)",904.95,"null",9,26,52,"null","null","875.95","Nov 2017"
"Mon Jul 24 2017 00:00:00 GMT+0530 (India Standard Time)",907.4,"null",9,26,52,"null","null","877.95","Nov 2017"
"Tue Jul 25 2017 00:00:00 GMT+0530 (India Standard Time)",895.05,"null",9,26,52,"null","null","877.95","Nov 2017"
"Wed Jul 26 2017 00:00:00 GMT+0530 (India Standard Time)",892.7,"null",9,26,52,"null","null","877.95","Nov 2017"
"Thu Jul 27 2017 00:00:00 GMT+0530 (India Standard Time)",890.25,"null",9,26,52,"null","null","885.95","Nov 2017"
"Fri Jul 28 2017 00:00:00 GMT+0530 (India Standard Time)",893.1,"null",9,26,52,"null","null","884.5","Nov 2017"
"Mon Jul 31 2017 00:00:00 GMT+0530 (India Standard Time)",892.9,"null",9,26,52,"null","null","884.5","Nov 2017"
"Tue Aug 01 2017 00:00:00 GMT+0530 (India Standard Time)",884.2,"null",9,26,52,"null","null","884.5","Nov 2017"
"Wed Aug 02 2017 00:00:00 GMT+0530 (India Standard Time)",882,"null",9,26,52,"null","null","884.5","Nov 2017"
"Thu Aug 03 2017 00:00:00 GMT+0530 (India Standard Time)",875.75,"null",9,26,52,"null","null","884.5","Nov 2017"
"Fri Aug 04 2017 00:00:00 GMT+0530 (India Standard Time)",890.65,"null",9,26,52,"null","null","884.5","Nov 2017"
"Mon Aug 07 2017 00:00:00 GMT+0530 (India Standard Time)",886,"null",9,26,52,"null","null","884.5","Nov 2017"
"Tue Aug 08 2017 00:00:00 GMT+0530 (India Standard Time)",882,"null",9,26,52,"null","null","884.5","Nov 2017"
"Wed Aug 09 2017 00:00:00 GMT+0530 (India Standard Time)",878.75,"null",9,26,52,"null","null","869.5","Nov 2017"
"Thu Aug 10 2017 00:00:00 GMT+0530 (India Standard Time)",882.9,"null",9,26,52,"null","null","884.4","Nov 2017"
"Fri Aug 11 2017 00:00:00 GMT+0530 (India Standard Time)",872.3,"878.4",9,26,52,"879.8375","null","881.275","Nov 2017"
"Mon Aug 14 2017 00:00:00 GMT+0530 (India Standard Time)",860.1,"883",9,26,52,"879.1875","null","875.375","Nov 2017"
"Wed Aug 16 2017 00:00:00 GMT+0530 (India Standard Time)",864.5,"884.5",9,26,52,"878.675","null","872.85","Nov 2017"
"Thu Aug 17 2017 00:00:00 GMT+0530 (India Standard Time)",871.4,"884.5",9,26,52,"878.675","null","872.85","Nov 2017"
"Fri Aug 18 2017 00:00:00 GMT+0530 (India Standard Time)",876.25,"884.5",9,26,52,"878.675","null","872.85","Nov 2017"
"Mon Aug 21 2017 00:00:00 GMT+0530 (India Standard Time)",874.05,"884.5",9,26,52,"877.3","null","870.1","Nov 2017"
"Tue Aug 22 2017 00:00:00 GMT+0530 (India Standard Time)",875.85,"884.5",9,26,52,"877.3","null","870.1","Nov 2017"
"Wed Aug 23 2017 00:00:00 GMT+0530 (India Standard Time)",880,"884.5",9,26,52,"877.3","null","870.1","Nov 2017"
"Thu Aug 24 2017 00:00:00 GMT+0530 (India Standard Time)",867.5,"884.5",9,26,52,"877.3","null","870.1","Nov 2017"
"Mon Aug 28 2017 00:00:00 GMT+0530 (India Standard Time)",867.65,"884.5",9,26,52,"876.5625","null","868.625","Nov 2017"
"Tue Aug 29 2017 00:00:00 GMT+0530 (India Standard Time)",852.55,"884.5",9,26,52,"876.3125","null","868.125","Nov 2017"
"Wed Aug 30 2017 00:00:00 GMT+0530 (India Standard Time)",849.2,"884.5",9,26,52,"874.625","null","864.75","Nov 2017"
"Thu Aug 31 2017 00:00:00 GMT+0530 (India Standard Time)",865.3,"884.1",9,26,52,"873.6625","null","863.225","Nov 2017"
"Fri Sep 01 2017 00:00:00 GMT+0530 (India Standard Time)",865.75,"884.1",9,26,52,"873.6625","null","863.225","Nov 2017"
"Mon Sep 04 2017 00:00:00 GMT+0530 (India Standard Time)",860.6,"884.1",9,26,52,"873.6625","null","863.225","Nov 2017"
"Tue Sep 05 2017 00:00:00 GMT+0530 (India Standard Time)",859.9,"869.1",9,26,52,"865.85","null","862.6","Nov 2017"
"Wed Sep 06 2017 00:00:00 GMT+0530 (India Standard Time)",851.05,"869.1",9,26,52,"865.85","null","862.6","Nov 2017"
"Thu Sep 07 2017 00:00:00 GMT+0530 (India Standard Time)",859.3,"869.1",9,26,52,"865.85","null","862.6","Nov 2017"
"Fri Sep 08 2017 00:00:00 GMT+0530 (India Standard Time)",859.5,"867.45",9,26,52,"865.0250000000001","null","862.6","Nov 2017"
"Mon Sep 11 2017 00:00:00 GMT+0530 (India Standard Time)",860.7,"867.45",9,26,52,"865.0250000000001","null","862.6","Nov 2017"
"Tue Sep 12 2017 00:00:00 GMT+0530 (India Standard Time)",864.05,"867.45",9,26,52,"865.0250000000001","null","862.6","Nov 2017"
"Wed Sep 13 2017 00:00:00 GMT+0530 (India Standard Time)",871.3,"867.45",9,26,52,"866.5250000000001","null","865.6","Nov 2017"
"Thu Sep 14 2017 00:00:00 GMT+0530 (India Standard Time)",880.8,"864.7",9,26,52,"864.4125","null","864.125","Nov 2017"
"Fri Sep 15 2017 00:00:00 GMT+0530 (India Standard Time)",887.05,"866.7750000000001",9,26,52,"868.2750000000001","null","869.7750000000001","Nov 2017"
"Mon Sep 18 2017 00:00:00 GMT+0530 (India Standard Time)",897.35,"869.35",9,26,52,"870.85","null","872.35","Nov 2017"
"Tue Sep 19 2017 00:00:00 GMT+0530 (India Standard Time)",893.65,"869.35",9,26,52,"872.1125","null","874.875","Nov 2017"
"Wed Sep 20 2017 00:00:00 GMT+0530 (India Standard Time)",889.45,"869.35",9,26,52,"872.3","878.4","875.25","Nov 2017"
"Thu Sep 21 2017 00:00:00 GMT+0530 (India Standard Time)",870.3,"869.35",9,26,52,"872.3","883","875.25","Nov 2017"
"Fri Sep 22 2017 00:00:00 GMT+0530 (India Standard Time)",884.45,"869.35",9,26,52,"873.3375000000001","884.1","877.325","Nov 2017"
"Mon Sep 25 2017 00:00:00 GMT+0530 (India Standard Time)",874.05,"869.35",9,26,52,"874.725","884.1","880.1","Nov 2017"
"Tue Sep 26 2017 00:00:00 GMT+0530 (India Standard Time)",873.65,"869.35",9,26,52,"875.375","884.1","881.4","Nov 2017"
"Wed Sep 27 2017 00:00:00 GMT+0530 (India Standard Time)",874.65,"869.35",9,26,52,"875.375","884.1","881.4","Nov 2017"
"Thu Sep 28 2017 00:00:00 GMT+0530 (India Standard Time)",875.2,"869.35",9,26,52,"874.7125000000001","884.1","880.075","Nov 2017"
"Fri Sep 29 2017 00:00:00 GMT+0530 (India Standard Time)",874.8,"869.35",9,26,52,"874.5875000000001","884.1","879.825","Nov 2017"
"Tue Oct 03 2017 00:00:00 GMT+0530 (India Standard Time)",882.55,"869.35",9,26,52,"874.25","884.1","879.15","Nov 2017"
"Wed Oct 04 2017 00:00:00 GMT+0530 (India Standard Time)",886.6,"869.35",9,26,52,"873.5875000000001","884.1","877.825","Nov 2017"
"Thu Oct 05 2017 00:00:00 GMT+0530 (India Standard Time)",893.15,"870.95",9,26,52,"876.3125","884.1","881.675","Nov 2017"
"Fri Oct 06 2017 00:00:00 GMT+0530 (India Standard Time)",907.9,"874.6",9,26,52,"879.9625000000001","884.1","885.325","Nov 2017"
"Mon Oct 09 2017 00:00:00 GMT+0530 (India Standard Time)",902.8,"877.6",9,26,52,"881.4625000000001","884.1","885.325","Nov 2017"
"Tue Oct 10 2017 00:00:00 GMT+0530 (India Standard Time)",899.6,"881.6",9,26,52,"885.4625000000001","884.1","889.325","Nov 2017"
"Wed Oct 11 2017 00:00:00 GMT+0530 (India Standard Time)",908.95,"881.6",9,26,52,"885.4625000000001","884.1","889.325","Nov 2017"
"Thu Oct 12 2017 00:00:00 GMT+0530 (India Standard Time)",916,"883.1",9,26,52,"888.225","880.1","893.35","Nov 2017"
"Fri Oct 13 2017 00:00:00 GMT+0530 (India Standard Time)",926.5,"893.625",9,26,52,"900","888.1","906.375","Nov 2017"
"Mon Oct 16 2017 00:00:00 GMT+0530 (India Standard Time)",923,"894",9,26,52,"900.5","888.1","907","Nov 2017"
"Tue Oct 17 2017 00:00:00 GMT+0530 (India Standard Time)",923.3,"894",9,26,52,"902.2875","888.1","910.575","Nov 2017"
"Wed Oct 18 2017 00:00:00 GMT+0530 (India Standard Time)",923.7,"896.075",9,26,52,"903.9875","888.1","911.9","Nov 2017"
"Thu Oct 19 2017 00:00:00 GMT+0530 (India Standard Time)",922.3,"898.825",9,26,52,"907.6875","888.1","916.55","Nov 2017"
"Mon Oct 23 2017 00:00:00 GMT+0530 (India Standard Time)",937.25,"902.7249999999999",9,26,52,"911.5875","892","920.45","Nov 2017"
"Tue Oct 24 2017 00:00:00 GMT+0530 (India Standard Time)",914.55,"902.7249999999999",9,26,52,"912.1875","892","921.65","Nov 2017"
"Wed Oct 25 2017 00:00:00 GMT+0530 (India Standard Time)",907.05,"902.7249999999999",9,26,52,"906.3125","892","909.9","Nov 2017"
"Thu Oct 26 2017 00:00:00 GMT+0530 (India Standard Time)",869.05,"900.9",9,26,52,"900.9","892","900.9","Nov 2017"
"Fri Oct 27 2017 00:00:00 GMT+0530 (India Standard Time)",854.95,"898.025",9,26,52,"898.025","892","898.025","Nov 2017"
"Mon Oct 30 2017 00:00:00 GMT+0530 (India Standard Time)",836.35,"887.9",9,26,52,"887.9","887.9","887.9","Nov 2017"
"Tue Oct 31 2017 00:00:00 GMT+0530 (India Standard Time)",855.8,"887.9",9,26,52,"887.9","887.9","887.9","Nov 2017"
"Wed Nov 01 2017 00:00:00 GMT+0530 (India Standard Time)",840.65,"887.9",9,26,52,"887.9","887.9","887.9","Nov 2017"
"Thu Nov 02 2017 00:00:00 GMT+0530 (India Standard Time)",857.9,"887.9",9,26,52,"887.9","887.9","887.9","Nov 2017"
"Fri Nov 03 2017 00:00:00 GMT+0530 (India Standard Time)",847.15,"887.9",9,26,52,"886.825","887.9","885.75","Nov 2017"
"Mon Nov 06 2017 00:00:00 GMT+0530 (India Standard Time)",845.05,"887.9",9,26,52,"882.95","887.9","878","Nov 2017"
"Tue Nov 07 2017 00:00:00 GMT+0530 (India Standard Time)",876.75,"887.9",9,26,52,"879.45","887.9","871","Nov 2017"
"Wed Nov 08 2017 00:00:00 GMT+0530 (India Standard Time)",878.6,"887.9",9,26,52,"873.1375","887.9","858.375","Nov 2017"
"Thu Nov 09 2017 00:00:00 GMT+0530 (India Standard Time)",875.95,"887.9",9,26,52,"874.0625","887.9","860.225","Nov 2017"
"Fri Nov 10 2017 00:00:00 GMT+0530 (India Standard Time)",867.05,"887.9",9,26,52,"875.3125","887.9","862.725","Nov 2017"
"Mon Nov 13 2017 00:00:00 GMT+0530 (India Standard Time)",869.5,"887.9",9,26,52,"875.4625000000001","887.9","863.0250000000001","Nov 2017"
"Tue Nov 14 2017 00:00:00 GMT+0530 (India Standard Time)",869.8,"887.9",9,26,52,"875.4625000000001","887.9","863.0250000000001","Nov 2017"
"Wed Nov 15 2017 00:00:00 GMT+0530 (India Standard Time)",848.35,"887.9",9,26,52,"875.4625000000001","887.9","863.0250000000001","Nov 2017"
"Thu Nov 16 2017 00:00:00 GMT+0530 (India Standard Time)",851.9,"887.9",9,26,52,"875.4625000000001","887.9","863.0250000000001","Nov 2017"
"Fri Nov 17 2017 00:00:00 GMT+0530 (India Standard Time)",840,"887.9",9,26,52,"875.6875","887.9","863.475","Nov 2017"
"Mon Nov 20 2017 00:00:00 GMT+0530 (India Standard Time)",842.15,"887.9",9,26,52,"875.2874999999999","887.9","862.675","Nov 2017"
"Tue Nov 21 2017 00:00:00 GMT+0530 (India Standard Time)",837.7,"887.9",9,26,52,"874.8375000000001","887.9","861.7750000000001","Nov 2017"
"Wed Nov 22 2017 00:00:00 GMT+0530 (India Standard Time)",842.15,"887.9",9,26,52,"873.7625","887.9","859.625","Nov 2017"
"Thu Nov 23 2017 00:00:00 GMT+0530 (India Standard Time)",853.7,"887.9",9,26,52,"873.7625","887.9","859.625","Nov 2017"
"Fri Nov 24 2017 00:00:00 GMT+0530 (India Standard Time)",858.4,"887.9",9,26,52,"873.7625","887.9","859.625","Nov 2017"
"Mon Nov 27 2017 00:00:00 GMT+0530 (India Standard Time)",860.7,"887.9",9,26,52,"871.8","887.9","855.7","Nov 2017"
"Tue Nov 28 2017 00:00:00 GMT+0530 (India Standard Time)",859.25,"885.75",9,26,52,"867.4875","887.9","849.2249999999999","Nov 2017"
"Wed Nov 29 2017 00:00:00 GMT+0530 (India Standard Time)",853.15,"878",9,26,52,"863.6125","887.9","849.2249999999999","Nov 2017"
"Thu Nov 30 2017 00:00:00 GMT+0530 (India Standard Time)",848,"871",9,26,52,"860.1125","887.9","849.2249999999999","Nov 2017"
"Fri Dec 01 2017 00:00:00 GMT+0530 (India Standard Time)",830,"857.7750000000001",9,26,52,"851.6750000000001","885.45","845.575","Nov 2017"
"Mon Dec 04 2017 00:00:00 GMT+0530 (India Standard Time)",847.95,"856.6500000000001",9,26,52,"850.5500000000001","884.325","844.45","Nov 2017"
"Tue Dec 05 2017 00:00:00 GMT+0530 (India Standard Time)",848,"856.6500000000001",9,26,52,"850.5500000000001","884.325","844.45","Nov 2017"
"Wed Dec 06 2017 00:00:00 GMT+0530 (India Standard Time)",858.6,"856.6500000000001",9,26,52,"850.5500000000001","884.325","844.45","Nov 2017"
"Thu Dec 07 2017 00:00:00 GMT+0530 (India Standard Time)",863.5,"856.6500000000001",9,26,52,"851.2875","884.325","845.925","Nov 2017"
"Fri Dec 08 2017 00:00:00 GMT+0530 (India Standard Time)",870.45,"856.6500000000001",9,26,52,"852.7375000000001","884.325","848.825","Nov 2017"
"Mon Dec 11 2017 00:00:00 GMT+0530 (India Standard Time)",880,"856.6500000000001",9,26,52,"855.0375","884.325","853.425","Nov 2017"
"Tue Dec 12 2017 00:00:00 GMT+0530 (India Standard Time)",875.2,"856.6500000000001",9,26,52,"855.0375","884.325","853.425","Nov 2017"
"Wed Dec 13 2017 00:00:00 GMT+0530 (India Standard Time)",866.35,"856.6500000000001",9,26,52,"855.0375","884.325","853.425","Nov 2017"
"Thu Dec 14 2017 00:00:00 GMT+0530 (India Standard Time)",882.85,"856.6500000000001",9,26,52,"855.8000000000001","884.325","854.95","Nov 2017"
"Fri Dec 15 2017 00:00:00 GMT+0530 (India Standard Time)",891.8,"860.6500000000001",9,26,52,"864.2125000000001","884.325","867.7750000000001","Nov 2017"
"Mon Dec 18 2017 00:00:00 GMT+0530 (India Standard Time)",885,"860.6500000000001",9,26,52,"865.6875","884.325","870.725","Nov 2017"
"Tue Dec 19 2017 00:00:00 GMT+0530 (India Standard Time)",869.45,"860.6500000000001",9,26,52,"867.8375000000001","884.325","875.0250000000001","Nov 2017"
"Wed Dec 20 2017 00:00:00 GMT+0530 (India Standard Time)",869.85,"860.6500000000001",9,26,52,"869.9875000000001","884.325","879.325","Nov 2017"
"Thu Dec 21 2017 00:00:00 GMT+0530 (India Standard Time)",890.25,"860.6500000000001",9,26,52,"869.9875000000001","884.325","879.325","Nov 2017"
"Fri Dec 22 2017 00:00:00 GMT+0530 (India Standard Time)",886.9,"860.6500000000001",9,26,52,"869.9875000000001","884.325","879.325","Nov 2017"
"Tue Dec 26 2017 00:00:00 GMT+0530 (India Standard Time)",888.45,"860.6500000000001",9,26,52,"869.9875000000001","884.325","879.325","Nov 2017"
"Wed Dec 27 2017 00:00:00 GMT+0530 (India Standard Time)",883.65,"860.6500000000001",9,26,52,"869.9875000000001","884.325","879.325","Nov 2017"
"Thu Dec 28 2017 00:00:00 GMT+0530 (India Standard Time)",878.3,"860.6500000000001",9,26,52,"870.4375","884.325","880.225","Nov 2017"
"Fri Dec 29 2017 00:00:00 GMT+0530 (India Standard Time)",890.5,"863.3",9,26,52,"873.0875","884.325","882.875","Nov 2017"
"Mon Jan 01 2018 00:00:00 GMT+0530 (India Standard Time)",878.7,"863.3",9,26,52,"873.0875","884.325","882.875","Nov 2017"
"Tue Jan 02 2018 00:00:00 GMT+0530 (India Standard Time)",892.8,"863.3",9,26,52,"873.0875","884.325","882.875","Nov 2017"
"Wed Jan 03 2018 00:00:00 GMT+0530 (India Standard Time)",897.3,"866.325",9,26,52,"877.975","884.325","889.625","Nov 2017"
"Thu Jan 04 2018 00:00:00 GMT+0530 (India Standard Time)",893.1,"866.325",9,26,52,"878.8625","882.175","891.4","Nov 2017"
"Fri Jan 05 2018 00:00:00 GMT+0530 (India Standard Time)",900.05,"866.325",9,26,52,"878.8625","874.425","891.4","Nov 2017"
"Mon Jan 08 2018 00:00:00 GMT+0530 (India Standard Time)",900.5,"866.325",9,26,52,"878.8625","867.425","891.4","Nov 2017"
"Tue Jan 09 2018 00:00:00 GMT+0530 (India Standard Time)",893.85,"866.325",9,26,52,"878.8625","866.325","891.4","Nov 2017"
"Wed Jan 10 2018 00:00:00 GMT+0530 (India Standard Time)",915.85,"878.55",9,26,52,"887.525","871.425","896.5","Nov 2017"
"Thu Jan 11 2018 00:00:00 GMT+0530 (India Standard Time)",916.9,"884.95",9,26,52,"892.6875","874.875","900.425","Nov 2017"
"Fri Jan 12 2018 00:00:00 GMT+0530 (India Standard Time)",925.9,"890.8",9,26,52,"896.6125","876.425","902.425","Nov 2017"
"Mon Jan 15 2018 00:00:00 GMT+0530 (India Standard Time)",909.25,"896.6500000000001",9,26,52,"901.6750000000001","877.975","906.7","Nov 2017"
"Tue Jan 16 2018 00:00:00 GMT+0530 (India Standard Time)",949.25,"908.6",9,26,52,"913.625","889.925","918.65","Nov 2017"
"Wed Jan 17 2018 00:00:00 GMT+0530 (India Standard Time)",952.85,"912.9000000000001",9,26,52,"917.9250000000001","894.225","922.95","Nov 2017"
"Thu Jan 18 2018 00:00:00 GMT+0530 (India Standard Time)",954.25,"912.9000000000001",9,26,52,"918.6","894.225","924.3","Nov 2017"
"Fri Jan 19 2018 00:00:00 GMT+0530 (India Standard Time)",958.3,"914.6",9,26,52,"920.3","895.925","926","Nov 2017"
"Mon Jan 22 2018 00:00:00 GMT+0530 (India Standard Time)",966.35,"919.45",9,26,52,"926.225","899.875","933","Nov 2017"
"Tue Jan 23 2018 00:00:00 GMT+0530 (India Standard Time)",995.35,"932",9,26,52,"942.375","912.425","952.75","Nov 2017"
"Wed Jan 24 2018 00:00:00 GMT+0530 (India Standard Time)",1018.45,"952.35",9,26,52,"962.725","932.7750000000001","973.1","Nov 2017"
"Thu Jan 25 2018 00:00:00 GMT+0530 (India Standard Time)",1009.55,"952.35",9,26,52,"962.725","932.7750000000001","973.1","Nov 2017"
"Mon Jan 29 2018 00:00:00 GMT+0530 (India Standard Time)",1012.05,"956.075",9,26,52,"965.7125000000001","932.7750000000001","975.35","Nov 2017"
"Tue Jan 30 2018 00:00:00 GMT+0530 (India Standard Time)",1000.4,"957.85",9,26,52,"974.225","932.7750000000001","990.6","Nov 2017"
"Wed Jan 31 2018 00:00:00 GMT+0530 (India Standard Time)",986.55,"957.85",9,26,52,"974.225","932.7750000000001","990.6","Nov 2017"
"Thu Feb 01 2018 00:00:00 GMT+0530 (India Standard Time)",984.9,"957.85",9,26,52,"975.35","932.7750000000001","992.85","Nov 2017"
"Fri Feb 02 2018 00:00:00 GMT+0530 (India Standard Time)",990.9,"957.85",9,26,52,"975.35","932.7750000000001","992.85","Nov 2017"
"Mon Feb 05 2018 00:00:00 GMT+0530 (India Standard Time)",993.15,"957.85",9,26,52,"981.2375","932.7750000000001","1004.625","Nov 2017"
"Tue Feb 06 2018 00:00:00 GMT+0530 (India Standard Time)",953.85,"958.325",9,26,52,"976.35","932.7750000000001","994.375","Nov 2017"
"Wed Feb 07 2018 00:00:00 GMT+0530 (India Standard Time)",938.55,"958.7750000000001",9,26,52,"965.1375","932.7750000000001","971.5","Nov 2017"
"Thu Feb 08 2018 00:00:00 GMT+0530 (India Standard Time)",944.35,"961.5",9,26,52,"966.5","932.7750000000001","971.5","Nov 2017"
"Fri Feb 09 2018 00:00:00 GMT+0530 (India Standard Time)",964,"961.5",9,26,52,"965.725","932.7750000000001","969.95","Nov 2017"
"Mon Feb 12 2018 00:00:00 GMT+0530 (India Standard Time)",939.15,"961.5",9,26,52,"965.725","932.7750000000001","969.95","Nov 2017"
"Wed Feb 14 2018 00:00:00 GMT+0530 (India Standard Time)",937.8,"962.85",9,26,52,"965.6625","932.7750000000001","968.475","Nov 2017"
"Thu Feb 15 2018 00:00:00 GMT+0530 (India Standard Time)",939.7,"962.85",9,26,52,"963.85","932.7750000000001","964.85","Nov 2017"
"Fri Feb 16 2018 00:00:00 GMT+0530 (India Standard Time)",937.1,"965.9000000000001",9,26,52,"963.9000000000001","932.7750000000001","961.9","Nov 2017"
"Mon Feb 19 2018 00:00:00 GMT+0530 (India Standard Time)",914.2,"970.4000000000001",9,26,52,"953.4125","939.9000000000001","936.425","Nov 2017"
"Tue Feb 20 2018 00:00:00 GMT+0530 (India Standard Time)",907.45,"970.4000000000001",9,26,52,"953.4125","942.85","936.425","Nov 2017"
"Wed Feb 21 2018 00:00:00 GMT+0530 (India Standard Time)",942.9,"970.4000000000001",9,26,52,"953.4125","947.1500000000001","936.425","Nov 2017"
"Thu Feb 22 2018 00:00:00 GMT+0530 (India Standard Time)",941,"970.4000000000001",9,26,52,"953.4125","951.45","936.425","Nov 2017"
"Fri Feb 23 2018 00:00:00 GMT+0530 (India Standard Time)",955.6,"970.4000000000001",9,26,52,"953.4125","951.45","936.425","Nov 2017"
"Mon Feb 26 2018 00:00:00 GMT+0530 (India Standard Time)",946.05,"970.4000000000001",9,26,52,"952.9625000000001","951.45","935.5250000000001","Nov 2017"
"Tue Feb 27 2018 00:00:00 GMT+0530 (India Standard Time)",949.9,"970.4000000000001",9,26,52,"952.9625000000001","951.45","935.5250000000001","Nov 2017"
"Wed Feb 28 2018 00:00:00 GMT+0530 (India Standard Time)",940.3,"970.4000000000001",9,26,52,"952.9625000000001","951.45","935.5250000000001","Nov 2017"
"Thu Mar 01 2018 00:00:00 GMT+0530 (India Standard Time)",942.8,"970.4000000000001",9,26,52,"952.2","952.35","934","Nov 2017"
"Mon Mar 05 2018 00:00:00 GMT+0530 (India Standard Time)",932.1,"970.4000000000001",9,26,52,"953.4250000000001","952.35","936.45","Nov 2017"
"Tue Mar 06 2018 00:00:00 GMT+0530 (India Standard Time)",932.8,"960.55",9,26,52,"950.25","952.35","939.95","Nov 2017"
"Wed Mar 07 2018 00:00:00 GMT+0530 (India Standard Time)",949.55,"960.55",9,26,52,"951.6999999999999","952.35","942.8499999999999","Nov 2017"
"Thu Mar 08 2018 00:00:00 GMT+0530 (India Standard Time)",950.65,"959",9,26,52,"950.925","956.075","942.8499999999999","Nov 2017"
"Fri Mar 09 2018 00:00:00 GMT+0530 (India Standard Time)",943,"959",9,26,52,"950.225","957.85","941.45","Nov 2017"
"Mon Mar 12 2018 00:00:00 GMT+0530 (India Standard Time)",967.65,"957.5250000000001",9,26,52,"952.2125000000001","957.85","946.9","Nov 2017"
"Tue Mar 13 2018 00:00:00 GMT+0530 (India Standard Time)",957,"953.9000000000001",9,26,52,"950.4000000000001","957.85","946.9","Nov 2017"
"Wed Mar 14 2018 00:00:00 GMT+0530 (India Standard Time)",965.05,"950.95",9,26,52,"948.925","957.85","946.9","Nov 2017"
"Thu Mar 15 2018 00:00:00 GMT+0530 (India Standard Time)",959.15,"938.05",9,26,52,"942.4749999999999","957.85","946.9","Nov 2017"
"Fri Mar 16 2018 00:00:00 GMT+0530 (India Standard Time)",967.6,"939.825",9,26,52,"946.425","958.325","953.025","Nov 2017"
"Mon Mar 19 2018 00:00:00 GMT+0530 (India Standard Time)",926.5,"939.825",9,26,52,"945.05","958.7750000000001","950.275","Nov 2017"
"Tue Mar 20 2018 00:00:00 GMT+0530 (India Standard Time)",937.2,"939.825",9,26,52,"943.7","961.5","947.575","Nov 2017"
"Wed Mar 21 2018 00:00:00 GMT+0530 (India Standard Time)",937.35,"939.825",9,26,52,"943.7","961.5","947.575","Nov 2017"
"Thu Mar 22 2018 00:00:00 GMT+0530 (India Standard Time)",930.55,"939.825",9,26,52,"943.7","961.5","947.575","Nov 2017"
"Fri Mar 23 2018 00:00:00 GMT+0530 (India Standard Time)",957.4,"939.825",9,26,52,"940.6875","962.85","941.55","Nov 2017"
"Mon Mar 26 2018 00:00:00 GMT+0530 (India Standard Time)",967.05,"939.825",9,26,52,"940.6875","962.85","941.55","Nov 2017"
"Tue Mar 27 2018 00:00:00 GMT+0530 (India Standard Time)",972.05,"939.825",9,26,52,"940.6875","965.9000000000001","941.55","Nov 2017"
"Wed Mar 28 2018 00:00:00 GMT+0530 (India Standard Time)",968.6,"942.575",9,26,52,"942.575","970.4000000000001","942.575","Nov 2017"
"Mon Apr 02 2018 00:00:00 GMT+0530 (India Standard Time)",979.5,"944.2249999999999",9,26,52,"944.2249999999999","970.4000000000001","944.2249999999999","Nov 2017"
"Tue Apr 03 2018 00:00:00 GMT+0530 (India Standard Time)",969.25,"946.275",9,26,52,"946.275","970.4000000000001","946.275","Nov 2017"
"Wed Apr 04 2018 00:00:00 GMT+0530 (India Standard Time)",959.25,"946.275",9,26,52,"946.275","970.4000000000001","946.275","Nov 2017"
"Thu Apr 05 2018 00:00:00 GMT+0530 (India Standard Time)",962.05,"946.275",9,26,52,"946.275","970.4000000000001","946.275","Nov 2017"
"Fri Apr 06 2018 00:00:00 GMT+0530 (India Standard Time)",952.65,"946.275",9,26,52,"946.275","970.4000000000001","946.275","Nov 2017"
"Mon Apr 09 2018 00:00:00 GMT+0530 (India Standard Time)",953.25,"946.275",9,26,52,"956.6375","970.4000000000001","967","Nov 2017"
"Tue Apr 10 2018 00:00:00 GMT+0530 (India Standard Time)",948.45,"946.275",9,26,52,"956.275","970.4000000000001","966.275","Nov 2017"
"Wed Apr 11 2018 00:00:00 GMT+0530 (India Standard Time)",967.3,"946.275",9,26,52,"956.275","970.4000000000001","966.275","Nov 2017"
"Thu Apr 12 2018 00:00:00 GMT+0530 (India Standard Time)",1010.05,"958.275",9,26,52,"968.275","970.4000000000001","978.275","Nov 2017"
"Fri Apr 13 2018 00:00:00 GMT+0530 (India Standard Time)",991.25,"961.775",9,26,52,"971.775","960.55","981.775","Nov 2017"
"Mon Apr 16 2018 00:00:00 GMT+0530 (India Standard Time)",999.9,"961.775",9,26,52,"971.775","960.55","981.775","Nov 2017"
"Tue Apr 17 2018 00:00:00 GMT+0530 (India Standard Time)",1011,"961.775",9,26,52,"971.775","960.05","981.775","Nov 2017"
"Wed Apr 18 2018 00:00:00 GMT+0530 (India Standard Time)",996.85,"961.775",9,26,52,"971.775","960.05","981.775","Nov 2017"
"Thu Apr 19 2018 00:00:00 GMT+0530 (India Standard Time)",1018.55,"962.525",9,26,52,"972.525","960.8","982.525","Nov 2017"
"Fri Apr 20 2018 00:00:00 GMT+0530 (India Standard Time)",1062.35,"988.875",9,26,52,"998.875","987.1500000000001","1008.875","Nov 2017"
"Mon Apr 23 2018 00:00:00 GMT+0530 (India Standard Time)",1088,"1005.775",9,26,52,"1017.7249999999999","1004.05","1029.675","Nov 2017"
"Tue Apr 24 2018 00:00:00 GMT+0530 (India Standard Time)",1061.95,"1005.775",9,26,52,"1021.7125000000001","1004.05","1037.65","Nov 2017"
"Wed Apr 25 2018 00:00:00 GMT+0530 (India Standard Time)",1068.8,"1005.775",9,26,52,"1023.9124999999999","1004.05","1042.05","Nov 2017"
"Thu Apr 26 2018 00:00:00 GMT+0530 (India Standard Time)",1077.3,"1005.775",9,26,52,"1023.9124999999999","1004.05","1042.05","Nov 2017"
"Fri Apr 27 2018 00:00:00 GMT+0530 (India Standard Time)",1041.65,"1005.775",9,26,52,"1028.1375","1004.05","1050.5","Nov 2017"
"Mon Apr 30 2018 00:00:00 GMT+0530 (India Standard Time)",1052.75,"1005.775",9,26,52,"1028.1375","1004.05","1050.5","Nov 2017"
"Wed May 02 2018 00:00:00 GMT+0530 (India Standard Time)",1000.5,"1005.775",9,26,52,"1028.7625","1004.05","1051.75","Nov 2017"
"Thu May 03 2018 00:00:00 GMT+0530 (India Standard Time)",925.7,"1014",9,26,52,"1014","1004.05","1014","Nov 2017"
"Fri May 04 2018 00:00:00 GMT+0530 (India Standard Time)",929.85,"1007.85",9,26,52,"1007.85","1004.05","1007.85","Nov 2017"
"Mon May 07 2018 00:00:00 GMT+0530 (India Standard Time)",928.2,"1007.85",9,26,52,"1005.7875","1004.05","1003.725","Nov 2017"
"Tue May 08 2018 00:00:00 GMT+0530 (India Standard Time)",920.1,"1007.55",9,26,52,"1003.2125","1005.775","998.875","Nov 2017"
"Wed May 09 2018 00:00:00 GMT+0530 (India Standard Time)",927.5,"1007.55",9,26,52,"1003.2125","1005.775","998.875","Nov 2017"
"Thu May 10 2018 00:00:00 GMT+0530 (India Standard Time)",930.2,"1007.55",9,26,52,"1003.2125","1005.775","998.875","Nov 2017"
"Fri May 11 2018 00:00:00 GMT+0530 (India Standard Time)",932.85,"1007.55",9,26,52,"1000.3","1005.775","993.05","Nov 2017"
"Mon May 14 2018 00:00:00 GMT+0530 (India Standard Time)",925.3,"1007.55",9,26,52,"993.5375","1005.775","979.5250000000001","Nov 2017"
"Tue May 15 2018 00:00:00 GMT+0530 (India Standard Time)",925,"1007.55",9,26,52,"979.8","1005.775","952.05","Nov 2017"
"Wed May 16 2018 00:00:00 GMT+0530 (India Standard Time)",920.25,"1007.55",9,26,52,"966.55","1005.775","925.55","Nov 2017"
"Thu May 17 2018 00:00:00 GMT+0530 (India Standard Time)",909.75,"1006.35",9,26,52,"964.5125","1005.775","922.675","Nov 2017"
"Fri May 18 2018 00:00:00 GMT+0530 (India Standard Time)",890.7,"997.55",9,26,52,"955.1125","997.55","912.675","Nov 2017"
"Mon May 21 2018 00:00:00 GMT+0530 (India Standard Time)",895.95,"997.5",9,26,52,"955.0625","997.5","912.625","Nov 2017"
"Tue May 22 2018 00:00:00 GMT+0530 (India Standard Time)",904.9,"997.5",9,26,52,"955.0625","997.5","912.625","Nov 2017"
"Wed May 23 2018 00:00:00 GMT+0530 (India Standard Time)",894.35,"997.5",9,26,52,"955.0625","997.5","912.625","Nov 2017"
"Thu May 24 2018 00:00:00 GMT+0530 (India Standard Time)",911.7,"997.5",9,26,52,"954.85","997.5","912.2","Nov 2017"
"Fri May 25 2018 00:00:00 GMT+0530 (India Standard Time)",916,"997.5",9,26,52,"953.675","997.5","909.85","Nov 2017"
"Mon May 28 2018 00:00:00 GMT+0530 (India Standard Time)",894.5,"997.5",9,26,52,"953.225","997.5","908.95","Nov 2017"
"Tue May 29 2018 00:00:00 GMT+0530 (India Standard Time)",905.1,"997.5",9,26,52,"952.225","997.5","906.95","Nov 2017"
"Wed May 30 2018 00:00:00 GMT+0530 (India Standard Time)",907.35,"993.375",9,26,52,"949.4","997.5","905.425","Nov 2017"
"Thu May 31 2018 00:00:00 GMT+0530 (India Standard Time)",910.35,"988.825",9,26,52,"947.125","997.5","905.425","Nov 2017"
"Fri Jun 01 2018 00:00:00 GMT+0530 (India Standard Time)",904.85,"988.825",9,26,52,"947.775","997.5","906.7249999999999","Nov 2017"
"Mon Jun 04 2018 00:00:00 GMT+0530 (India Standard Time)",900.7,"988.825",9,26,52,"948.1375","997.5","907.45","Nov 2017"
"Tue Jun 05 2018 00:00:00 GMT+0530 (India Standard Time)",885.05,"979.525",9,26,52,"940.75","994.025","901.9749999999999","Nov 2017"
"Wed Jun 06 2018 00:00:00 GMT+0530 (India Standard Time)",908.95,"966",9,26,52,"933.9875","994.025","901.9749999999999","Nov 2017"
"Thu Jun 07 2018 00:00:00 GMT+0530 (India Standard Time)",921.35,"938.525",9,26,52,"920.775","994.025","903.025","Nov 2017"
"Fri Jun 08 2018 00:00:00 GMT+0530 (India Standard Time)",928.7,"912.025",9,26,52,"910","994.025","907.9749999999999","Nov 2017"
"Mon Jun 11 2018 00:00:00 GMT+0530 (India Standard Time)",911.6,"911.275",9,26,52,"911.275","994.025","911.275","Nov 2017"
"Tue Jun 12 2018 00:00:00 GMT+0530 (India Standard Time)",914.8,"911.275",9,26,52,"911.275","994.025","911.275","Nov 2017"
"Wed Jun 13 2018 00:00:00 GMT+0530 (India Standard Time)",923.7,"911.275",9,26,52,"911.275","994.025","911.275","Nov 2017"
"Thu Jun 14 2018 00:00:00 GMT+0530 (India Standard Time)",936.95,"911.275",9,26,52,"911.275","994.025","911.275","Nov 2017"
"Fri Jun 15 2018 00:00:00 GMT+0530 (India Standard Time)",948.3,"917.025",9,26,52,"917.025","994.025","917.025","Nov 2017"
"Mon Jun 18 2018 00:00:00 GMT+0530 (India Standard Time)",933.2,"918.7",9,26,52,"921.1875","994.025","923.675","Nov 2017"
"Tue Jun 19 2018 00:00:00 GMT+0530 (India Standard Time)",920.45,"918.7",9,26,52,"924.9375","994.025","931.175","Nov 2017"
"Wed Jun 20 2018 00:00:00 GMT+0530 (India Standard Time)",910.95,"918.7",9,26,52,"925.2875","994.025","931.875","Nov 2017"
"Thu Jun 21 2018 00:00:00 GMT+0530 (India Standard Time)",902.55,"918.7",9,26,52,"923.4625000000001","994.025","928.225","Nov 2017"
"Fri Jun 22 2018 00:00:00 GMT+0530 (India Standard Time)",904.8,"918.7",9,26,52,"923.4625000000001","994.025","928.225","Nov 2017"
"Mon Jun 25 2018 00:00:00 GMT+0530 (India Standard Time)",908.9,"918.7",9,26,52,"923.4625000000001","994.025","928.225","Nov 2017"
"Tue Jun 26 2018 00:00:00 GMT+0530 (India Standard Time)",910.4,"918.7",9,26,52,"923.4625000000001","994.025","928.225","Nov 2017"
"Wed Jun 27 2018 00:00:00 GMT+0530 (India Standard Time)",921.05,"918.7",9,26,52,"923.4625000000001","994.025","928.225","Nov 2017"
"Thu Jun 28 2018 00:00:00 GMT+0530 (India Standard Time)",909.6,"918.7",9,26,52,"923.4625000000001","994.025","928.225","Nov 2017"
"Fri Jun 29 2018 00:00:00 GMT+0530 (India Standard Time)",926.25,"918.7",9,26,52,"919.2625","994.025","919.825","Nov 2017"
"Mon Jul 02 2018 00:00:00 GMT+0530 (India Standard Time)",926.1,"918.7",9,26,52,"917.2375000000001","994.025","915.7750000000001","Nov 2017"
"Tue Jul 03 2018 00:00:00 GMT+0530 (India Standard Time)",937.5,"918.7",9,26,52,"919.1","994.025","919.5","Nov 2017"
"Wed Jul 04 2018 00:00:00 GMT+0530 (India Standard Time)",925.65,"918.7",9,26,52,"919.7875","994.025","920.875","Nov 2017"
"Thu Jul 05 2018 00:00:00 GMT+0530 (India Standard Time)",931.05,"918.7",9,26,52,"920.325","989.9","921.95","Nov 2017"
"Fri Jul 06 2018 00:00:00 GMT+0530 (India Standard Time)",943.9,"918.7",9,26,52,"922.9625","985.35","927.2249999999999","Nov 2017"
