"date","chikou_span","kijun_sen","parameter_tenkan_Sen","parameter_kijun_Sen","parameter_senkou_Span_B","senkou_span_A","senkou_span_B","tenkan_sen","y"
"Fri Mar 24 2017 00:00:00 GMT+0530 (India Standard Time)",688.8,"null",9,26,52,"null","null","null","Aug 2017"
"Mon Mar 27 2017 00:00:00 GMT+0530 (India Standard Time)",670.1,"null",9,26,52,"null","null","null","Aug 2017"
"Tue Mar 28 2017 00:00:00 GMT+0530 (India Standard Time)",679,"null",9,26,52,"null","null","null","Aug 2017"
"Wed Mar 29 2017 00:00:00 GMT+0530 (India Standard Time)",670.25,"null",9,26,52,"null","null","null","Aug 2017"
"Thu Mar 30 2017 00:00:00 GMT+0530 (India Standard Time)",671.7,"null",9,26,52,"null","null","null","Aug 2017"
"Fri Mar 31 2017 00:00:00 GMT+0530 (India Standard Time)",675.2,"null",9,26,52,"null","null","null","Aug 2017"
"Mon Apr 03 2017 00:00:00 GMT+0530 (India Standard Time)",682.95,"null",9,26,52,"null","null","null","Aug 2017"
"Wed Apr 05 2017 00:00:00 GMT+0530 (India Standard Time)",677.5,"null",9,26,52,"null","null","null","Aug 2017"
"Thu Apr 06 2017 00:00:00 GMT+0530 (India Standard Time)",670.45,"null",9,26,52,"null","null","681.125","Aug 2017"
"Fri Apr 07 2017 00:00:00 GMT+0530 (India Standard Time)",658.05,"null",9,26,52,"null","null","671.3","Aug 2017"
"Mon Apr 10 2017 00:00:00 GMT+0530 (India Standard Time)",654.95,"null",9,26,52,"null","null","670.25","Aug 2017"
"Tue Apr 11 2017 00:00:00 GMT+0530 (India Standard Time)",655.15,"null",9,26,52,"null","null","670.25","Aug 2017"
"Wed Apr 12 2017 00:00:00 GMT+0530 (India Standard Time)",656.5,"null",9,26,52,"null","null","667.525","Aug 2017"
"Thu Apr 13 2017 00:00:00 GMT+0530 (India Standard Time)",658.05,"null",9,26,52,"null","null","667.525","Aug 2017"
"Mon Apr 17 2017 00:00:00 GMT+0530 (India Standard Time)",652.85,"null",9,26,52,"null","null","667.525","Aug 2017"
"Tue Apr 18 2017 00:00:00 GMT+0530 (India Standard Time)",664.3,"null",9,26,52,"null","null","667.525","Aug 2017"
"Wed Apr 19 2017 00:00:00 GMT+0530 (India Standard Time)",640.05,"null",9,26,52,"null","null","653.4","Aug 2017"
"Thu Apr 20 2017 00:00:00 GMT+0530 (India Standard Time)",634.4,"null",9,26,52,"null","null","653.4","Aug 2017"
"Fri Apr 21 2017 00:00:00 GMT+0530 (India Standard Time)",633.2,"null",9,26,52,"null","null","652.95","Aug 2017"
"Mon Apr 24 2017 00:00:00 GMT+0530 (India Standard Time)",627.35,"null",9,26,52,"null","null","650.9","Aug 2017"
"Tue Apr 25 2017 00:00:00 GMT+0530 (India Standard Time)",622.8,"null",9,26,52,"null","null","648.4","Aug 2017"
"Wed Apr 26 2017 00:00:00 GMT+0530 (India Standard Time)",624.65,"null",9,26,52,"null","null","647.125","Aug 2017"
"Thu Apr 27 2017 00:00:00 GMT+0530 (India Standard Time)",607.05,"null",9,26,52,"null","null","640.4","Aug 2017"
"Fri Apr 28 2017 00:00:00 GMT+0530 (India Standard Time)",606.75,"null",9,26,52,"null","null","639.95","Aug 2017"
"Tue May 02 2017 00:00:00 GMT+0530 (India Standard Time)",596.8,"null",9,26,52,"null","null","630.575","Aug 2017"
"Wed May 03 2017 00:00:00 GMT+0530 (India Standard Time)",584.65,"639.525",9,26,52,"626.525","null","613.525","Aug 2017"
"Thu May 04 2017 00:00:00 GMT+0530 (India Standard Time)",591.75,"634.3",9,26,52,"623.5375","null","612.7750000000001","Aug 2017"
"Fri May 05 2017 00:00:00 GMT+0530 (India Standard Time)",589,"634.3",9,26,52,"621.225","null","608.1500000000001","Aug 2017"
"Mon May 08 2017 00:00:00 GMT+0530 (India Standard Time)",604.65,"634.3",9,26,52,"620.6","null","606.9000000000001","Aug 2017"
"Tue May 09 2017 00:00:00 GMT+0530 (India Standard Time)",594.35,"634.3",9,26,52,"619.9875","null","605.675","Aug 2017"
"Wed May 10 2017 00:00:00 GMT+0530 (India Standard Time)",618.95,"634.3",9,26,52,"619.9875","null","605.675","Aug 2017"
"Thu May 11 2017 00:00:00 GMT+0530 (India Standard Time)",623.55,"634.3",9,26,52,"619.25","null","604.2","Aug 2017"
"Fri May 12 2017 00:00:00 GMT+0530 (India Standard Time)",623.7,"634.3",9,26,52,"619.25","null","604.2","Aug 2017"
"Mon May 15 2017 00:00:00 GMT+0530 (India Standard Time)",613.95,"628.7",9,26,52,"616.45","null","604.2","Aug 2017"
"Tue May 16 2017 00:00:00 GMT+0530 (India Standard Time)",614.5,"628.7",9,26,52,"616.45","null","604.2","Aug 2017"
"Wed May 17 2017 00:00:00 GMT+0530 (India Standard Time)",607.35,"628.7",9,26,52,"616.9","null","605.0999999999999","Aug 2017"
"Thu May 18 2017 00:00:00 GMT+0530 (India Standard Time)",601.05,"628.7",9,26,52,"618.05","null","607.4","Aug 2017"
"Fri May 19 2017 00:00:00 GMT+0530 (India Standard Time)",595.3,"628.7",9,26,52,"618.05","null","607.4","Aug 2017"
"Mon May 22 2017 00:00:00 GMT+0530 (India Standard Time)",575.15,"624.9",9,26,52,"612.65","null","600.4","Aug 2017"
"Tue May 23 2017 00:00:00 GMT+0530 (India Standard Time)",541.7,"606.9",9,26,52,"594.65","null","582.4","Aug 2017"
"Wed May 24 2017 00:00:00 GMT+0530 (India Standard Time)",526.2,"598.4",9,26,52,"586.125","null","573.85","Aug 2017"
"Thu May 25 2017 00:00:00 GMT+0530 (India Standard Time)",525.55,"592.9749999999999",9,26,52,"582.1125","null","571.25","Aug 2017"
"Fri May 26 2017 00:00:00 GMT+0530 (India Standard Time)",532.5,"580.4",9,26,52,"575.15","null","569.9","Aug 2017"
"Mon May 29 2017 00:00:00 GMT+0530 (India Standard Time)",512.4,"573.5",9,26,52,"568.5125","null","563.525","Aug 2017"
"Tue May 30 2017 00:00:00 GMT+0530 (India Standard Time)",580.3,"568.875",9,26,52,"563.075","null","557.275","Aug 2017"
"Wed May 31 2017 00:00:00 GMT+0530 (India Standard Time)",574.15,"567.625",9,26,52,"561.075","null","554.525","Aug 2017"
"Thu Jun 01 2017 00:00:00 GMT+0530 (India Standard Time)",579.65,"566.4",9,26,52,"560.6125","null","554.825","Aug 2017"
"Fri Jun 02 2017 00:00:00 GMT+0530 (India Standard Time)",593.4,"566.4",9,26,52,"560.6125","null","554.825","Aug 2017"
"Mon Jun 05 2017 00:00:00 GMT+0530 (India Standard Time)",592.95,"564.925",9,26,52,"559.875","null","554.825","Aug 2017"
"Tue Jun 06 2017 00:00:00 GMT+0530 (India Standard Time)",585.15,"564.925",9,26,52,"559.875","null","554.825","Aug 2017"
"Wed Jun 07 2017 00:00:00 GMT+0530 (India Standard Time)",598,"564.925",9,26,52,"559.875","null","554.825","Aug 2017"
"Thu Jun 08 2017 00:00:00 GMT+0530 (India Standard Time)",605.05,"564.925",9,26,52,"561.5999999999999","600.025","558.275","Aug 2017"
"Fri Jun 09 2017 00:00:00 GMT+0530 (India Standard Time)",608.6,"564.925",9,26,52,"562.4749999999999","595.025","560.025","Aug 2017"
"Mon Jun 12 2017 00:00:00 GMT+0530 (India Standard Time)",607.65,"564.925",9,26,52,"578.4","595.025","591.875","Aug 2017"
"Tue Jun 13 2017 00:00:00 GMT+0530 (India Standard Time)",604.25,"564.925",9,26,52,"579.4749999999999","595.025","594.025","Aug 2017"
"Wed Jun 14 2017 00:00:00 GMT+0530 (India Standard Time)",602.1,"564.925",9,26,52,"580.7249999999999","595.025","596.525","Aug 2017"
"Thu Jun 15 2017 00:00:00 GMT+0530 (India Standard Time)",643.9,"575.725",9,26,52,"595.2249999999999","595.025","614.7249999999999","Aug 2017"
"Fri Jun 16 2017 00:00:00 GMT+0530 (India Standard Time)",653.7,"583.275",9,26,52,"602.775","595.025","622.275","Aug 2017"
"Mon Jun 19 2017 00:00:00 GMT+0530 (India Standard Time)",655.4,"583.875",9,26,52,"603.375","595.025","622.875","Aug 2017"
"Tue Jun 20 2017 00:00:00 GMT+0530 (India Standard Time)",658.35,"583.875",9,26,52,"607.2125","589.425","630.55","Aug 2017"
"Wed Jun 21 2017 00:00:00 GMT+0530 (India Standard Time)",655.15,"583.875",9,26,52,"607.2125","589.425","630.55","Aug 2017"
"Thu Jun 22 2017 00:00:00 GMT+0530 (India Standard Time)",665.95,"587.525",9,26,52,"610.8625","589.425","634.2","Aug 2017"
"Fri Jun 23 2017 00:00:00 GMT+0530 (India Standard Time)",672.25,"589.025",9,26,52,"612.3625","589.425","635.7","Aug 2017"
"Tue Jun 27 2017 00:00:00 GMT+0530 (India Standard Time)",669.95,"597.85",9,26,52,"621.1875","597.85","644.525","Aug 2017"
"Wed Jun 28 2017 00:00:00 GMT+0530 (India Standard Time)",671.55,"597.85",9,26,52,"621.8375000000001","597.85","645.825","Aug 2017"
"Thu Jun 29 2017 00:00:00 GMT+0530 (India Standard Time)",670.85,"597.85",9,26,52,"632.6375","597.85","667.425","Aug 2017"
"Fri Jun 30 2017 00:00:00 GMT+0530 (India Standard Time)",684.6,"597.85",9,26,52,"632.6375","597.85","667.425","Aug 2017"
"Mon Jul 03 2017 00:00:00 GMT+0530 (India Standard Time)",685.25,"597.85",9,26,52,"634.175","597.85","670.5","Aug 2017"
"Tue Jul 04 2017 00:00:00 GMT+0530 (India Standard Time)",677.8,"597.85",9,26,52,"634.175","597.85","670.5","Aug 2017"
"Wed Jul 05 2017 00:00:00 GMT+0530 (India Standard Time)",678.3,"599.6",9,26,52,"637.1500000000001","597.85","674.7","Aug 2017"
"Thu Jul 06 2017 00:00:00 GMT+0530 (India Standard Time)",683.4,"630.075",9,26,52,"652.3875","597.85","674.7","Aug 2017"
"Fri Jul 07 2017 00:00:00 GMT+0530 (India Standard Time)",697.05,"634.875",9,26,52,"656.8625","601.275","678.85","Aug 2017"
"Mon Jul 10 2017 00:00:00 GMT+0530 (India Standard Time)",709.4,"643.625",9,26,52,"664.3625","607.525","685.1","Aug 2017"
"Tue Jul 11 2017 00:00:00 GMT+0530 (India Standard Time)",699.95,"649",9,26,52,"670.6125","610","692.225","Aug 2017"
"Wed Jul 12 2017 00:00:00 GMT+0530 (India Standard Time)",694.7,"649",9,26,52,"670.8125","610","692.625","Aug 2017"
"Thu Jul 13 2017 00:00:00 GMT+0530 (India Standard Time)",705.15,"649",9,26,52,"671.1125","610","693.225","Aug 2017"
"Fri Jul 14 2017 00:00:00 GMT+0530 (India Standard Time)",746.55,"673.2",9,26,52,"691.475","626.525","709.75","Aug 2017"
"Mon Jul 17 2017 00:00:00 GMT+0530 (India Standard Time)",751.6,"680.95",9,26,52,"699.225","634.275","717.5","Aug 2017"
"Tue Jul 18 2017 00:00:00 GMT+0530 (India Standard Time)",734.3,"680.95",9,26,52,"701.3875","634.275","721.825","Aug 2017"
"Wed Jul 19 2017 00:00:00 GMT+0530 (India Standard Time)",765.85,"695.55",9,26,52,"716.1","648.875","736.6500000000001","Aug 2017"
"Thu Jul 20 2017 00:00:00 GMT+0530 (India Standard Time)",750.5,"695.55",9,26,52,"719.2375","648.875","742.925","Aug 2017"
"Fri Jul 21 2017 00:00:00 GMT+0530 (India Standard Time)",748.25,"696.85",9,26,52,"719.8875","648.875","742.925","Aug 2017"
"Mon Jul 24 2017 00:00:00 GMT+0530 (India Standard Time)",745.25,"718.45",9,26,52,"730.6875","648.875","742.925","Aug 2017"
"Tue Jul 25 2017 00:00:00 GMT+0530 (India Standard Time)",750.25,"718.45",9,26,52,"730.7","648.875","742.95","Aug 2017"
"Wed Jul 26 2017 00:00:00 GMT+0530 (India Standard Time)",747.7,"721.5250000000001",9,26,52,"737.7","648.875","753.875","Aug 2017"
"Thu Jul 27 2017 00:00:00 GMT+0530 (India Standard Time)",738.75,"721.5250000000001",9,26,52,"741.45","648.875","761.375","Aug 2017"
"Fri Jul 28 2017 00:00:00 GMT+0530 (India Standard Time)",723.9,"725.725",9,26,52,"740.9125","648.875","756.1","Aug 2017"
"Mon Jul 31 2017 00:00:00 GMT+0530 (India Standard Time)",718.6,"725.725",9,26,52,"740.2875","648.875","754.85","Aug 2017"
"Tue Aug 01 2017 00:00:00 GMT+0530 (India Standard Time)",734.45,"726.45",9,26,52,"734.7875","648.875","743.125","Aug 2017"
"Wed Aug 02 2017 00:00:00 GMT+0530 (India Standard Time)",731.05,"726.45",9,26,52,"731.5875000000001","648.875","736.725","Aug 2017"
"Thu Aug 03 2017 00:00:00 GMT+0530 (India Standard Time)",741.3,"731.1",9,26,52,"733.9125","648.875","736.725","Aug 2017"
"Fri Aug 04 2017 00:00:00 GMT+0530 (India Standard Time)",725.3,"731.5",9,26,52,"734.1125","648.875","736.725","Aug 2017"
"Mon Aug 07 2017 00:00:00 GMT+0530 (India Standard Time)",724.45,"732.1",9,26,52,"734.4125","648.875","736.725","Aug 2017"
"Tue Aug 08 2017 00:00:00 GMT+0530 (India Standard Time)",726.3,"732.1",9,26,52,"734.4125","648.875","736.725","Aug 2017"
"Wed Aug 09 2017 00:00:00 GMT+0530 (India Standard Time)",683.6,"732.1",9,26,52,"722.125","648.875","712.15","Aug 2017"
"Thu Aug 10 2017 00:00:00 GMT+0530 (India Standard Time)",685.25,"729.85",9,26,52,"718.3","650.625","706.75","Aug 2017"
"Fri Aug 11 2017 00:00:00 GMT+0530 (India Standard Time)",705,"729.85",9,26,52,"718.3","681.1","706.75","Aug 2017"
"Mon Aug 14 2017 00:00:00 GMT+0530 (India Standard Time)",714.5,"729.85",9,26,52,"718.3","682.475","706.75","Aug 2017"
"Wed Aug 16 2017 00:00:00 GMT+0530 (India Standard Time)",713.9,"729.85",9,26,52,"718.3","684.975","706.75","Aug 2017"
"Thu Aug 17 2017 00:00:00 GMT+0530 (India Standard Time)",703.5,"729.85",9,26,52,"716.3875","687.875","702.925","Aug 2017"
"Fri Aug 18 2017 00:00:00 GMT+0530 (India Standard Time)",704.75,"729.85",9,26,52,"716.3875","687.875","702.925","Aug 2017"
"Mon Aug 21 2017 00:00:00 GMT+0530 (India Standard Time)",696.1,"729.85",9,26,52,"716.3875","687.875","702.925","Aug 2017"
"Tue Aug 22 2017 00:00:00 GMT+0530 (India Standard Time)",695.7,"729.85",9,26,52,"712.5250000000001","695.55","695.2","Aug 2017"
"Wed Aug 23 2017 00:00:00 GMT+0530 (India Standard Time)",698.65,"729.85",9,26,52,"712.425","695.55","695","Aug 2017"
"Thu Aug 24 2017 00:00:00 GMT+0530 (India Standard Time)",732.15,"729.85",9,26,52,"715.7375","695.55","701.625","Aug 2017"
"Mon Aug 28 2017 00:00:00 GMT+0530 (India Standard Time)",743.35,"718.125",9,26,52,"718.5625","695.55","719","Aug 2017"
"Tue Aug 29 2017 00:00:00 GMT+0530 (India Standard Time)",731.05,"711.725",9,26,52,"715.3625","695.55","719","Aug 2017"
"Wed Aug 30 2017 00:00:00 GMT+0530 (India Standard Time)",735.2,"711.725",9,26,52,"715.3625","696.85","719","Aug 2017"
"Thu Aug 31 2017 00:00:00 GMT+0530 (India Standard Time)",725.25,"711.725",9,26,52,"715.3625","718.45","719","Aug 2017"
"Fri Sep 01 2017 00:00:00 GMT+0530 (India Standard Time)",758.6,"713.5",9,26,52,"720.1875","718.45","726.875","Aug 2017"
"Mon Sep 04 2017 00:00:00 GMT+0530 (India Standard Time)",748.65,"718.75",9,26,52,"725.8","721.5250000000001","732.85","Aug 2017"
"Tue Sep 05 2017 00:00:00 GMT+0530 (India Standard Time)",744.25,"718.75",9,26,52,"726.275","721.5250000000001","733.8","Aug 2017"
"Wed Sep 06 2017 00:00:00 GMT+0530 (India Standard Time)",747.35,"718.75",9,26,52,"727.3625","725.725","735.975","Aug 2017"
"Thu Sep 07 2017 00:00:00 GMT+0530 (India Standard Time)",742,"718.75",9,26,52,"733.05","725.725","747.35","Aug 2017"
"Fri Sep 08 2017 00:00:00 GMT+0530 (India Standard Time)",739.05,"718.75",9,26,52,"733.05","726.45","747.35","Aug 2017"
"Mon Sep 11 2017 00:00:00 GMT+0530 (India Standard Time)",741.7,"718.75",9,26,52,"733.05","726.45","747.35","Aug 2017"
"Tue Sep 12 2017 00:00:00 GMT+0530 (India Standard Time)",758.45,"718.75",9,26,52,"733.05","729.85","747.35","Aug 2017"
"Wed Sep 13 2017 00:00:00 GMT+0530 (India Standard Time)",760,"718.75",9,26,52,"733.4","729.85","748.05","Aug 2017"
"Thu Sep 14 2017 00:00:00 GMT+0530 (India Standard Time)",766.05,"720.5",9,26,52,"735.55","729.85","750.6","Aug 2017"
"Fri Sep 15 2017 00:00:00 GMT+0530 (India Standard Time)",758.3,"720.5",9,26,52,"735.55","729.85","750.6","Aug 2017"
"Mon Sep 18 2017 00:00:00 GMT+0530 (India Standard Time)",762.25,"720.5",9,26,52,"735.55","729.85","750.6","Aug 2017"
"Tue Sep 19 2017 00:00:00 GMT+0530 (India Standard Time)",748.95,"722.2",9,26,52,"736.4000000000001","729.85","750.6","Aug 2017"
"Wed Sep 20 2017 00:00:00 GMT+0530 (India Standard Time)",745.55,"731.8",9,26,52,"743.9","729.85","756","Aug 2017"
"Thu Sep 21 2017 00:00:00 GMT+0530 (India Standard Time)",752.6,"731.8",9,26,52,"744.275","729.85","756.75","Aug 2017"
"Fri Sep 22 2017 00:00:00 GMT+0530 (India Standard Time)",724.2,"731.8",9,26,52,"739.5125","729.85","747.225","Aug 2017"
"Mon Sep 25 2017 00:00:00 GMT+0530 (India Standard Time)",700.85,"731.8",9,26,52,"733.3125","729.85","734.825","Aug 2017"
"Tue Sep 26 2017 00:00:00 GMT+0530 (India Standard Time)",709.35,"733.875",9,26,52,"734.35","729.85","734.825","Aug 2017"
"Wed Sep 27 2017 00:00:00 GMT+0530 (India Standard Time)",689.7,"731.5",9,26,52,"730.675","729.85","729.85","Aug 2017"
"Thu Sep 28 2017 00:00:00 GMT+0530 (India Standard Time)",675.8,"720.525",9,26,52,"719.7","729.85","718.875","Aug 2017"
"Fri Sep 29 2017 00:00:00 GMT+0530 (India Standard Time)",691.65,"720.525",9,26,52,"719.2249999999999","729.85","717.925","Aug 2017"
"Tue Oct 03 2017 00:00:00 GMT+0530 (India Standard Time)",706.95,"720.525",9,26,52,"716.775","729.85","713.025","Aug 2017"
"Wed Oct 04 2017 00:00:00 GMT+0530 (India Standard Time)",724.95,"720.525",9,26,52,"716.775","720.5","713.025","Aug 2017"
"Thu Oct 05 2017 00:00:00 GMT+0530 (India Standard Time)",742.85,"720.525",9,26,52,"715.775","720.5","711.025","Aug 2017"
"Fri Oct 06 2017 00:00:00 GMT+0530 (India Standard Time)",746,"720.525",9,26,52,"714.8875","720.5","709.25","Aug 2017"
"Mon Oct 09 2017 00:00:00 GMT+0530 (India Standard Time)",729.1,"720.525",9,26,52,"715.5625","720.5","710.5999999999999","Aug 2017"
"Tue Oct 10 2017 00:00:00 GMT+0530 (India Standard Time)",735.3,"720.525",9,26,52,"715.5625","720.5","710.5999999999999","Aug 2017"
"Wed Oct 11 2017 00:00:00 GMT+0530 (India Standard Time)",732.1,"720.525",9,26,52,"715.5625","720.5","710.5999999999999","Aug 2017"
"Thu Oct 12 2017 00:00:00 GMT+0530 (India Standard Time)",747,"720.525",9,26,52,"718.25","720.5","715.9749999999999","Aug 2017"
"Fri Oct 13 2017 00:00:00 GMT+0530 (India Standard Time)",745.5,"720.525",9,26,52,"722.2125","720.5","723.9","Aug 2017"
"Mon Oct 16 2017 00:00:00 GMT+0530 (India Standard Time)",757.75,"720.525",9,26,52,"727.2625","720.5","734","Aug 2017"
"Tue Oct 17 2017 00:00:00 GMT+0530 (India Standard Time)",764.45,"720.525",9,26,52,"734.5625","720.5","748.6","Aug 2017"
"Wed Oct 18 2017 00:00:00 GMT+0530 (India Standard Time)",756,"720.525",9,26,52,"734.5625","720.5","748.6","Aug 2017"
"Thu Oct 19 2017 00:00:00 GMT+0530 (India Standard Time)",754.05,"720.525",9,26,52,"734.5625","720.5","748.6","Aug 2017"
"Mon Oct 23 2017 00:00:00 GMT+0530 (India Standard Time)",750.95,"720.525",9,26,52,"735.2125","720.5","749.9","Aug 2017"
"Tue Oct 24 2017 00:00:00 GMT+0530 (India Standard Time)",742.7,"718.875",9,26,52,"734.3875","720.5","749.9","Aug 2017"
"Wed Oct 25 2017 00:00:00 GMT+0530 (India Standard Time)",734.5,"718.875",9,26,52,"735.5","720.5","752.125","Aug 2017"
"Thu Oct 26 2017 00:00:00 GMT+0530 (India Standard Time)",749,"718.525",9,26,52,"733.5125","720.5","748.5","Aug 2017"
"Fri Oct 27 2017 00:00:00 GMT+0530 (India Standard Time)",762.05,"720.025",9,26,52,"735.0125","720.525","750","Aug 2017"
"Mon Oct 30 2017 00:00:00 GMT+0530 (India Standard Time)",767.15,"720.025",9,26,52,"735.0125","720.525","750","Aug 2017"
"Tue Oct 31 2017 00:00:00 GMT+0530 (India Standard Time)",760,"720.025",9,26,52,"735.0125","720.525","750","Aug 2017"
"Wed Nov 01 2017 00:00:00 GMT+0530 (India Standard Time)",761.3,"720.025",9,26,52,"735.0125","720.525","750","Aug 2017"
"Thu Nov 02 2017 00:00:00 GMT+0530 (India Standard Time)",789.25,"731.4749999999999",9,26,52,"746.4625","731.4749999999999","761.45","Aug 2017"
"Fri Nov 03 2017 00:00:00 GMT+0530 (India Standard Time)",787.95,"732.525",9,26,52,"747.5125","732.525","762.5","Aug 2017"
"Mon Nov 06 2017 00:00:00 GMT+0530 (India Standard Time)",795.9,"734.925",9,26,52,"749.9124999999999","734.925","764.9","Aug 2017"
"Tue Nov 07 2017 00:00:00 GMT+0530 (India Standard Time)",780,"742.625",9,26,52,"754.925","737.25","767.225","Aug 2017"
"Wed Nov 08 2017 00:00:00 GMT+0530 (India Standard Time)",787.45,"750.55",9,26,52,"765.8875","737.25","781.225","Aug 2017"
"Thu Nov 09 2017 00:00:00 GMT+0530 (India Standard Time)",789.4,"757.725",9,26,52,"762.925","737.25","768.125","Aug 2017"
"Fri Nov 10 2017 00:00:00 GMT+0530 (India Standard Time)",740.1,"767.225",9,26,52,"767.675","737.25","768.125","Aug 2017"
"Mon Nov 13 2017 00:00:00 GMT+0530 (India Standard Time)",710.2,"757.975",9,26,52,"757.975","737.25","757.975","Aug 2017"
"Tue Nov 14 2017 00:00:00 GMT+0530 (India Standard Time)",701.55,"752.5",9,26,52,"752.5","737.25","752.5","Aug 2017"
"Wed Nov 15 2017 00:00:00 GMT+0530 (India Standard Time)",696.05,"749.25",9,26,52,"749.25","737.25","749.25","Aug 2017"
"Thu Nov 16 2017 00:00:00 GMT+0530 (India Standard Time)",713.2,"749.25",9,26,52,"749.25","737.25","749.25","Aug 2017"
"Fri Nov 17 2017 00:00:00 GMT+0530 (India Standard Time)",708.8,"749.25",9,26,52,"749.25","737.25","749.25","Aug 2017"
"Mon Nov 20 2017 00:00:00 GMT+0530 (India Standard Time)",706.45,"749.25",9,26,52,"747.8875","737.25","746.525","Aug 2017"
"Tue Nov 21 2017 00:00:00 GMT+0530 (India Standard Time)",708.85,"749.25",9,26,52,"747.8875","737.25","746.525","Aug 2017"
"Wed Nov 22 2017 00:00:00 GMT+0530 (India Standard Time)",698.35,"749.25",9,26,52,"747.8875","737.25","746.525","Aug 2017"
"Thu Nov 23 2017 00:00:00 GMT+0530 (India Standard Time)",694.4,"749.25",9,26,52,"734.3875","737.25","719.525","Aug 2017"
"Fri Nov 24 2017 00:00:00 GMT+0530 (India Standard Time)",715.1,"749.25",9,26,52,"727.6","737.25","705.95","Aug 2017"
"Mon Nov 27 2017 00:00:00 GMT+0530 (India Standard Time)",719.45,"749.25",9,26,52,"727.825","737.25","706.4","Aug 2017"
"Tue Nov 28 2017 00:00:00 GMT+0530 (India Standard Time)",705.65,"749.25",9,26,52,"727.95","737.25","706.65","Aug 2017"
"Wed Nov 29 2017 00:00:00 GMT+0530 (India Standard Time)",710.35,"749.25",9,26,52,"727.95","737.25","706.65","Aug 2017"
"Thu Nov 30 2017 00:00:00 GMT+0530 (India Standard Time)",692.85,"749.25",9,26,52,"727.95","737.25","706.65","Aug 2017"
"Fri Dec 01 2017 00:00:00 GMT+0530 (India Standard Time)",672.4,"738.825",9,26,52,"717.4000000000001","737.25","695.975","Aug 2017"
"Mon Dec 04 2017 00:00:00 GMT+0530 (India Standard Time)",673.4,"735.325",9,26,52,"713.9000000000001","735.325","692.475","Aug 2017"
"Tue Dec 05 2017 00:00:00 GMT+0530 (India Standard Time)",668.95,"735.325",9,26,52,"713.9000000000001","735.325","692.475","Aug 2017"
"Wed Dec 06 2017 00:00:00 GMT+0530 (India Standard Time)",653.15,"729.725",9,26,52,"708.3","729.725","686.875","Aug 2017"
"Thu Dec 07 2017 00:00:00 GMT+0530 (India Standard Time)",671.55,"729.725",9,26,52,"708.3","729.725","686.875","Aug 2017"
"Fri Dec 08 2017 00:00:00 GMT+0530 (India Standard Time)",672.5,"729.725",9,26,52,"707.675","729.725","685.625","Aug 2017"
"Mon Dec 11 2017 00:00:00 GMT+0530 (India Standard Time)",690.85,"729.725",9,26,52,"706.175","729.725","682.625","Aug 2017"
"Tue Dec 12 2017 00:00:00 GMT+0530 (India Standard Time)",678.2,"729.725",9,26,52,"705.55","729.725","681.375","Aug 2017"
"Wed Dec 13 2017 00:00:00 GMT+0530 (India Standard Time)",669.15,"727",9,26,52,"701.65","729.725","676.3","Aug 2017"
"Thu Dec 14 2017 00:00:00 GMT+0530 (India Standard Time)",665.35,"727",9,26,52,"700.4","729.725","673.8","Aug 2017"
"Fri Dec 15 2017 00:00:00 GMT+0530 (India Standard Time)",667.6,"727",9,26,52,"700.4","729.725","673.8","Aug 2017"
"Mon Dec 18 2017 00:00:00 GMT+0530 (India Standard Time)",672.1,"700",9,26,52,"686.9","729.725","673.8","Aug 2017"
"Tue Dec 19 2017 00:00:00 GMT+0530 (India Standard Time)",685.6,"686.875",9,26,52,"680.4375","729.725","674","Aug 2017"
"Wed Dec 20 2017 00:00:00 GMT+0530 (India Standard Time)",687.75,"686.875",9,26,52,"680.4375","729.725","674","Aug 2017"
"Thu Dec 21 2017 00:00:00 GMT+0530 (India Standard Time)",683.75,"686.875",9,26,52,"680.4375","729.725","674","Aug 2017"
"Fri Dec 22 2017 00:00:00 GMT+0530 (India Standard Time)",681.3,"686.875",9,26,52,"680.4375","729.725","674","Aug 2017"
"Tue Dec 26 2017 00:00:00 GMT+0530 (India Standard Time)",683.7,"686.875",9,26,52,"680.025","729.725","673.175","Aug 2017"
"Wed Dec 27 2017 00:00:00 GMT+0530 (India Standard Time)",690.75,"686.875",9,26,52,"681.3875","729.725","675.9","Aug 2017"
"Thu Dec 28 2017 00:00:00 GMT+0530 (India Standard Time)",683.4,"686.875",9,26,52,"681.3875","729.725","675.9","Aug 2017"
"Fri Dec 29 2017 00:00:00 GMT+0530 (India Standard Time)",687.95,"686.875",9,26,52,"681.3875","729.725","675.9","Aug 2017"
"Mon Jan 01 2018 00:00:00 GMT+0530 (India Standard Time)",683.95,"686.875",9,26,52,"687.975","729.725","689.075","Aug 2017"
"Tue Jan 02 2018 00:00:00 GMT+0530 (India Standard Time)",671.4,"686.875",9,26,52,"685.95","729.725","685.025","Aug 2017"
"Wed Jan 03 2018 00:00:00 GMT+0530 (India Standard Time)",665.55,"685.625",9,26,52,"684.1125","729.725","682.5999999999999","Aug 2017"
"Thu Jan 04 2018 00:00:00 GMT+0530 (India Standard Time)",668.3,"682.625",9,26,52,"682.0625","729.725","681.5","Aug 2017"
"Fri Jan 05 2018 00:00:00 GMT+0530 (India Standard Time)",671.15,"681.375",9,26,52,"681.4375","729.725","681.5","Aug 2017"
"Mon Jan 08 2018 00:00:00 GMT+0530 (India Standard Time)",677.35,"676.3",9,26,52,"678.9","729.725","681.5","Aug 2017"
"Tue Jan 09 2018 00:00:00 GMT+0530 (India Standard Time)",673.15,"675.7",9,26,52,"678.475","729.725","681.25","Aug 2017"
"Wed Jan 10 2018 00:00:00 GMT+0530 (India Standard Time)",672.7,"675.7",9,26,52,"677.95","729.725","680.2","Aug 2017"
"Thu Jan 11 2018 00:00:00 GMT+0530 (India Standard Time)",674.55,"675.7",9,26,52,"677.95","729.725","680.2","Aug 2017"
"Fri Jan 12 2018 00:00:00 GMT+0530 (India Standard Time)",667.05,"675.9",9,26,52,"675.425","729.725","674.95","Aug 2017"
"Mon Jan 15 2018 00:00:00 GMT+0530 (India Standard Time)",658,"675.9",9,26,52,"672.8499999999999","729.725","669.8","Aug 2017"
"Tue Jan 16 2018 00:00:00 GMT+0530 (India Standard Time)",641.1,"670",9,26,52,"665.65","724.0250000000001","661.3","Aug 2017"
"Wed Jan 17 2018 00:00:00 GMT+0530 (India Standard Time)",657.25,"667.7249999999999",9,26,52,"663.375","721.75","659.025","Aug 2017"
"Thu Jan 18 2018 00:00:00 GMT+0530 (India Standard Time)",645.85,"667.7249999999999",9,26,52,"663.375","721.75","659.025","Aug 2017"
"Fri Jan 19 2018 00:00:00 GMT+0530 (India Standard Time)",643.2,"667.2",9,26,52,"662.175","718.5","657.15","Aug 2017"
"Mon Jan 22 2018 00:00:00 GMT+0530 (India Standard Time)",640.8,"667.2",9,26,52,"662.175","718.5","657.15","Aug 2017"
"Tue Jan 23 2018 00:00:00 GMT+0530 (India Standard Time)",653.75,"667.2",9,26,52,"662.175","718.5","657.15","Aug 2017"
"Wed Jan 24 2018 00:00:00 GMT+0530 (India Standard Time)",658.45,"667.2",9,26,52,"661.6","691.5","656","Aug 2017"
"Thu Jan 25 2018 00:00:00 GMT+0530 (India Standard Time)",639.7,"667.2",9,26,52,"659.75","678.375","652.3","Aug 2017"
"Mon Jan 29 2018 00:00:00 GMT+0530 (India Standard Time)",635.25,"667.2",9,26,52,"657.7875","678.375","648.375","Aug 2017"
"Tue Jan 30 2018 00:00:00 GMT+0530 (India Standard Time)",631.7,"662.2",9,26,52,"652.7875","673.375","643.375","Aug 2017"
"Wed Jan 31 2018 00:00:00 GMT+0530 (India Standard Time)",629.55,"662.2",9,26,52,"652.7875","673.375","643.375","Aug 2017"
"Thu Feb 01 2018 00:00:00 GMT+0530 (India Standard Time)",611.2,"653.2",9,26,52,"643.6","664.375","634","Aug 2017"
"Fri Feb 02 2018 00:00:00 GMT+0530 (India Standard Time)",605.45,"651.95",9,26,52,"642.475","663.375","633","Aug 2017"
"Mon Feb 05 2018 00:00:00 GMT+0530 (India Standard Time)",614,"643.425",9,26,52,"634.4749999999999","655.9","625.525","Aug 2017"
"Tue Feb 06 2018 00:00:00 GMT+0530 (India Standard Time)",596.85,"641.175",9,26,52,"632.2249999999999","653.65","623.275","Aug 2017"
"Wed Feb 07 2018 00:00:00 GMT+0530 (India Standard Time)",616.1,"635.925",9,26,52,"628.8499999999999","653.65","621.775","Aug 2017"
"Thu Feb 08 2018 00:00:00 GMT+0530 (India Standard Time)",601.85,"633.775",9,26,52,"624.025","653.65","614.275","Aug 2017"
"Fri Feb 09 2018 00:00:00 GMT+0530 (India Standard Time)",589.5,"632",9,26,52,"620.425","650.625","608.85","Aug 2017"
"Mon Feb 12 2018 00:00:00 GMT+0530 (India Standard Time)",607.3,"632",9,26,52,"619.875","647.625","607.75","Aug 2017"
"Wed Feb 14 2018 00:00:00 GMT+0530 (India Standard Time)",602.1,"632",9,26,52,"618.8375","646.375","605.675","Aug 2017"
"Thu Feb 15 2018 00:00:00 GMT+0530 (India Standard Time)",592.55,"630.65",9,26,52,"616.325","641.3","602","Aug 2017"
"Fri Feb 16 2018 00:00:00 GMT+0530 (India Standard Time)",589.3,"630.65",9,26,52,"615.7","640.7","600.75","Aug 2017"
"Mon Feb 19 2018 00:00:00 GMT+0530 (India Standard Time)",582.95,"626.175",9,26,52,"611.2249999999999","636.2249999999999","596.275","Aug 2017"
"Tue Feb 20 2018 00:00:00 GMT+0530 (India Standard Time)",574.8,"625.025",9,26,52,"610.65","636.2249999999999","596.275","Aug 2017"
"Wed Feb 21 2018 00:00:00 GMT+0530 (India Standard Time)",571,"616.1500000000001",9,26,52,"603.4125","631.05","590.675","Aug 2017"
"Thu Feb 22 2018 00:00:00 GMT+0530 (India Standard Time)",586.85,"612.225",9,26,52,"599.9875","631.05","587.75","Aug 2017"
"Fri Feb 23 2018 00:00:00 GMT+0530 (India Standard Time)",601.9,"612.225",9,26,52,"599.9875","631.05","587.75","Aug 2017"
"Mon Feb 26 2018 00:00:00 GMT+0530 (India Standard Time)",615.05,"612.225",9,26,52,"600.475","631.05","588.725","Aug 2017"
"Tue Feb 27 2018 00:00:00 GMT+0530 (India Standard Time)",614.4,"611.85",9,26,52,"601.175","631.05","590.5","Aug 2017"
"Wed Feb 28 2018 00:00:00 GMT+0530 (India Standard Time)",613.9,"611.85",9,26,52,"601.175","631.05","590.5","Aug 2017"
"Thu Mar 01 2018 00:00:00 GMT+0530 (India Standard Time)",624.1,"611.85",9,26,52,"603.1","631.05","594.35","Aug 2017"
"Mon Mar 05 2018 00:00:00 GMT+0530 (India Standard Time)",600.75,"611.85",9,26,52,"603.1","631.05","594.35","Aug 2017"
"Tue Mar 06 2018 00:00:00 GMT+0530 (India Standard Time)",606.2,"610.35",9,26,52,"602.35","631.05","594.35","Aug 2017"
"Wed Mar 07 2018 00:00:00 GMT+0530 (India Standard Time)",593.45,"602.85",9,26,52,"598.675","631.05","594.5","Aug 2017"
"Thu Mar 08 2018 00:00:00 GMT+0530 (India Standard Time)",589.2,"599.2",9,26,52,"602.6125","631.05","606.025","Aug 2017"
"Fri Mar 09 2018 00:00:00 GMT+0530 (India Standard Time)",592.45,"598.1",9,26,52,"602.0625","631.05","606.025","Aug 2017"
"Mon Mar 12 2018 00:00:00 GMT+0530 (India Standard Time)",582.85,"596.0250000000001",9,26,52,"598.5125","631.05","601","Aug 2017"
"Tue Mar 13 2018 00:00:00 GMT+0530 (India Standard Time)",581.65,"594.35",9,26,52,"597.675","631.05","601","Aug 2017"
"Wed Mar 14 2018 00:00:00 GMT+0530 (India Standard Time)",577.8,"594.35",9,26,52,"597.3375000000001","630.8","600.325","Aug 2017"
"Thu Mar 15 2018 00:00:00 GMT+0530 (India Standard Time)",572.3,"594.35",9,26,52,"595.75","629.75","597.1500000000001","Aug 2017"
"Fri Mar 16 2018 00:00:00 GMT+0530 (India Standard Time)",572.55,"594.35",9,26,52,"594.3499999999999","629.75","594.3499999999999","Aug 2017"
"Mon Mar 19 2018 00:00:00 GMT+0530 (India Standard Time)",572.9,"594.35",9,26,52,"591.825","624.5","589.3","Aug 2017"
"Tue Mar 20 2018 00:00:00 GMT+0530 (India Standard Time)",571.6,"594.35",9,26,52,"589.2625","622.35","584.175","Aug 2017"
"Wed Mar 21 2018 00:00:00 GMT+0530 (India Standard Time)",564.2,"594",9,26,52,"588.05","622","582.1","Aug 2017"
"Thu Mar 22 2018 00:00:00 GMT+0530 (India Standard Time)",557.4,"591.75",9,26,52,"584.25","619.75","576.75","Aug 2017"
"Fri Mar 23 2018 00:00:00 GMT+0530 (India Standard Time)",551.65,"586.05",9,26,52,"576.1375","614.05","566.225","Aug 2017"
"Mon Mar 26 2018 00:00:00 GMT+0530 (India Standard Time)",550.35,"586.05",9,26,52,"575.6625","612.7","565.2750000000001","Aug 2017"
