"date","chikou_span","kijun_sen","parameter_tenkan_Sen","parameter_kijun_Sen","parameter_senkou_Span_B","senkou_span_A","senkou_span_B","tenkan_sen","y"
"Fri Jul 07 2017 00:00:00 GMT+0530 (India Standard Time)",334.3,"null",9,26,52,"null","null","null","Nov 2017"
"Mon Jul 10 2017 00:00:00 GMT+0530 (India Standard Time)",333.3,"null",9,26,52,"null","null","null","Nov 2017"
"Tue Jul 11 2017 00:00:00 GMT+0530 (India Standard Time)",330.4,"null",9,26,52,"null","null","null","Nov 2017"
"Wed Jul 12 2017 00:00:00 GMT+0530 (India Standard Time)",328.85,"null",9,26,52,"null","null","null","Nov 2017"
"Thu Jul 13 2017 00:00:00 GMT+0530 (India Standard Time)",338.75,"null",9,26,52,"null","null","null","Nov 2017"
"Fri Jul 14 2017 00:00:00 GMT+0530 (India Standard Time)",337.15,"null",9,26,52,"null","null","null","Nov 2017"
"Mon Jul 17 2017 00:00:00 GMT+0530 (India Standard Time)",325.15,"null",9,26,52,"null","null","null","Nov 2017"
"Tue Jul 18 2017 00:00:00 GMT+0530 (India Standard Time)",284.55,"null",9,26,52,"null","null","null","Nov 2017"
"Wed Jul 19 2017 00:00:00 GMT+0530 (India Standard Time)",291.45,"null",9,26,52,"null","null","308.17499999999995","Nov 2017"
"Thu Jul 20 2017 00:00:00 GMT+0530 (India Standard Time)",289.5,"null",9,26,52,"null","null","308.17499999999995","Nov 2017"
"Fri Jul 21 2017 00:00:00 GMT+0530 (India Standard Time)",288.9,"null",9,26,52,"null","null","308.17499999999995","Nov 2017"
"Mon Jul 24 2017 00:00:00 GMT+0530 (India Standard Time)",293.25,"null",9,26,52,"null","null","308.17499999999995","Nov 2017"
"Tue Jul 25 2017 00:00:00 GMT+0530 (India Standard Time)",291.4,"null",9,26,52,"null","null","308.17499999999995","Nov 2017"
"Wed Jul 26 2017 00:00:00 GMT+0530 (India Standard Time)",293.65,"null",9,26,52,"null","null","308.17499999999995","Nov 2017"
"Thu Jul 27 2017 00:00:00 GMT+0530 (India Standard Time)",288.55,"null",9,26,52,"null","null","305.7","Nov 2017"
"Fri Jul 28 2017 00:00:00 GMT+0530 (India Standard Time)",291.55,"null",9,26,52,"null","null","285.9","Nov 2017"
"Mon Jul 31 2017 00:00:00 GMT+0530 (India Standard Time)",285.25,"null",9,26,52,"null","null","289.95","Nov 2017"
"Tue Aug 01 2017 00:00:00 GMT+0530 (India Standard Time)",287.85,"null",9,26,52,"null","null","289.95","Nov 2017"
"Wed Aug 02 2017 00:00:00 GMT+0530 (India Standard Time)",285.45,"null",9,26,52,"null","null","289.85","Nov 2017"
"Thu Aug 03 2017 00:00:00 GMT+0530 (India Standard Time)",281.4,"null",9,26,52,"null","null","288.025","Nov 2017"
"Fri Aug 04 2017 00:00:00 GMT+0530 (India Standard Time)",280.75,"null",9,26,52,"null","null","287.525","Nov 2017"
"Mon Aug 07 2017 00:00:00 GMT+0530 (India Standard Time)",279.85,"null",9,26,52,"null","null","287.42499999999995","Nov 2017"
"Tue Aug 08 2017 00:00:00 GMT+0530 (India Standard Time)",274.15,"null",9,26,52,"null","null","284.45","Nov 2017"
"Wed Aug 09 2017 00:00:00 GMT+0530 (India Standard Time)",272.85,"null",9,26,52,"null","null","282.575","Nov 2017"
"Thu Aug 10 2017 00:00:00 GMT+0530 (India Standard Time)",273.1,"null",9,26,52,"null","null","280.35","Nov 2017"
"Fri Aug 11 2017 00:00:00 GMT+0530 (India Standard Time)",271.5,"305.025",9,26,52,"292.5125","null","280","Nov 2017"
"Mon Aug 14 2017 00:00:00 GMT+0530 (India Standard Time)",271.25,"305.025",9,26,52,"292.5125","null","280","Nov 2017"
"Wed Aug 16 2017 00:00:00 GMT+0530 (India Standard Time)",279.2,"305.025",9,26,52,"291.3875","null","277.75","Nov 2017"
"Thu Aug 17 2017 00:00:00 GMT+0530 (India Standard Time)",280,"305.025",9,26,52,"291.1375","null","277.25","Nov 2017"
"Fri Aug 18 2017 00:00:00 GMT+0530 (India Standard Time)",281.85,"305.025",9,26,52,"291.0375","null","277.05","Nov 2017"
"Mon Aug 21 2017 00:00:00 GMT+0530 (India Standard Time)",281.6,"305.025",9,26,52,"291.2875","null","277.55","Nov 2017"
"Tue Aug 22 2017 00:00:00 GMT+0530 (India Standard Time)",282.9,"302.55",9,26,52,"290.05","null","277.55","Nov 2017"
"Wed Aug 23 2017 00:00:00 GMT+0530 (India Standard Time)",282.55,"282.75",9,26,52,"280.3","null","277.85","Nov 2017"
"Thu Aug 24 2017 00:00:00 GMT+0530 (India Standard Time)",281.45,"282.75",9,26,52,"280.3","null","277.85","Nov 2017"
"Mon Aug 28 2017 00:00:00 GMT+0530 (India Standard Time)",282.45,"282.75",9,26,52,"280.4","null","278.05","Nov 2017"
"Tue Aug 29 2017 00:00:00 GMT+0530 (India Standard Time)",280.25,"282.75",9,26,52,"280.6125","null","278.475","Nov 2017"
"Wed Aug 30 2017 00:00:00 GMT+0530 (India Standard Time)",282,"282.75",9,26,52,"281.975","null","281.20000000000005","Nov 2017"
"Thu Aug 31 2017 00:00:00 GMT+0530 (India Standard Time)",282.25,"282.75",9,26,52,"281.975","null","281.20000000000005","Nov 2017"
"Fri Sep 01 2017 00:00:00 GMT+0530 (India Standard Time)",283.6,"282.75",9,26,52,"282.6","null","282.45000000000005","Nov 2017"
"Mon Sep 04 2017 00:00:00 GMT+0530 (India Standard Time)",283.1,"282.75",9,26,52,"282.6","null","282.45000000000005","Nov 2017"
"Tue Sep 05 2017 00:00:00 GMT+0530 (India Standard Time)",282.85,"282.425",9,26,52,"282.4375","null","282.45000000000005","Nov 2017"
"Wed Sep 06 2017 00:00:00 GMT+0530 (India Standard Time)",275.7,"280.20000000000005",9,26,52,"280","null","279.8","Nov 2017"
"Thu Sep 07 2017 00:00:00 GMT+0530 (India Standard Time)",270.4,"279.725",9,26,52,"278.33750000000003","null","276.95000000000005","Nov 2017"
"Fri Sep 08 2017 00:00:00 GMT+0530 (India Standard Time)",272.35,"279.725",9,26,52,"278.33750000000003","null","276.95000000000005","Nov 2017"
"Mon Sep 11 2017 00:00:00 GMT+0530 (India Standard Time)",273.6,"277.57500000000005",9,26,52,"277.26250000000005","null","276.95000000000005","Nov 2017"
"Tue Sep 12 2017 00:00:00 GMT+0530 (India Standard Time)",277.65,"277.57500000000005",9,26,52,"277.26250000000005","null","276.95000000000005","Nov 2017"
"Wed Sep 13 2017 00:00:00 GMT+0530 (India Standard Time)",271.5,"277.57500000000005",9,26,52,"277.26250000000005","null","276.95000000000005","Nov 2017"
"Thu Sep 14 2017 00:00:00 GMT+0530 (India Standard Time)",272,"277.57500000000005",9,26,52,"277.15000000000003","null","276.725","Nov 2017"
"Fri Sep 15 2017 00:00:00 GMT+0530 (India Standard Time)",269.3,"276.9",9,26,52,"276.47499999999997","null","276.04999999999995","Nov 2017"
"Mon Sep 18 2017 00:00:00 GMT+0530 (India Standard Time)",267,"275.925",9,26,52,"274.775","null","273.625","Nov 2017"
"Tue Sep 19 2017 00:00:00 GMT+0530 (India Standard Time)",267.85,"274.85",9,26,52,"273.01250000000005","null","271.175","Nov 2017"
"Wed Sep 20 2017 00:00:00 GMT+0530 (India Standard Time)",271.55,"274.85",9,26,52,"273.01250000000005","302.025","271.175","Nov 2017"
"Thu Sep 21 2017 00:00:00 GMT+0530 (India Standard Time)",269.55,"274.85",9,26,52,"273.01250000000005","302.025","271.175","Nov 2017"
"Fri Sep 22 2017 00:00:00 GMT+0530 (India Standard Time)",268.45,"274.85",9,26,52,"273.01250000000005","302.025","271.175","Nov 2017"
"Mon Sep 25 2017 00:00:00 GMT+0530 (India Standard Time)",262.25,"273.25",9,26,52,"271.225","300.42499999999995","269.2","Nov 2017"
"Tue Sep 26 2017 00:00:00 GMT+0530 (India Standard Time)",262.45,"273.25",9,26,52,"270.0375","300.42499999999995","266.825","Nov 2017"
"Wed Sep 27 2017 00:00:00 GMT+0530 (India Standard Time)",258.5,"271.20000000000005",9,26,52,"267.9875","298.375","264.775","Nov 2017"
"Thu Sep 28 2017 00:00:00 GMT+0530 (India Standard Time)",261.55,"271.20000000000005",9,26,52,"267.90000000000003","295.9","264.6","Nov 2017"
"Fri Sep 29 2017 00:00:00 GMT+0530 (India Standard Time)",258.3,"270.57500000000005",9,26,52,"267.58750000000003","276.1","264.6","Nov 2017"
"Tue Oct 03 2017 00:00:00 GMT+0530 (India Standard Time)",261.4,"270.57500000000005",9,26,52,"267.58750000000003","276.1","264.6","Nov 2017"
"Wed Oct 04 2017 00:00:00 GMT+0530 (India Standard Time)",267.4,"270.57500000000005",9,26,52,"267.58750000000003","276.1","264.6","Nov 2017"
"Thu Oct 05 2017 00:00:00 GMT+0530 (India Standard Time)",265.25,"270.57500000000005",9,26,52,"267.225","276.1","263.875","Nov 2017"
"Fri Oct 06 2017 00:00:00 GMT+0530 (India Standard Time)",266.15,"270.57500000000005",9,26,52,"266.90000000000003","276.1","263.225","Nov 2017"
"Mon Oct 09 2017 00:00:00 GMT+0530 (India Standard Time)",268,"270.57500000000005",9,26,52,"266.83750000000003","276.1","263.1","Nov 2017"
"Tue Oct 10 2017 00:00:00 GMT+0530 (India Standard Time)",266.2,"270.35",9,26,52,"266.725","276.1","263.1","Nov 2017"
"Wed Oct 11 2017 00:00:00 GMT+0530 (India Standard Time)",265.4,"270.35",9,26,52,"266.8875","276.1","263.42499999999995","Nov 2017"
"Thu Oct 12 2017 00:00:00 GMT+0530 (India Standard Time)",267,"268.9",9,26,52,"266.16249999999997","275.775","263.42499999999995","Nov 2017"
"Fri Oct 13 2017 00:00:00 GMT+0530 (India Standard Time)",265.95,"267.525",9,26,52,"265.73749999999995","273.55","263.95","Nov 2017"
"Mon Oct 16 2017 00:00:00 GMT+0530 (India Standard Time)",267.5,"267.525",9,26,52,"267.03749999999997","273.35","266.54999999999995","Nov 2017"
"Tue Oct 17 2017 00:00:00 GMT+0530 (India Standard Time)",267.25,"267.525",9,26,52,"267.25","273.35","266.975","Nov 2017"
"Wed Oct 18 2017 00:00:00 GMT+0530 (India Standard Time)",270.35,"267.525",9,26,52,"267.45","271.20000000000005","267.375","Nov 2017"
"Thu Oct 19 2017 00:00:00 GMT+0530 (India Standard Time)",269.65,"267.15",9,26,52,"267.4","271.20000000000005","267.65","Nov 2017"
"Mon Oct 23 2017 00:00:00 GMT+0530 (India Standard Time)",267.05,"264.775",9,26,52,"266.575","271.20000000000005","268.375","Nov 2017"
"Tue Oct 24 2017 00:00:00 GMT+0530 (India Standard Time)",267,"264.775",9,26,52,"266.575","271.20000000000005","268.375","Nov 2017"
"Wed Oct 25 2017 00:00:00 GMT+0530 (India Standard Time)",269.25,"264.775",9,26,52,"266.575","271.20000000000005","268.375","Nov 2017"
"Thu Oct 26 2017 00:00:00 GMT+0530 (India Standard Time)",268.4,"264.775",9,26,52,"266.625","271.20000000000005","268.475","Nov 2017"
"Fri Oct 27 2017 00:00:00 GMT+0530 (India Standard Time)",269.35,"266.4",9,26,52,"268.575","271.20000000000005","270.75","Nov 2017"
"Mon Oct 30 2017 00:00:00 GMT+0530 (India Standard Time)",265.15,"266.4",9,26,52,"268.0625","271.20000000000005","269.725","Nov 2017"
"Tue Oct 31 2017 00:00:00 GMT+0530 (India Standard Time)",265.7,"266.4",9,26,52,"268.0625","271.20000000000005","269.725","Nov 2017"
"Wed Nov 01 2017 00:00:00 GMT+0530 (India Standard Time)",269.85,"266.4",9,26,52,"268.0625","271.20000000000005","269.725","Nov 2017"
"Thu Nov 02 2017 00:00:00 GMT+0530 (India Standard Time)",265.65,"266.4",9,26,52,"268.0625","271.20000000000005","269.725","Nov 2017"
"Fri Nov 03 2017 00:00:00 GMT+0530 (India Standard Time)",265.4,"266.4",9,26,52,"268.0625","271.20000000000005","269.725","Nov 2017"
"Mon Nov 06 2017 00:00:00 GMT+0530 (India Standard Time)",264.9,"266.725",9,26,52,"268.225","271.20000000000005","269.725","Nov 2017"
"Tue Nov 07 2017 00:00:00 GMT+0530 (India Standard Time)",265.3,"266.725",9,26,52,"268.225","271.20000000000005","269.725","Nov 2017"
"Wed Nov 08 2017 00:00:00 GMT+0530 (India Standard Time)",265.4,"267.25",9,26,52,"268.4875","270.57500000000005","269.725","Nov 2017"
"Thu Nov 09 2017 00:00:00 GMT+0530 (India Standard Time)",260.05,"267.65",9,26,52,"266.45","270.57500000000005","265.25","Nov 2017"
"Fri Nov 10 2017 00:00:00 GMT+0530 (India Standard Time)",261.7,"267.65",9,26,52,"266.45","270.57500000000005","265.25","Nov 2017"
"Mon Nov 13 2017 00:00:00 GMT+0530 (India Standard Time)",258.3,"267",9,26,52,"265.8","270.57500000000005","264.6","Nov 2017"
"Tue Nov 14 2017 00:00:00 GMT+0530 (India Standard Time)",256.55,"266",9,26,52,"264.4875","270.175","262.975","Nov 2017"
"Wed Nov 15 2017 00:00:00 GMT+0530 (India Standard Time)",253.3,"263.2",9,26,52,"261.17499999999995","267.375","259.15","Nov 2017"
"Thu Nov 16 2017 00:00:00 GMT+0530 (India Standard Time)",255.1,"263.2",9,26,52,"261.17499999999995","267.15","259.15","Nov 2017"
"Fri Nov 17 2017 00:00:00 GMT+0530 (India Standard Time)",258,"263.2",9,26,52,"261.125","267.15","259.05","Nov 2017"
"Mon Nov 20 2017 00:00:00 GMT+0530 (India Standard Time)",259.2,"263.2",9,26,52,"260.825","265.7","258.45","Nov 2017"
"Tue Nov 21 2017 00:00:00 GMT+0530 (India Standard Time)",255.8,"263.2",9,26,52,"260.825","264.325","258.45","Nov 2017"
"Wed Nov 22 2017 00:00:00 GMT+0530 (India Standard Time)",258.15,"263.2",9,26,52,"260.5","264.325","257.8","Nov 2017"
"Thu Nov 23 2017 00:00:00 GMT+0530 (India Standard Time)",258.15,"263.2",9,26,52,"260.025","264.325","256.85","Nov 2017"
"Fri Nov 24 2017 00:00:00 GMT+0530 (India Standard Time)",260.75,"263.2",9,26,52,"259.5625","264.325","255.925","Nov 2017"
"Mon Nov 27 2017 00:00:00 GMT+0530 (India Standard Time)",259.25,"263.2",9,26,52,"259.5625","263.95","255.925","Nov 2017"
"Tue Nov 28 2017 00:00:00 GMT+0530 (India Standard Time)",257,"263.2",9,26,52,"260.0625","263.2","256.925","Nov 2017"
"Wed Nov 29 2017 00:00:00 GMT+0530 (India Standard Time)",258.05,"263.2",9,26,52,"260.7625","263.2","258.325","Nov 2017"
"Thu Nov 30 2017 00:00:00 GMT+0530 (India Standard Time)",256.05,"263.2",9,26,52,"260.625","263.2","258.05","Nov 2017"
"Fri Dec 01 2017 00:00:00 GMT+0530 (India Standard Time)",255.2,"263.2",9,26,52,"260.625","263.2","258.05","Nov 2017"
"Mon Dec 04 2017 00:00:00 GMT+0530 (India Standard Time)",255.1,"260.8",9,26,52,"259.15","263.2","257.5","Nov 2017"
"Tue Dec 05 2017 00:00:00 GMT+0530 (India Standard Time)",253.85,"260.8",9,26,52,"258.88750000000005","263.2","256.975","Nov 2017"
"Wed Dec 06 2017 00:00:00 GMT+0530 (India Standard Time)",251.6,"260.8",9,26,52,"258.475","263.2","256.15","Nov 2017"
"Thu Dec 07 2017 00:00:00 GMT+0530 (India Standard Time)",253.35,"259.975",9,26,52,"257.6125","263","255.25","Nov 2017"
"Fri Dec 08 2017 00:00:00 GMT+0530 (India Standard Time)",262.2,"258.95",9,26,52,"257.775","263","256.6","Nov 2017"
"Mon Dec 11 2017 00:00:00 GMT+0530 (India Standard Time)",266.25,"258.95",9,26,52,"258.85","263","258.75","Nov 2017"
"Tue Dec 12 2017 00:00:00 GMT+0530 (India Standard Time)",261.55,"258.85",9,26,52,"258.8","263","258.75","Nov 2017"
"Wed Dec 13 2017 00:00:00 GMT+0530 (India Standard Time)",259,"258.75",9,26,52,"258.75","263","258.75","Nov 2017"
"Thu Dec 14 2017 00:00:00 GMT+0530 (India Standard Time)",264.25,"258.75",9,26,52,"258.75","263","258.75","Nov 2017"
"Fri Dec 15 2017 00:00:00 GMT+0530 (India Standard Time)",264.6,"258.75",9,26,52,"258.75","263","258.75","Nov 2017"
"Mon Dec 18 2017 00:00:00 GMT+0530 (India Standard Time)",263.2,"258.75",9,26,52,"258.75","263","258.75","Nov 2017"
"Tue Dec 19 2017 00:00:00 GMT+0530 (India Standard Time)",264.25,"258.75",9,26,52,"258.75","263","258.75","Nov 2017"
"Wed Dec 20 2017 00:00:00 GMT+0530 (India Standard Time)",263.3,"258.75",9,26,52,"259.6","263","260.45","Nov 2017"
"Thu Dec 21 2017 00:00:00 GMT+0530 (India Standard Time)",263.05,"258.75",9,26,52,"260.6375","263","262.525","Nov 2017"
"Fri Dec 22 2017 00:00:00 GMT+0530 (India Standard Time)",263.1,"258.75",9,26,52,"260.525","263","262.3","Nov 2017"
"Tue Dec 26 2017 00:00:00 GMT+0530 (India Standard Time)",264.15,"258.75",9,26,52,"260.525","263","262.3","Nov 2017"
"Wed Dec 27 2017 00:00:00 GMT+0530 (India Standard Time)",262.15,"258.75",9,26,52,"260.525","263","262.3","Nov 2017"
"Thu Dec 28 2017 00:00:00 GMT+0530 (India Standard Time)",261.85,"258.75",9,26,52,"260.9","263","263.05","Nov 2017"
"Fri Dec 29 2017 00:00:00 GMT+0530 (India Standard Time)",263.25,"258.75",9,26,52,"260.6125","263","262.475","Nov 2017"
"Mon Jan 01 2018 00:00:00 GMT+0530 (India Standard Time)",262.3,"258.75",9,26,52,"261.2125","263","263.675","Nov 2017"
"Tue Jan 02 2018 00:00:00 GMT+0530 (India Standard Time)",260.75,"258.75",9,26,52,"261.0625","263","263.375","Nov 2017"
"Wed Jan 03 2018 00:00:00 GMT+0530 (India Standard Time)",261.15,"258.75",9,26,52,"261.0625","263","263.375","Nov 2017"
"Thu Jan 04 2018 00:00:00 GMT+0530 (India Standard Time)",261.55,"258.75",9,26,52,"261.0625","263","263.375","Nov 2017"
"Fri Jan 05 2018 00:00:00 GMT+0530 (India Standard Time)",262.9,"258.75",9,26,52,"261.0625","263","263.375","Nov 2017"
"Mon Jan 08 2018 00:00:00 GMT+0530 (India Standard Time)",265.6,"258.75",9,26,52,"261.1875","263","263.625","Nov 2017"
"Tue Jan 09 2018 00:00:00 GMT+0530 (India Standard Time)",270.55,"261",9,26,52,"263.6125","263","266.225","Nov 2017"
"Wed Jan 10 2018 00:00:00 GMT+0530 (India Standard Time)",269.4,"262",9,26,52,"264.6125","262","267.225","Nov 2017"
"Thu Jan 11 2018 00:00:00 GMT+0530 (India Standard Time)",269.8,"262",9,26,52,"264.6125","262","267.225","Nov 2017"
"Fri Jan 12 2018 00:00:00 GMT+0530 (India Standard Time)",267.55,"262",9,26,52,"264.6125","262","267.225","Nov 2017"
"Mon Jan 15 2018 00:00:00 GMT+0530 (India Standard Time)",267.6,"263.7",9,26,52,"265.5","262","267.3","Nov 2017"
"Tue Jan 16 2018 00:00:00 GMT+0530 (India Standard Time)",261.7,"265.775",9,26,52,"266.5375","262","267.3","Nov 2017"
"Wed Jan 17 2018 00:00:00 GMT+0530 (India Standard Time)",266.05,"265.775",9,26,52,"266.275","262","266.775","Nov 2017"
"Thu Jan 18 2018 00:00:00 GMT+0530 (India Standard Time)",273.4,"266.4",9,26,52,"266.9","262.625","267.4","Nov 2017"
"Fri Jan 19 2018 00:00:00 GMT+0530 (India Standard Time)",274.55,"267.525",9,26,52,"268.025","263.75","268.525","Nov 2017"
"Mon Jan 22 2018 00:00:00 GMT+0530 (India Standard Time)",273.65,"268.275",9,26,52,"268.4","263.75","268.525","Nov 2017"
"Tue Jan 23 2018 00:00:00 GMT+0530 (India Standard Time)",276.6,"268.275",9,26,52,"268.4","263.75","268.525","Nov 2017"
"Wed Jan 24 2018 00:00:00 GMT+0530 (India Standard Time)",281.45,"270.775",9,26,52,"270.775","266","270.775","Nov 2017"
"Thu Jan 25 2018 00:00:00 GMT+0530 (India Standard Time)",281.25,"271.375",9,26,52,"271.375","266.6","271.375","Nov 2017"
"Mon Jan 29 2018 00:00:00 GMT+0530 (India Standard Time)",275.65,"271.425",9,26,52,"271.425","266.65","271.425","Nov 2017"
"Tue Jan 30 2018 00:00:00 GMT+0530 (India Standard Time)",275.2,"271.425",9,26,52,"271.425","266.65","271.425","Nov 2017"
"Wed Jan 31 2018 00:00:00 GMT+0530 (India Standard Time)",271.4,"271.425",9,26,52,"273.20000000000005","266.65","274.975","Nov 2017"
"Thu Feb 01 2018 00:00:00 GMT+0530 (India Standard Time)",275.3,"274.925",9,26,52,"276.88750000000005","270.15","278.85","Nov 2017"
"Fri Feb 02 2018 00:00:00 GMT+0530 (India Standard Time)",275.35,"274.925",9,26,52,"276.88750000000005","270.15","278.85","Nov 2017"
"Mon Feb 05 2018 00:00:00 GMT+0530 (India Standard Time)",279.25,"274.925",9,26,52,"276.88750000000005","270.15","278.85","Nov 2017"
"Tue Feb 06 2018 00:00:00 GMT+0530 (India Standard Time)",273.5,"274.925",9,26,52,"276.88750000000005","270.15","278.85","Nov 2017"
"Wed Feb 07 2018 00:00:00 GMT+0530 (India Standard Time)",275.15,"274.925",9,26,52,"276.88750000000005","270.15","278.85","Nov 2017"
"Thu Feb 08 2018 00:00:00 GMT+0530 (India Standard Time)",274.1,"274.925",9,26,52,"276.88750000000005","270.15","278.85","Nov 2017"
"Fri Feb 09 2018 00:00:00 GMT+0530 (India Standard Time)",271.35,"274.925",9,26,52,"276.88750000000005","270.15","278.85","Nov 2017"
"Mon Feb 12 2018 00:00:00 GMT+0530 (India Standard Time)",269.85,"274.925",9,26,52,"276.88750000000005","270.15","278.85","Nov 2017"
"Wed Feb 14 2018 00:00:00 GMT+0530 (India Standard Time)",266.5,"274.925",9,26,52,"276.3125","270.15","277.70000000000005","Nov 2017"
"Thu Feb 15 2018 00:00:00 GMT+0530 (India Standard Time)",268.1,"274.925",9,26,52,"275.07500000000005","270.15","275.225","Nov 2017"
"Fri Feb 16 2018 00:00:00 GMT+0530 (India Standard Time)",266.45,"274.925",9,26,52,"274.0875","270.15","273.25","Nov 2017"
"Mon Feb 19 2018 00:00:00 GMT+0530 (India Standard Time)",264.1,"274.925",9,26,52,"272.775","270.15","270.625","Nov 2017"
"Tue Feb 20 2018 00:00:00 GMT+0530 (India Standard Time)",263.25,"274.925",9,26,52,"272.6875","270.15","270.45","Nov 2017"
"Wed Feb 21 2018 00:00:00 GMT+0530 (India Standard Time)",268.2,"274.925",9,26,52,"272.225","270.15","269.525","Nov 2017"
"Thu Feb 22 2018 00:00:00 GMT+0530 (India Standard Time)",267.1,"274.925",9,26,52,"271.4625","271.85","268","Nov 2017"
"Fri Feb 23 2018 00:00:00 GMT+0530 (India Standard Time)",269.05,"274.925",9,26,52,"271.4625","273.925","268","Nov 2017"
"Mon Feb 26 2018 00:00:00 GMT+0530 (India Standard Time)",266.55,"276.225",9,26,52,"271.4","273.925","266.575","Nov 2017"
"Tue Feb 27 2018 00:00:00 GMT+0530 (India Standard Time)",266.4,"276.225",9,26,52,"271.3375","273.925","266.45","Nov 2017"
"Wed Feb 28 2018 00:00:00 GMT+0530 (India Standard Time)",265.05,"276.225",9,26,52,"271.3375","273.925","266.45","Nov 2017"
"Thu Mar 01 2018 00:00:00 GMT+0530 (India Standard Time)",264,"276.225",9,26,52,"271.15","274.675","266.075","Nov 2017"
"Mon Mar 05 2018 00:00:00 GMT+0530 (India Standard Time)",260.25,"275.15",9,26,52,"270.075","274.675","265","Nov 2017"
"Tue Mar 06 2018 00:00:00 GMT+0530 (India Standard Time)",256.5,"272.9",9,26,52,"267.825","272.9","262.75","Nov 2017"
"Wed Mar 07 2018 00:00:00 GMT+0530 (India Standard Time)",259.9,"271.925",9,26,52,"266.85","271.925","261.775","Nov 2017"
"Thu Mar 08 2018 00:00:00 GMT+0530 (India Standard Time)",258.85,"271.925",9,26,52,"266.85","271.925","261.775","Nov 2017"
"Fri Mar 09 2018 00:00:00 GMT+0530 (India Standard Time)",259.25,"271.925",9,26,52,"266.725","271.925","261.525","Nov 2017"
"Mon Mar 12 2018 00:00:00 GMT+0530 (India Standard Time)",270.1,"271.925",9,26,52,"267.0625","271.925","262.20000000000005","Nov 2017"
"Tue Mar 13 2018 00:00:00 GMT+0530 (India Standard Time)",269.45,"269.6",9,26,52,"266.1875","271.925","262.775","Nov 2017"
"Wed Mar 14 2018 00:00:00 GMT+0530 (India Standard Time)",268.05,"267.625",9,26,52,"265.2","271.925","262.775","Nov 2017"
"Thu Mar 15 2018 00:00:00 GMT+0530 (India Standard Time)",265.55,"266.15",9,26,52,"264.4625","271.925","262.775","Nov 2017"
"Fri Mar 16 2018 00:00:00 GMT+0530 (India Standard Time)",260.5,"266.15",9,26,52,"264.4625","271.925","262.775","Nov 2017"
"Mon Mar 19 2018 00:00:00 GMT+0530 (India Standard Time)",259.15,"265.225",9,26,52,"264","271.925","262.775","Nov 2017"
"Tue Mar 20 2018 00:00:00 GMT+0530 (India Standard Time)",259.2,"263.70000000000005",9,26,52,"264.225","271.925","264.75","Nov 2017"
"Wed Mar 21 2018 00:00:00 GMT+0530 (India Standard Time)",259.05,"263.70000000000005",9,26,52,"264.225","271.925","264.75","Nov 2017"
"Thu Mar 22 2018 00:00:00 GMT+0530 (India Standard Time)",258.3,"262.775",9,26,52,"263.7625","271.925","264.75","Nov 2017"
"Fri Mar 23 2018 00:00:00 GMT+0530 (India Standard Time)",256,"262.775",9,26,52,"263.075","271.925","263.375","Nov 2017"
"Mon Mar 26 2018 00:00:00 GMT+0530 (India Standard Time)",258.1,"262.25",9,26,52,"261.725","271.4","261.2","Nov 2017"
"Tue Mar 27 2018 00:00:00 GMT+0530 (India Standard Time)",258.9,"262.25",9,26,52,"261.725","271.4","261.2","Nov 2017"
"Wed Mar 28 2018 00:00:00 GMT+0530 (India Standard Time)",255.5,"262.25",9,26,52,"260.85","271.4","259.45","Nov 2017"
"Mon Apr 02 2018 00:00:00 GMT+0530 (India Standard Time)",258.25,"262.25",9,26,52,"259.8","271.4","257.35","Nov 2017"
"Tue Apr 03 2018 00:00:00 GMT+0530 (India Standard Time)",258.5,"262.25",9,26,52,"259.6625","271.4","257.075","Nov 2017"
"Wed Apr 04 2018 00:00:00 GMT+0530 (India Standard Time)",258.6,"262.25",9,26,52,"259.6625","271.4","257.075","Nov 2017"
"Thu Apr 05 2018 00:00:00 GMT+0530 (India Standard Time)",259.65,"262.25",9,26,52,"259.6125","271.4","256.975","Nov 2017"
"Fri Apr 06 2018 00:00:00 GMT+0530 (India Standard Time)",260.85,"262.25",9,26,52,"259.75","271.4","257.25","Nov 2017"
"Mon Apr 09 2018 00:00:00 GMT+0530 (India Standard Time)",265.8,"262.25",9,26,52,"260.9","271.4","259.55","Nov 2017"
"Tue Apr 10 2018 00:00:00 GMT+0530 (India Standard Time)",266.7,"262.25",9,26,52,"261.8875","271.4","261.525","Nov 2017"
"Wed Apr 11 2018 00:00:00 GMT+0530 (India Standard Time)",265.15,"262.25",9,26,52,"261.8875","271.4","261.525","Nov 2017"
"Thu Apr 12 2018 00:00:00 GMT+0530 (India Standard Time)",261.95,"262.25",9,26,52,"262.1625","271.4","262.075","Nov 2017"
"Fri Apr 13 2018 00:00:00 GMT+0530 (India Standard Time)",260.75,"262.25",9,26,52,"262.175","271.4","262.1","Nov 2017"
"Mon Apr 16 2018 00:00:00 GMT+0530 (India Standard Time)",264.45,"262.25",9,26,52,"262.175","271.4","262.1","Nov 2017"
"Tue Apr 17 2018 00:00:00 GMT+0530 (India Standard Time)",267.6,"262.25",9,26,52,"262.175","271.4","262.1","Nov 2017"
"Wed Apr 18 2018 00:00:00 GMT+0530 (India Standard Time)",275.35,"265.7",9,26,52,"267.575","271.4","269.45","Nov 2017"
"Thu Apr 19 2018 00:00:00 GMT+0530 (India Standard Time)",277.35,"266.25",9,26,52,"268.125","271.4","270","Nov 2017"
"Fri Apr 20 2018 00:00:00 GMT+0530 (India Standard Time)",276.2,"266.25",9,26,52,"268.125","269.075","270","Nov 2017"
"Mon Apr 23 2018 00:00:00 GMT+0530 (India Standard Time)",275.5,"266.25",9,26,52,"268.125","267.1","270","Nov 2017"
"Tue Apr 24 2018 00:00:00 GMT+0530 (India Standard Time)",276,"266.25",9,26,52,"268.125","266.25","270","Nov 2017"
"Wed Apr 25 2018 00:00:00 GMT+0530 (India Standard Time)",274.1,"266.25",9,26,52,"268.125","266.25","270","Nov 2017"
"Thu Apr 26 2018 00:00:00 GMT+0530 (India Standard Time)",278.25,"266.25",9,26,52,"268.125","266.25","270","Nov 2017"
"Fri Apr 27 2018 00:00:00 GMT+0530 (India Standard Time)",279.4,"266.725",9,26,52,"269.275","266.725","271.825","Nov 2017"
"Mon Apr 30 2018 00:00:00 GMT+0530 (India Standard Time)",281.45,"268.175",9,26,52,"272.05","268.175","275.925","Nov 2017"
"Wed May 02 2018 00:00:00 GMT+0530 (India Standard Time)",287.25,"270.6",9,26,52,"275.65","270.6","280.7","Nov 2017"
"Thu May 03 2018 00:00:00 GMT+0530 (India Standard Time)",285,"271.1",9,26,52,"276.15","271.1","281.2","Nov 2017"
"Fri May 04 2018 00:00:00 GMT+0530 (India Standard Time)",277.15,"272.025",9,26,52,"276.61249999999995","271.1","281.2","Nov 2017"
"Mon May 07 2018 00:00:00 GMT+0530 (India Standard Time)",282.25,"272.025",9,26,52,"276.61249999999995","271.1","281.2","Nov 2017"
"Tue May 08 2018 00:00:00 GMT+0530 (India Standard Time)",282.7,"272.575",9,26,52,"276.8875","271.1","281.2","Nov 2017"
"Wed May 09 2018 00:00:00 GMT+0530 (India Standard Time)",282.3,"272.6",9,26,52,"276.975","271.1","281.35","Nov 2017"
"Thu May 10 2018 00:00:00 GMT+0530 (India Standard Time)",280.15,"272.6",9,26,52,"277.6875","271.1","282.775","Nov 2017"
"Fri May 11 2018 00:00:00 GMT+0530 (India Standard Time)",283.65,"272.6",9,26,52,"277.6875","271.1","282.775","Nov 2017"
"Mon May 14 2018 00:00:00 GMT+0530 (India Standard Time)",284.8,"274.85",9,26,52,"278.8125","271.1","282.775","Nov 2017"
"Tue May 15 2018 00:00:00 GMT+0530 (India Standard Time)",281.85,"274.85",9,26,52,"278.8125","271.1","282.775","Nov 2017"
"Wed May 16 2018 00:00:00 GMT+0530 (India Standard Time)",285.85,"274.85",9,26,52,"278.58750000000003","271.1","282.32500000000005","Nov 2017"
"Thu May 17 2018 00:00:00 GMT+0530 (India Standard Time)",278.95,"274.85",9,26,52,"278.85","271.1","282.85","Nov 2017"
"Fri May 18 2018 00:00:00 GMT+0530 (India Standard Time)",282.3,"274.85",9,26,52,"278.625","271.1","282.4","Nov 2017"
"Mon May 21 2018 00:00:00 GMT+0530 (India Standard Time)",282.35,"274.85",9,26,52,"278.625","271.1","282.4","Nov 2017"
"Tue May 22 2018 00:00:00 GMT+0530 (India Standard Time)",278.75,"274.85",9,26,52,"278.625","271.1","282.4","Nov 2017"
"Wed May 23 2018 00:00:00 GMT+0530 (India Standard Time)",273.45,"276.2",9,26,52,"278.5375","271.1","280.875","Nov 2017"
"Thu May 24 2018 00:00:00 GMT+0530 (India Standard Time)",274.85,"278.85",9,26,52,"279.5625","271.1","280.275","Nov 2017"
"Fri May 25 2018 00:00:00 GMT+0530 (India Standard Time)",272.3,"279.225",9,26,52,"279","271.1","278.775","Nov 2017"
"Mon May 28 2018 00:00:00 GMT+0530 (India Standard Time)",275.3,"279.225",9,26,52,"279","271.1","278.775","Nov 2017"
"Tue May 29 2018 00:00:00 GMT+0530 (India Standard Time)",274.05,"279.225",9,26,52,"278.975","271.1","278.725","Nov 2017"
"Wed May 30 2018 00:00:00 GMT+0530 (India Standard Time)",271.9,"279.225",9,26,52,"278.1875","271.1","277.15","Nov 2017"
"Thu May 31 2018 00:00:00 GMT+0530 (India Standard Time)",271.65,"279.225",9,26,52,"277.8","271.1","276.375","Nov 2017"
"Fri Jun 01 2018 00:00:00 GMT+0530 (India Standard Time)",269.95,"279.225",9,26,52,"277.57500000000005","271.1","275.925","Nov 2017"
"Mon Jun 04 2018 00:00:00 GMT+0530 (India Standard Time)",268.9,"278.6",9,26,52,"276.025","271.1","273.45","Nov 2017"
"Tue Jun 05 2018 00:00:00 GMT+0530 (India Standard Time)",267.5,"278.275",9,26,52,"275.2875","271.1","272.3","Nov 2017"
"Wed Jun 06 2018 00:00:00 GMT+0530 (India Standard Time)",270.4,"278.275",9,26,52,"275.2875","271.1","272.3","Nov 2017"
"Thu Jun 07 2018 00:00:00 GMT+0530 (India Standard Time)",271.05,"278.275",9,26,52,"275.2875","271.1","272.3","Nov 2017"
"Fri Jun 08 2018 00:00:00 GMT+0530 (India Standard Time)",267.9,"277.82500000000005",9,26,52,"275.0625","271.1","272.3","Nov 2017"
"Mon Jun 11 2018 00:00:00 GMT+0530 (India Standard Time)",269.25,"277.82500000000005",9,26,52,"274.05","272.025","270.275","Nov 2017"
"Tue Jun 12 2018 00:00:00 GMT+0530 (India Standard Time)",270.25,"277.82500000000005",9,26,52,"274.27500000000003","272.025","270.725","Nov 2017"
"Wed Jun 13 2018 00:00:00 GMT+0530 (India Standard Time)",267.85,"277.82500000000005",9,26,52,"274.27500000000003","272.575","270.725","Nov 2017"
"Thu Jun 14 2018 00:00:00 GMT+0530 (India Standard Time)",267.25,"277.4",9,26,52,"273.85","272.6","270.3","Nov 2017"
"Fri Jun 15 2018 00:00:00 GMT+0530 (India Standard Time)",264.5,"276.20000000000005",9,26,52,"272.65000000000003","272.6","269.1","Nov 2017"
"Mon Jun 18 2018 00:00:00 GMT+0530 (India Standard Time)",264.55,"276.15",9,26,52,"272.6","272.6","269.05","Nov 2017"
"Tue Jun 19 2018 00:00:00 GMT+0530 (India Standard Time)",266.05,"275.725",9,26,52,"272.175","274.85","268.625","Nov 2017"
"Wed Jun 20 2018 00:00:00 GMT+0530 (India Standard Time)",263.75,"275.725",9,26,52,"272.175","274.85","268.625","Nov 2017"
"Thu Jun 21 2018 00:00:00 GMT+0530 (India Standard Time)",260.85,"274.54999999999995",9,26,52,"271.025","274.85","267.5","Nov 2017"
"Fri Jun 22 2018 00:00:00 GMT+0530 (India Standard Time)",265.15,"272.775",9,26,52,"270.0375","274.85","267.3","Nov 2017"
"Mon Jun 25 2018 00:00:00 GMT+0530 (India Standard Time)",262.6,"271.875",9,26,52,"268.825","274.725","265.775","Nov 2017"
"Tue Jun 26 2018 00:00:00 GMT+0530 (India Standard Time)",264.8,"271.425",9,26,52,"267.875","274.725","264.325","Nov 2017"
"Wed Jun 27 2018 00:00:00 GMT+0530 (India Standard Time)",262.75,"269.575",9,26,52,"266.6625","274.725","263.75","Nov 2017"
"Thu Jun 28 2018 00:00:00 GMT+0530 (India Standard Time)",260.5,"268.375",9,26,52,"265.725","274.35","263.075","Nov 2017"
"Fri Jun 29 2018 00:00:00 GMT+0530 (India Standard Time)",266.2,"268.375",9,26,52,"265.825","274.35","263.275","Nov 2017"
"Mon Jul 02 2018 00:00:00 GMT+0530 (India Standard Time)",263.05,"268.375",9,26,52,"265.825","274.35","263.275","Nov 2017"
"Tue Jul 03 2018 00:00:00 GMT+0530 (India Standard Time)",265.45,"268.375",9,26,52,"265.825","274.35","263.275","Nov 2017"
"Wed Jul 04 2018 00:00:00 GMT+0530 (India Standard Time)",264.4,"266.8",9,26,52,"265.0375","274.35","263.275","Nov 2017"
"Thu Jul 05 2018 00:00:00 GMT+0530 (India Standard Time)",272.5,"266.8",9,26,52,"266.6","274.35","266.4","Nov 2017"
"Fri Jul 06 2018 00:00:00 GMT+0530 (India Standard Time)",272.65,"266.875",9,26,52,"266.875","274.35","266.875","Nov 2017"
