"date","chikou_span","kijun_sen","parameter_tenkan_Sen","parameter_kijun_Sen","parameter_senkou_Span_B","senkou_span_A","senkou_span_B","tenkan_sen","y"
"Thu Jul 06 2017 00:00:00 GMT+0530 (India Standard Time)",542.85,"null",9,26,52,"null","null","null","Nov 2017"
"Fri Jul 07 2017 00:00:00 GMT+0530 (India Standard Time)",547.15,"null",9,26,52,"null","null","null","Nov 2017"
"Mon Jul 10 2017 00:00:00 GMT+0530 (India Standard Time)",549.2,"null",9,26,52,"null","null","null","Nov 2017"
"Tue Jul 11 2017 00:00:00 GMT+0530 (India Standard Time)",538.45,"null",9,26,52,"null","null","null","Nov 2017"
"Wed Jul 12 2017 00:00:00 GMT+0530 (India Standard Time)",539.95,"null",9,26,52,"null","null","null","Nov 2017"
"Thu Jul 13 2017 00:00:00 GMT+0530 (India Standard Time)",543.65,"null",9,26,52,"null","null","null","Nov 2017"
"Fri Jul 14 2017 00:00:00 GMT+0530 (India Standard Time)",548.05,"null",9,26,52,"null","null","null","Nov 2017"
"Mon Jul 17 2017 00:00:00 GMT+0530 (India Standard Time)",556.5,"null",9,26,52,"null","null","null","Nov 2017"
"Tue Jul 18 2017 00:00:00 GMT+0530 (India Standard Time)",559.75,"null",9,26,52,"null","null","551.525","Nov 2017"
"Wed Jul 19 2017 00:00:00 GMT+0530 (India Standard Time)",568.25,"null",9,26,52,"null","null","552.75","Nov 2017"
"Thu Jul 20 2017 00:00:00 GMT+0530 (India Standard Time)",571.9,"null",9,26,52,"null","null","556.525","Nov 2017"
"Fri Jul 21 2017 00:00:00 GMT+0530 (India Standard Time)",566.2,"null",9,26,52,"null","null","556.525","Nov 2017"
"Mon Jul 24 2017 00:00:00 GMT+0530 (India Standard Time)",569.75,"null",9,26,52,"null","null","557","Nov 2017"
"Tue Jul 25 2017 00:00:00 GMT+0530 (India Standard Time)",564.4,"null",9,26,52,"null","null","557.925","Nov 2017"
"Wed Jul 26 2017 00:00:00 GMT+0530 (India Standard Time)",575.45,"null",9,26,52,"null","null","559.1500000000001","Nov 2017"
"Thu Jul 27 2017 00:00:00 GMT+0530 (India Standard Time)",568.7,"null",9,26,52,"null","null","563.05","Nov 2017"
"Fri Jul 28 2017 00:00:00 GMT+0530 (India Standard Time)",566.1,"null",9,26,52,"null","null","567.25","Nov 2017"
"Mon Jul 31 2017 00:00:00 GMT+0530 (India Standard Time)",560.1,"null",9,26,52,"null","null","567.95","Nov 2017"
"Tue Aug 01 2017 00:00:00 GMT+0530 (India Standard Time)",562.45,"null",9,26,52,"null","null","567.95","Nov 2017"
"Wed Aug 02 2017 00:00:00 GMT+0530 (India Standard Time)",568.55,"null",9,26,52,"null","null","567.95","Nov 2017"
"Thu Aug 03 2017 00:00:00 GMT+0530 (India Standard Time)",557.15,"null",9,26,52,"null","null","566.5999999999999","Nov 2017"
"Fri Aug 04 2017 00:00:00 GMT+0530 (India Standard Time)",568.7,"null",9,26,52,"null","null","561.2249999999999","Nov 2017"
"Mon Aug 07 2017 00:00:00 GMT+0530 (India Standard Time)",566.5,"null",9,26,52,"null","null","561.2249999999999","Nov 2017"
"Tue Aug 08 2017 00:00:00 GMT+0530 (India Standard Time)",578.6,"null",9,26,52,"null","null","561.525","Nov 2017"
"Wed Aug 09 2017 00:00:00 GMT+0530 (India Standard Time)",561.85,"null",9,26,52,"null","null","562.025","Nov 2017"
"Thu Aug 10 2017 00:00:00 GMT+0530 (India Standard Time)",548.2,"558.525",9,26,52,"559.8875","null","561.25","Nov 2017"
"Fri Aug 11 2017 00:00:00 GMT+0530 (India Standard Time)",541.4,"553.225",9,26,52,"553.225","null","553.225","Nov 2017"
"Mon Aug 14 2017 00:00:00 GMT+0530 (India Standard Time)",570.05,"553.225",9,26,52,"553.225","null","553.225","Nov 2017"
"Wed Aug 16 2017 00:00:00 GMT+0530 (India Standard Time)",590.45,"559.575",9,26,52,"559.575","null","559.575","Nov 2017"
"Thu Aug 17 2017 00:00:00 GMT+0530 (India Standard Time)",573.2,"559.725",9,26,52,"559.725","null","559.725","Nov 2017"
"Fri Aug 18 2017 00:00:00 GMT+0530 (India Standard Time)",565.3,"559.725",9,26,52,"559.725","null","559.725","Nov 2017"
"Mon Aug 21 2017 00:00:00 GMT+0530 (India Standard Time)",561.75,"559.725",9,26,52,"559.725","null","559.725","Nov 2017"
"Tue Aug 22 2017 00:00:00 GMT+0530 (India Standard Time)",559.25,"559.725",9,26,52,"559.725","null","559.725","Nov 2017"
"Wed Aug 23 2017 00:00:00 GMT+0530 (India Standard Time)",559.15,"559.725",9,26,52,"559.725","null","559.725","Nov 2017"
"Thu Aug 24 2017 00:00:00 GMT+0530 (India Standard Time)",574.05,"559.725",9,26,52,"559.725","null","559.725","Nov 2017"
"Mon Aug 28 2017 00:00:00 GMT+0530 (India Standard Time)",574.1,"559.725",9,26,52,"566.3875","null","573.05","Nov 2017"
"Tue Aug 29 2017 00:00:00 GMT+0530 (India Standard Time)",568.9,"559.725",9,26,52,"567.1500000000001","null","574.575","Nov 2017"
"Wed Aug 30 2017 00:00:00 GMT+0530 (India Standard Time)",566.35,"559.725",9,26,52,"567.1500000000001","null","574.575","Nov 2017"
"Thu Aug 31 2017 00:00:00 GMT+0530 (India Standard Time)",571.9,"559.725",9,26,52,"563.9000000000001","null","568.075","Nov 2017"
"Fri Sep 01 2017 00:00:00 GMT+0530 (India Standard Time)",568.4,"559.725",9,26,52,"563.9000000000001","null","568.075","Nov 2017"
"Mon Sep 04 2017 00:00:00 GMT+0530 (India Standard Time)",561.7,"559.725",9,26,52,"564.2750000000001","null","568.825","Nov 2017"
"Tue Sep 05 2017 00:00:00 GMT+0530 (India Standard Time)",559.6,"559.725",9,26,52,"564.2750000000001","null","568.825","Nov 2017"
"Wed Sep 06 2017 00:00:00 GMT+0530 (India Standard Time)",558.3,"559.725",9,26,52,"563.575","null","567.425","Nov 2017"
"Thu Sep 07 2017 00:00:00 GMT+0530 (India Standard Time)",554.2,"559.725",9,26,52,"562.9375","null","566.15","Nov 2017"
"Fri Sep 08 2017 00:00:00 GMT+0530 (India Standard Time)",552,"559.725",9,26,52,"561.6500000000001","null","563.575","Nov 2017"
"Mon Sep 11 2017 00:00:00 GMT+0530 (India Standard Time)",553.85,"559.725",9,26,52,"561.6500000000001","null","563.575","Nov 2017"
"Tue Sep 12 2017 00:00:00 GMT+0530 (India Standard Time)",560.5,"559.725",9,26,52,"560.2","null","560.675","Nov 2017"
"Wed Sep 13 2017 00:00:00 GMT+0530 (India Standard Time)",554.4,"559.725",9,26,52,"560.0375","null","560.35","Nov 2017"
"Thu Sep 14 2017 00:00:00 GMT+0530 (India Standard Time)",565.95,"559.725",9,26,52,"559.95","null","560.175","Nov 2017"
"Fri Sep 15 2017 00:00:00 GMT+0530 (India Standard Time)",561.4,"559.725",9,26,52,"557.5250000000001","null","555.325","Nov 2017"
"Mon Sep 18 2017 00:00:00 GMT+0530 (India Standard Time)",570.7,"559.725",9,26,52,"558.7375","null","557.75","Nov 2017"
"Tue Sep 19 2017 00:00:00 GMT+0530 (India Standard Time)",573.4,"559.725",9,26,52,"559.325","559.725","558.925","Nov 2017"
"Wed Sep 20 2017 00:00:00 GMT+0530 (India Standard Time)",569.7,"568.675",9,26,52,"563.8","559.725","558.925","Nov 2017"
"Thu Sep 21 2017 00:00:00 GMT+0530 (India Standard Time)",591.9,"568.675",9,26,52,"568.675","559.725","568.675","Nov 2017"
"Fri Sep 22 2017 00:00:00 GMT+0530 (India Standard Time)",585.35,"571.675",9,26,52,"571.675","562.725","571.675","Nov 2017"
"Mon Sep 25 2017 00:00:00 GMT+0530 (India Standard Time)",577.2,"571.675",9,26,52,"573.9749999999999","562.725","576.275","Nov 2017"
"Tue Sep 26 2017 00:00:00 GMT+0530 (India Standard Time)",579,"571.675",9,26,52,"574.7","562.725","577.725","Nov 2017"
"Wed Sep 27 2017 00:00:00 GMT+0530 (India Standard Time)",570.1,"571.675",9,26,52,"574.9749999999999","562.725","578.275","Nov 2017"
"Thu Sep 28 2017 00:00:00 GMT+0530 (India Standard Time)",582.65,"571.675",9,26,52,"576","562.725","580.325","Nov 2017"
"Fri Sep 29 2017 00:00:00 GMT+0530 (India Standard Time)",586.1,"571.675",9,26,52,"576.5875","562.725","581.5","Nov 2017"
"Tue Oct 03 2017 00:00:00 GMT+0530 (India Standard Time)",578.9,"571.675",9,26,52,"576.5875","562.725","581.5","Nov 2017"
"Wed Oct 04 2017 00:00:00 GMT+0530 (India Standard Time)",581.05,"571.675",9,26,52,"576.5875","562.725","581.5","Nov 2017"
"Thu Oct 05 2017 00:00:00 GMT+0530 (India Standard Time)",585.35,"571.675",9,26,52,"576.5875","562.725","581.5","Nov 2017"
"Fri Oct 06 2017 00:00:00 GMT+0530 (India Standard Time)",585.4,"571.675",9,26,52,"575.1875","562.725","578.7","Nov 2017"
"Mon Oct 09 2017 00:00:00 GMT+0530 (India Standard Time)",585.55,"571.675",9,26,52,"575.4625","562.725","579.25","Nov 2017"
"Tue Oct 10 2017 00:00:00 GMT+0530 (India Standard Time)",590.15,"571.675",9,26,52,"575.4625","562.725","579.25","Nov 2017"
"Wed Oct 11 2017 00:00:00 GMT+0530 (India Standard Time)",586.15,"571.675",9,26,52,"575.75","562.725","579.825","Nov 2017"
"Thu Oct 12 2017 00:00:00 GMT+0530 (India Standard Time)",589.65,"571.675",9,26,52,"578.5875","562.725","585.5","Nov 2017"
"Fri Oct 13 2017 00:00:00 GMT+0530 (India Standard Time)",592.85,"571.675",9,26,52,"579.275","562.725","586.875","Nov 2017"
"Mon Oct 16 2017 00:00:00 GMT+0530 (India Standard Time)",606.75,"576.125",9,26,52,"584.9125","567.175","593.7","Nov 2017"
"Tue Oct 17 2017 00:00:00 GMT+0530 (India Standard Time)",632.1,"589.625",9,26,52,"598.4125","580.675","607.2","Nov 2017"
"Wed Oct 18 2017 00:00:00 GMT+0530 (India Standard Time)",611,"589.625",9,26,52,"598.4125","580.675","607.2","Nov 2017"
"Thu Oct 19 2017 00:00:00 GMT+0530 (India Standard Time)",607.8,"594.2249999999999",9,26,52,"600.7125","580.675","607.2","Nov 2017"
"Mon Oct 23 2017 00:00:00 GMT+0530 (India Standard Time)",592.9,"595.675",9,26,52,"601.6999999999999","580.675","607.7249999999999","Nov 2017"
"Tue Oct 24 2017 00:00:00 GMT+0530 (India Standard Time)",595.05,"596.2249999999999",9,26,52,"601.9749999999999","580.675","607.7249999999999","Nov 2017"
"Wed Oct 25 2017 00:00:00 GMT+0530 (India Standard Time)",592.65,"598.275",9,26,52,"603.1875","580.675","608.0999999999999","Nov 2017"
"Thu Oct 26 2017 00:00:00 GMT+0530 (India Standard Time)",611.5,"599.45",9,26,52,"605.775","580.675","612.0999999999999","Nov 2017"
"Fri Oct 27 2017 00:00:00 GMT+0530 (India Standard Time)",625.05,"599.45",9,26,52,"606.075","580.675","612.7","Nov 2017"
"Mon Oct 30 2017 00:00:00 GMT+0530 (India Standard Time)",626.05,"599.45",9,26,52,"606.075","589.625","612.7","Nov 2017"
"Tue Oct 31 2017 00:00:00 GMT+0530 (India Standard Time)",627.6,"599.45",9,26,52,"605.825","589.625","612.2","Nov 2017"
"Wed Nov 01 2017 00:00:00 GMT+0530 (India Standard Time)",626.75,"599.45",9,26,52,"605.825","589.625","612.2","Nov 2017"
"Thu Nov 02 2017 00:00:00 GMT+0530 (India Standard Time)",636,"602.9",9,26,52,"609.525","593.075","616.15","Nov 2017"
"Fri Nov 03 2017 00:00:00 GMT+0530 (India Standard Time)",640.1,"605.575",9,26,52,"612.2","595.75","618.825","Nov 2017"
"Mon Nov 06 2017 00:00:00 GMT+0530 (India Standard Time)",654.8,"612.575",9,26,52,"618.9125","602.175","625.25","Nov 2017"
"Tue Nov 07 2017 00:00:00 GMT+0530 (India Standard Time)",607.55,"619.45",9,26,52,"623.7125","603.375","627.9749999999999","Nov 2017"
"Wed Nov 08 2017 00:00:00 GMT+0530 (India Standard Time)",622.6,"619.45",9,26,52,"626.075","603.375","632.7","Nov 2017"
"Thu Nov 09 2017 00:00:00 GMT+0530 (India Standard Time)",614.55,"620.95",9,26,52,"626.825","603.375","632.7","Nov 2017"
"Fri Nov 10 2017 00:00:00 GMT+0530 (India Standard Time)",609.3,"620.95",9,26,52,"626.825","603.375","632.7","Nov 2017"
"Mon Nov 13 2017 00:00:00 GMT+0530 (India Standard Time)",602.1,"620.95",9,26,52,"625.25","603.375","629.55","Nov 2017"
"Tue Nov 14 2017 00:00:00 GMT+0530 (India Standard Time)",602.45,"620.95",9,26,52,"625.25","603.375","629.55","Nov 2017"
"Wed Nov 15 2017 00:00:00 GMT+0530 (India Standard Time)",593.65,"621.4749999999999",9,26,52,"624.1374999999999","603.375","626.8","Nov 2017"
"Thu Nov 16 2017 00:00:00 GMT+0530 (India Standard Time)",592.85,"621.4749999999999",9,26,52,"624.0875","603.375","626.7","Nov 2017"
"Fri Nov 17 2017 00:00:00 GMT+0530 (India Standard Time)",608.55,"621.8499999999999",9,26,52,"624.275","603.375","626.7","Nov 2017"
"Mon Nov 20 2017 00:00:00 GMT+0530 (India Standard Time)",604.25,"625.8499999999999",9,26,52,"619.875","603.375","613.9","Nov 2017"
"Tue Nov 21 2017 00:00:00 GMT+0530 (India Standard Time)",616.1,"626.45",9,26,52,"617.725","603.375","609","Nov 2017"
"Wed Nov 22 2017 00:00:00 GMT+0530 (India Standard Time)",619.25,"626.45",9,26,52,"617.1500000000001","603.375","607.85","Nov 2017"
"Thu Nov 23 2017 00:00:00 GMT+0530 (India Standard Time)",617.6,"626.45",9,26,52,"617.1500000000001","603.375","607.85","Nov 2017"
"Fri Nov 24 2017 00:00:00 GMT+0530 (India Standard Time)",615.7,"626.45",9,26,52,"617.1500000000001","603.375","607.85","Nov 2017"
"Mon Nov 27 2017 00:00:00 GMT+0530 (India Standard Time)",614.8,"626.45",9,26,52,"617.1500000000001","607.9749999999999","607.85","Nov 2017"
"Tue Nov 28 2017 00:00:00 GMT+0530 (India Standard Time)",611.8,"626.45",9,26,52,"617.1500000000001","609.425","607.85","Nov 2017"
"Wed Nov 29 2017 00:00:00 GMT+0530 (India Standard Time)",607.9,"626.45",9,26,52,"618.6750000000001","609.9749999999999","610.9000000000001","Nov 2017"
"Thu Nov 30 2017 00:00:00 GMT+0530 (India Standard Time)",600.9,"626.7",9,26,52,"618.8000000000001","612.025","610.9000000000001","Nov 2017"
"Fri Dec 01 2017 00:00:00 GMT+0530 (India Standard Time)",598.1,"626.7",9,26,52,"618.2","613.2","609.7","Nov 2017"
"Mon Dec 04 2017 00:00:00 GMT+0530 (India Standard Time)",596.7,"626.0999999999999",9,26,52,"616.675","613.2","607.25","Nov 2017"
"Tue Dec 05 2017 00:00:00 GMT+0530 (India Standard Time)",596.45,"626.0999999999999",9,26,52,"616.55","613.2","607","Nov 2017"
"Wed Dec 06 2017 00:00:00 GMT+0530 (India Standard Time)",596.45,"626.0999999999999",9,26,52,"616.2249999999999","613.2","606.3499999999999","Nov 2017"
"Thu Dec 07 2017 00:00:00 GMT+0530 (India Standard Time)",593.45,"625.8499999999999",9,26,52,"615.425","613.2","605","Nov 2017"
"Fri Dec 08 2017 00:00:00 GMT+0530 (India Standard Time)",603.1,"625.8499999999999",9,26,52,"615.425","613.2","605","Nov 2017"
"Mon Dec 11 2017 00:00:00 GMT+0530 (India Standard Time)",603.65,"625.8499999999999",9,26,52,"614.8499999999999","613.2","603.8499999999999","Nov 2017"
"Tue Dec 12 2017 00:00:00 GMT+0530 (India Standard Time)",591.65,"625.8499999999999",9,26,52,"613.2375","613.775","600.625","Nov 2017"
"Wed Dec 13 2017 00:00:00 GMT+0530 (India Standard Time)",578.15,"607.075",9,26,52,"600.8625000000001","619.45","594.6500000000001","Nov 2017"
"Thu Dec 14 2017 00:00:00 GMT+0530 (India Standard Time)",590.45,"601.55",9,26,52,"597.7875","619.25","594.0250000000001","Nov 2017"
"Fri Dec 15 2017 00:00:00 GMT+0530 (India Standard Time)",576.45,"599.45",9,26,52,"596.2625","618.3","593.075","Nov 2017"
"Mon Dec 18 2017 00:00:00 GMT+0530 (India Standard Time)",591.65,"598.675",9,26,52,"595.4875","617.525","592.3","Nov 2017"
"Tue Dec 19 2017 00:00:00 GMT+0530 (India Standard Time)",603.9,"598.675",9,26,52,"595.4875","617.525","592.3","Nov 2017"
"Wed Dec 20 2017 00:00:00 GMT+0530 (India Standard Time)",600.65,"598.675",9,26,52,"595.4875","617.525","592.3","Nov 2017"
"Thu Dec 21 2017 00:00:00 GMT+0530 (India Standard Time)",599.8,"598.675",9,26,52,"595.4875","617.525","592.3","Nov 2017"
"Fri Dec 22 2017 00:00:00 GMT+0530 (India Standard Time)",601.2,"598.675",9,26,52,"595","617.525","591.325","Nov 2017"
"Tue Dec 26 2017 00:00:00 GMT+0530 (India Standard Time)",611.75,"598.675",9,26,52,"595.9749999999999","617.525","593.275","Nov 2017"
"Wed Dec 27 2017 00:00:00 GMT+0530 (India Standard Time)",612.65,"598.675",9,26,52,"598.1875","617.525","597.7","Nov 2017"
"Thu Dec 28 2017 00:00:00 GMT+0530 (India Standard Time)",606.05,"598.675",9,26,52,"598.1875","617.525","597.7","Nov 2017"
"Fri Dec 29 2017 00:00:00 GMT+0530 (India Standard Time)",608.5,"598.425",9,26,52,"598.0625","617.525","597.7","Nov 2017"
"Mon Jan 01 2018 00:00:00 GMT+0530 (India Standard Time)",611.5,"597.775",9,26,52,"602.9375","617.525","608.1","Nov 2017"
"Tue Jan 02 2018 00:00:00 GMT+0530 (India Standard Time)",607.8,"597.7",9,26,52,"603.7875","617.525","609.875","Nov 2017"
"Wed Jan 03 2018 00:00:00 GMT+0530 (India Standard Time)",606.8,"597.7",9,26,52,"603.7875","617.525","609.875","Nov 2017"
"Thu Jan 04 2018 00:00:00 GMT+0530 (India Standard Time)",616.75,"597.7",9,26,52,"603.8125","617.525","609.925","Nov 2017"
"Fri Jan 05 2018 00:00:00 GMT+0530 (India Standard Time)",615.15,"597.7",9,26,52,"603.8125","617.525","609.925","Nov 2017"
"Mon Jan 08 2018 00:00:00 GMT+0530 (India Standard Time)",615.05,"599.575",9,26,52,"607.4625000000001","617.525","615.35","Nov 2017"
"Tue Jan 09 2018 00:00:00 GMT+0530 (India Standard Time)",615.6,"599.575",9,26,52,"607.4625000000001","617.525","615.35","Nov 2017"
"Wed Jan 10 2018 00:00:00 GMT+0530 (India Standard Time)",619.75,"599.575",9,26,52,"607.5250000000001","617.525","615.475","Nov 2017"
"Thu Jan 11 2018 00:00:00 GMT+0530 (India Standard Time)",612.35,"599.575",9,26,52,"607.5250000000001","617.525","615.475","Nov 2017"
"Fri Jan 12 2018 00:00:00 GMT+0530 (India Standard Time)",612.1,"599.575",9,26,52,"607.4375","617.525","615.3","Nov 2017"
"Mon Jan 15 2018 00:00:00 GMT+0530 (India Standard Time)",610.25,"599.575",9,26,52,"607.4375","617.525","615.3","Nov 2017"
"Tue Jan 16 2018 00:00:00 GMT+0530 (India Standard Time)",601.4,"599.575",9,26,52,"606.4125","617.525","613.25","Nov 2017"
"Wed Jan 17 2018 00:00:00 GMT+0530 (India Standard Time)",607.15,"599.575",9,26,52,"605.925","617.525","612.275","Nov 2017"
"Thu Jan 18 2018 00:00:00 GMT+0530 (India Standard Time)",603.65,"599.575",9,26,52,"605.925","617.525","612.275","Nov 2017"
"Fri Jan 19 2018 00:00:00 GMT+0530 (India Standard Time)",602.75,"599.575",9,26,52,"605.0875","604.7249999999999","610.5999999999999","Nov 2017"
"Mon Jan 22 2018 00:00:00 GMT+0530 (India Standard Time)",601.15,"599.575",9,26,52,"604.1","599.825","608.625","Nov 2017"
"Tue Jan 23 2018 00:00:00 GMT+0530 (India Standard Time)",622.35,"599.575",9,26,52,"604.3125","599.575","609.05","Nov 2017"
"Wed Jan 24 2018 00:00:00 GMT+0530 (India Standard Time)",618.3,"609.975",9,26,52,"609.5125","599.575","609.05","Nov 2017"
"Thu Jan 25 2018 00:00:00 GMT+0530 (India Standard Time)",621.4,"612.05",9,26,52,"612.05","601.325","612.05","Nov 2017"
"Mon Jan 29 2018 00:00:00 GMT+0530 (India Standard Time)",615,"612.05",9,26,52,"612.05","601.325","612.05","Nov 2017"
"Tue Jan 30 2018 00:00:00 GMT+0530 (India Standard Time)",605.95,"612.05",9,26,52,"612.05","601.325","612.05","Nov 2017"
"Wed Jan 31 2018 00:00:00 GMT+0530 (India Standard Time)",592.15,"610.5",9,26,52,"610.5","601.325","610.5","Nov 2017"
"Thu Feb 01 2018 00:00:00 GMT+0530 (India Standard Time)",587.05,"605.6",9,26,52,"605.6","601.325","605.6","Nov 2017"
"Fri Feb 02 2018 00:00:00 GMT+0530 (India Standard Time)",581.15,"603.05",9,26,52,"603.05","601.325","603.05","Nov 2017"
"Mon Feb 05 2018 00:00:00 GMT+0530 (India Standard Time)",580.1,"601.1",9,26,52,"601.1","601.1","601.1","Nov 2017"
"Tue Feb 06 2018 00:00:00 GMT+0530 (India Standard Time)",564.25,"594.525",9,26,52,"594.525","594.525","594.525","Nov 2017"
"Wed Feb 07 2018 00:00:00 GMT+0530 (India Standard Time)",569.25,"592.6",9,26,52,"592.6","592.6","592.6","Nov 2017"
"Thu Feb 08 2018 00:00:00 GMT+0530 (India Standard Time)",612.65,"592.6",9,26,52,"591.95","592.6","591.3","Nov 2017"
"Fri Feb 09 2018 00:00:00 GMT+0530 (India Standard Time)",621.4,"592.6",9,26,52,"591.35","592.6","590.1","Nov 2017"
"Mon Feb 12 2018 00:00:00 GMT+0530 (India Standard Time)",621.65,"594.6",9,26,52,"594.6","594.6","594.6","Nov 2017"
"Wed Feb 14 2018 00:00:00 GMT+0530 (India Standard Time)",616.15,"594.6",9,26,52,"594.6","594.6","594.6","Nov 2017"
"Thu Feb 15 2018 00:00:00 GMT+0530 (India Standard Time)",605.85,"594.6",9,26,52,"594.6","594.6","594.6","Nov 2017"
"Fri Feb 16 2018 00:00:00 GMT+0530 (India Standard Time)",611.1,"594.6",9,26,52,"594.6","594.6","594.6","Nov 2017"
"Mon Feb 19 2018 00:00:00 GMT+0530 (India Standard Time)",600.4,"594.6",9,26,52,"594.6","594.6","594.6","Nov 2017"
"Tue Feb 20 2018 00:00:00 GMT+0530 (India Standard Time)",603.45,"594.6",9,26,52,"594.6","594.6","594.6","Nov 2017"
"Wed Feb 21 2018 00:00:00 GMT+0530 (India Standard Time)",597.25,"594.6",9,26,52,"601.0875000000001","594.6","607.575","Nov 2017"
"Thu Feb 22 2018 00:00:00 GMT+0530 (India Standard Time)",589.65,"594.6",9,26,52,"602.7","594.6","610.8","Nov 2017"
"Fri Feb 23 2018 00:00:00 GMT+0530 (India Standard Time)",595.65,"594.6",9,26,52,"602.7","594.6","610.8","Nov 2017"
"Mon Feb 26 2018 00:00:00 GMT+0530 (India Standard Time)",590.1,"594.6",9,26,52,"601.5250000000001","594.6","608.45","Nov 2017"
"Tue Feb 27 2018 00:00:00 GMT+0530 (India Standard Time)",586.5,"594.6",9,26,52,"598.4375","594.6","602.2750000000001","Nov 2017"
"Wed Feb 28 2018 00:00:00 GMT+0530 (India Standard Time)",589.65,"594.6",9,26,52,"596.5625","594.6","598.5250000000001","Nov 2017"
"Thu Mar 01 2018 00:00:00 GMT+0530 (India Standard Time)",581.7,"594.6",9,26,52,"595.4375","594.6","596.275","Nov 2017"
"Mon Mar 05 2018 00:00:00 GMT+0530 (India Standard Time)",579.25,"594.6",9,26,52,"593.75","594.6","592.9","Nov 2017"
"Tue Mar 06 2018 00:00:00 GMT+0530 (India Standard Time)",584.1,"594.6",9,26,52,"593.75","594.6","592.9","Nov 2017"
"Wed Mar 07 2018 00:00:00 GMT+0530 (India Standard Time)",580.2,"594.6",9,26,52,"593.0625","594.6","591.525","Nov 2017"
"Thu Mar 08 2018 00:00:00 GMT+0530 (India Standard Time)",578,"594.6",9,26,52,"592.05","594.6","589.5","Nov 2017"
"Fri Mar 09 2018 00:00:00 GMT+0530 (India Standard Time)",571.05,"594.6",9,26,52,"589.0374999999999","594.6","583.4749999999999","Nov 2017"
"Mon Mar 12 2018 00:00:00 GMT+0530 (India Standard Time)",580.65,"594.6",9,26,52,"587.9124999999999","594.6","581.2249999999999","Nov 2017"
"Tue Mar 13 2018 00:00:00 GMT+0530 (India Standard Time)",578.75,"594.6",9,26,52,"587.3375000000001","594.6","580.075","Nov 2017"
"Wed Mar 14 2018 00:00:00 GMT+0530 (India Standard Time)",577.9,"594.6",9,26,52,"586.6624999999999","594.6","578.7249999999999","Nov 2017"
"Thu Mar 15 2018 00:00:00 GMT+0530 (India Standard Time)",571.15,"594.6",9,26,52,"585.5374999999999","594.6","576.4749999999999","Nov 2017"
"Fri Mar 16 2018 00:00:00 GMT+0530 (India Standard Time)",559.4,"594.6",9,26,52,"583.9124999999999","594.6","573.2249999999999","Nov 2017"
"Mon Mar 19 2018 00:00:00 GMT+0530 (India Standard Time)",559.75,"595.2",9,26,52,"583.725","594.6","572.25","Nov 2017"
"Tue Mar 20 2018 00:00:00 GMT+0530 (India Standard Time)",552.9,"578.95",9,26,52,"566.5","578.95","554.05","Nov 2017"
"Wed Mar 21 2018 00:00:00 GMT+0530 (India Standard Time)",551.05,"578.95",9,26,52,"566.5","578.95","554.05","Nov 2017"
"Thu Mar 22 2018 00:00:00 GMT+0530 (India Standard Time)",540.75,"576.5999999999999",9,26,52,"564.9749999999999","578.95","553.3499999999999","Nov 2017"
"Fri Mar 23 2018 00:00:00 GMT+0530 (India Standard Time)",538.4,"572.175",9,26,52,"562.7624999999999","578.95","553.3499999999999","Nov 2017"
"Mon Mar 26 2018 00:00:00 GMT+0530 (India Standard Time)",541.8,"568.425",9,26,52,"560.8874999999999","578.95","553.3499999999999","Nov 2017"
"Tue Mar 27 2018 00:00:00 GMT+0530 (India Standard Time)",545.05,"567.525",9,26,52,"559.3875","578.95","551.25","Nov 2017"
"Wed Mar 28 2018 00:00:00 GMT+0530 (India Standard Time)",545.45,"565.325",9,26,52,"556.8875","578.95","548.45","Nov 2017"
"Mon Apr 02 2018 00:00:00 GMT+0530 (India Standard Time)",576.25,"565.325",9,26,52,"558.125","578.95","550.925","Nov 2017"
"Tue Apr 03 2018 00:00:00 GMT+0530 (India Standard Time)",570.3,"563.95",9,26,52,"557.4375","578.95","550.925","Nov 2017"
"Wed Apr 04 2018 00:00:00 GMT+0530 (India Standard Time)",569.8,"563.95",9,26,52,"559.95","578.95","555.95","Nov 2017"
"Thu Apr 05 2018 00:00:00 GMT+0530 (India Standard Time)",560.35,"560.9",9,26,52,"558.425","578.95","555.95","Nov 2017"
"Fri Apr 06 2018 00:00:00 GMT+0530 (India Standard Time)",558.95,"560.9",9,26,52,"558.425","578.95","555.95","Nov 2017"
"Mon Apr 09 2018 00:00:00 GMT+0530 (India Standard Time)",556.75,"559.75",9,26,52,"557.85","578.95","555.95","Nov 2017"
"Tue Apr 10 2018 00:00:00 GMT+0530 (India Standard Time)",558.15,"558.4",9,26,52,"557.4375","578.95","556.475","Nov 2017"
"Wed Apr 11 2018 00:00:00 GMT+0530 (India Standard Time)",561.5,"556.15",9,26,52,"556.3125","578.95","556.475","Nov 2017"
"Thu Apr 12 2018 00:00:00 GMT+0530 (India Standard Time)",556.15,"556.15",9,26,52,"559.2874999999999","578.95","562.425","Nov 2017"
"Fri Apr 13 2018 00:00:00 GMT+0530 (India Standard Time)",555.5,"556",9,26,52,"560.775","578.95","565.55","Nov 2017"
"Mon Apr 16 2018 00:00:00 GMT+0530 (India Standard Time)",584.95,"555.3499999999999",9,26,52,"562.7624999999999","578.95","570.175","Nov 2017"
"Tue Apr 17 2018 00:00:00 GMT+0530 (India Standard Time)",579.95,"555.625",9,26,52,"563.0375","578.95","570.45","Nov 2017"
"Wed Apr 18 2018 00:00:00 GMT+0530 (India Standard Time)",584.6,"559.95",9,26,52,"567.3625","578.95","574.775","Nov 2017"
"Thu Apr 19 2018 00:00:00 GMT+0530 (India Standard Time)",584.4,"559.95",9,26,52,"567.3625","578.95","574.775","Nov 2017"
"Fri Apr 20 2018 00:00:00 GMT+0530 (India Standard Time)",589.05,"559.95",9,26,52,"567.3625","578.95","574.775","Nov 2017"
"Mon Apr 23 2018 00:00:00 GMT+0530 (India Standard Time)",600.15,"562.325",9,26,52,"569.7375","578.95","577.15","Nov 2017"
"Tue Apr 24 2018 00:00:00 GMT+0530 (India Standard Time)",601.9,"563.9",9,26,52,"571.3125","578.95","578.7249999999999","Nov 2017"
"Wed Apr 25 2018 00:00:00 GMT+0530 (India Standard Time)",593.05,"563.9",9,26,52,"571.3125","578.95","578.7249999999999","Nov 2017"
"Thu Apr 26 2018 00:00:00 GMT+0530 (India Standard Time)",599.95,"563.9",9,26,52,"571.4375","578.95","578.9749999999999","Nov 2017"
"Fri Apr 27 2018 00:00:00 GMT+0530 (India Standard Time)",599.85,"569.975",9,26,52,"580.6625","578.95","591.35","Nov 2017"
"Mon Apr 30 2018 00:00:00 GMT+0530 (India Standard Time)",607.4,"570.975",9,26,52,"581.7375","578.95","592.5","Nov 2017"
"Wed May 02 2018 00:00:00 GMT+0530 (India Standard Time)",612,"577.425",9,26,52,"588.1875","576.5999999999999","598.95","Nov 2017"
"Thu May 03 2018 00:00:00 GMT+0530 (India Standard Time)",609.3,"577.425",9,26,52,"588.1875","572.4","598.95","Nov 2017"
"Fri May 04 2018 00:00:00 GMT+0530 (India Standard Time)",597,"577.95",9,26,52,"588.45","572.4","598.95","Nov 2017"
"Mon May 07 2018 00:00:00 GMT+0530 (India Standard Time)",591.05,"577.95",9,26,52,"590.7","572.4","603.45","Nov 2017"
"Tue May 08 2018 00:00:00 GMT+0530 (India Standard Time)",590.65,"583.9",9,26,52,"593.675","572.4","603.45","Nov 2017"
"Wed May 09 2018 00:00:00 GMT+0530 (India Standard Time)",588,"587.2249999999999",9,26,52,"595.3375","572.4","603.45","Nov 2017"
"Thu May 10 2018 00:00:00 GMT+0530 (India Standard Time)",575.5,"587.2249999999999",9,26,52,"592.2125","572.4","597.2","Nov 2017"
"Fri May 11 2018 00:00:00 GMT+0530 (India Standard Time)",573.7,"587.2249999999999",9,26,52,"590.3625","572.4","593.5","Nov 2017"
"Mon May 14 2018 00:00:00 GMT+0530 (India Standard Time)",578.5,"587.2249999999999",9,26,52,"590.3625","572.4","593.5","Nov 2017"
"Tue May 15 2018 00:00:00 GMT+0530 (India Standard Time)",575.8,"587.2249999999999",9,26,52,"588.1624999999999","572.4","589.1","Nov 2017"
"Wed May 16 2018 00:00:00 GMT+0530 (India Standard Time)",559.9,"583.95",9,26,52,"581.5875000000001","572.4","579.225","Nov 2017"
"Thu May 17 2018 00:00:00 GMT+0530 (India Standard Time)",553.75,"580.3499999999999",9,26,52,"575.3625","572.4","570.375","Nov 2017"
"Fri May 18 2018 00:00:00 GMT+0530 (India Standard Time)",533.05,"575.95",9,26,52,"570.9625000000001","572.4","565.975","Nov 2017"
"Mon May 21 2018 00:00:00 GMT+0530 (India Standard Time)",520.45,"568.95",9,26,52,"562.475","568.95","556","Nov 2017"
"Tue May 22 2018 00:00:00 GMT+0530 (India Standard Time)",524,"564.55",9,26,52,"557.7249999999999","564.55","550.9","Nov 2017"
"Wed May 23 2018 00:00:00 GMT+0530 (India Standard Time)",532.4,"564.55",9,26,52,"557.325","564.55","550.1","Nov 2017"
"Thu May 24 2018 00:00:00 GMT+0530 (India Standard Time)",533.5,"564.55",9,26,52,"557.325","564.55","550.1","Nov 2017"
"Fri May 25 2018 00:00:00 GMT+0530 (India Standard Time)",536.65,"564.55",9,26,52,"557.325","564.55","550.1","Nov 2017"
"Mon May 28 2018 00:00:00 GMT+0530 (India Standard Time)",539.5,"564.55",9,26,52,"552.825","564.55","541.1","Nov 2017"
"Tue May 29 2018 00:00:00 GMT+0530 (India Standard Time)",530.6,"564.55",9,26,52,"550.3","564.55","536.05","Nov 2017"
"Wed May 30 2018 00:00:00 GMT+0530 (India Standard Time)",525.6,"564.55",9,26,52,"550.3","564.55","536.05","Nov 2017"
"Thu May 31 2018 00:00:00 GMT+0530 (India Standard Time)",524.8,"564.55",9,26,52,"550.3","564.55","536.05","Nov 2017"
"Fri Jun 01 2018 00:00:00 GMT+0530 (India Standard Time)",524.5,"564.55",9,26,52,"550.3","564.55","536.05","Nov 2017"
"Mon Jun 04 2018 00:00:00 GMT+0530 (India Standard Time)",520.7,"564.55",9,26,52,"552.25","564.55","539.95","Nov 2017"
"Tue Jun 05 2018 00:00:00 GMT+0530 (India Standard Time)",542.1,"564.55",9,26,52,"548.6374999999999","564.55","532.7249999999999","Nov 2017"
"Wed Jun 06 2018 00:00:00 GMT+0530 (India Standard Time)",538.45,"564.55",9,26,52,"548.6374999999999","564.55","532.7249999999999","Nov 2017"
"Thu Jun 07 2018 00:00:00 GMT+0530 (India Standard Time)",540.7,"560.15",9,26,52,"546.4375","564.55","532.7249999999999","Nov 2017"
"Fri Jun 08 2018 00:00:00 GMT+0530 (India Standard Time)",559.65,"559.825",9,26,52,"549.7","564.55","539.575","Nov 2017"
"Mon Jun 11 2018 00:00:00 GMT+0530 (India Standard Time)",560.8,"554.575",9,26,52,"549.075","564.55","543.575","Nov 2017"
"Tue Jun 12 2018 00:00:00 GMT+0530 (India Standard Time)",567.1,"554.575",9,26,52,"549.825","564.55","545.075","Nov 2017"
"Wed Jun 13 2018 00:00:00 GMT+0530 (India Standard Time)",582.1,"551.6",9,26,52,"553.4625000000001","564.55","555.325","Nov 2017"
"Thu Jun 14 2018 00:00:00 GMT+0530 (India Standard Time)",588.05,"550.9",9,26,52,"553.1125","564.55","555.325","Nov 2017"
"Fri Jun 15 2018 00:00:00 GMT+0530 (India Standard Time)",611.6,"560.875",9,26,52,"563.5","564.55","566.125","Nov 2017"
"Mon Jun 18 2018 00:00:00 GMT+0530 (India Standard Time)",606.5,"563",9,26,52,"569.55","564.55","576.0999999999999","Nov 2017"
"Tue Jun 19 2018 00:00:00 GMT+0530 (India Standard Time)",601.85,"563",9,26,52,"570.5","564.55","578","Nov 2017"
"Wed Jun 20 2018 00:00:00 GMT+0530 (India Standard Time)",602.85,"564.975",9,26,52,"572.8625","564.975","580.75","Nov 2017"
"Thu Jun 21 2018 00:00:00 GMT+0530 (India Standard Time)",603.5,"564.975",9,26,52,"577.925","564.975","590.875","Nov 2017"
"Fri Jun 22 2018 00:00:00 GMT+0530 (India Standard Time)",615.75,"564.975",9,26,52,"578.425","564.975","591.875","Nov 2017"
"Mon Jun 25 2018 00:00:00 GMT+0530 (India Standard Time)",611.4,"564.975",9,26,52,"580.6625","564.975","596.35","Nov 2017"
"Tue Jun 26 2018 00:00:00 GMT+0530 (India Standard Time)",599.5,"564.975",9,26,52,"584.05","564.975","603.125","Nov 2017"
"Wed Jun 27 2018 00:00:00 GMT+0530 (India Standard Time)",602.3,"568.875",9,26,52,"587.575","564.975","606.275","Nov 2017"
"Thu Jun 28 2018 00:00:00 GMT+0530 (India Standard Time)",600.9,"569.95",9,26,52,"588.9125","564.975","607.875","Nov 2017"
"Fri Jun 29 2018 00:00:00 GMT+0530 (India Standard Time)",616.65,"569.95",9,26,52,"588.9125","564.975","607.875","Nov 2017"
"Mon Jul 02 2018 00:00:00 GMT+0530 (India Standard Time)",617,"569.95",9,26,52,"588.9125","564.975","607.875","Nov 2017"
"Tue Jul 03 2018 00:00:00 GMT+0530 (India Standard Time)",640.4,"580.9",9,26,52,"599.8625","575.925","618.825","Nov 2017"
"Wed Jul 04 2018 00:00:00 GMT+0530 (India Standard Time)",628.9,"582.575",9,26,52,"601.5375","577.6","620.5","Nov 2017"
"Thu Jul 05 2018 00:00:00 GMT+0530 (India Standard Time)",626.55,"582.575",9,26,52,"601.5375","577.6","620.5","Nov 2017"
