"date","chikou_span","kijun_sen","parameter_tenkan_Sen","parameter_kijun_Sen","parameter_senkou_Span_B","senkou_span_A","senkou_span_B","tenkan_sen","y"
"Wed Jun 07 2017 00:00:00 GMT+0530 (India Standard Time)",1192.4,"null",9,26,52,"null","null","null","Oct 2017"
"Thu Jun 08 2017 00:00:00 GMT+0530 (India Standard Time)",1182.83,"null",9,26,52,"null","null","null","Oct 2017"
"Fri Jun 09 2017 00:00:00 GMT+0530 (India Standard Time)",1185.47,"null",9,26,52,"null","null","null","Oct 2017"
"Mon Jun 12 2017 00:00:00 GMT+0530 (India Standard Time)",1157.73,"null",9,26,52,"null","null","null","Oct 2017"
"Tue Jun 13 2017 00:00:00 GMT+0530 (India Standard Time)",1159.33,"null",9,26,52,"null","null","null","Oct 2017"
"Wed Jun 14 2017 00:00:00 GMT+0530 (India Standard Time)",1176.3,"null",9,26,52,"null","null","null","Oct 2017"
"Thu Jun 15 2017 00:00:00 GMT+0530 (India Standard Time)",1156.9,"null",9,26,52,"null","null","null","Oct 2017"
"Fri Jun 16 2017 00:00:00 GMT+0530 (India Standard Time)",1151.13,"null",9,26,52,"null","null","null","Oct 2017"
"Mon Jun 19 2017 00:00:00 GMT+0530 (India Standard Time)",1170.53,"null",9,26,52,"null","null","1169.3","Oct 2017"
"Tue Jun 20 2017 00:00:00 GMT+0530 (India Standard Time)",1167,"null",9,26,52,"null","null","1169.3","Oct 2017"
"Wed Jun 21 2017 00:00:00 GMT+0530 (India Standard Time)",1169.47,"null",9,26,52,"null","null","1164.27","Oct 2017"
"Thu Jun 22 2017 00:00:00 GMT+0530 (India Standard Time)",1157.6,"null",9,26,52,"null","null","1163.635","Oct 2017"
"Fri Jun 23 2017 00:00:00 GMT+0530 (India Standard Time)",1148.47,"null",9,26,52,"null","null","1167","Oct 2017"
"Tue Jun 27 2017 00:00:00 GMT+0530 (India Standard Time)",1134.47,"null",9,26,52,"null","null","1155.9650000000001","Oct 2017"
"Wed Jun 28 2017 00:00:00 GMT+0530 (India Standard Time)",1135.5,"null",9,26,52,"null","null","1154.45","Oct 2017"
"Thu Jun 29 2017 00:00:00 GMT+0530 (India Standard Time)",1135.77,"null",9,26,52,"null","null","1154.45","Oct 2017"
"Fri Jun 30 2017 00:00:00 GMT+0530 (India Standard Time)",1125.07,"null",9,26,52,"null","null","1147.7649999999999","Oct 2017"
"Mon Jul 03 2017 00:00:00 GMT+0530 (India Standard Time)",1124.83,"null",9,26,52,"null","null","1147.7649999999999","Oct 2017"
"Tue Jul 04 2017 00:00:00 GMT+0530 (India Standard Time)",1122.23,"null",9,26,52,"null","null","1147.7649999999999","Oct 2017"
"Wed Jul 05 2017 00:00:00 GMT+0530 (India Standard Time)",1130.2,"null",9,26,52,"null","null","1142.3","Oct 2017"
"Thu Jul 06 2017 00:00:00 GMT+0530 (India Standard Time)",1131.73,"null",9,26,52,"null","null","1134.85","Oct 2017"
"Fri Jul 07 2017 00:00:00 GMT+0530 (India Standard Time)",1136.27,"null",9,26,52,"null","null","1133.08","Oct 2017"
"Mon Jul 10 2017 00:00:00 GMT+0530 (India Standard Time)",1154.77,"null",9,26,52,"null","null","1133.4299999999998","Oct 2017"
"Tue Jul 11 2017 00:00:00 GMT+0530 (India Standard Time)",1160.73,"null",9,26,52,"null","null","1137.065","Oct 2017"
"Wed Jul 12 2017 00:00:00 GMT+0530 (India Standard Time)",1159.7,"null",9,26,52,"null","null","1139.33","Oct 2017"
"Thu Jul 13 2017 00:00:00 GMT+0530 (India Standard Time)",1175.1,"1153.4299999999998",9,26,52,"1150.84","null","1148.25","Oct 2017"
"Fri Jul 14 2017 00:00:00 GMT+0530 (India Standard Time)",1171.2,"1153.4299999999998",9,26,52,"1150.965","null","1148.5","Oct 2017"
"Mon Jul 17 2017 00:00:00 GMT+0530 (India Standard Time)",1171.25,"1148.4",9,26,52,"1149.9675","null","1151.5349999999999","Oct 2017"
"Tue Jul 18 2017 00:00:00 GMT+0530 (India Standard Time)",1177.9,"1147.7649999999999",9,26,52,"1152.3325","null","1156.9","Oct 2017"
"Wed Jul 19 2017 00:00:00 GMT+0530 (India Standard Time)",1181.3,"1147.7649999999999",9,26,52,"1152.3325","null","1156.9","Oct 2017"
"Thu Jul 20 2017 00:00:00 GMT+0530 (India Standard Time)",1185.65,"1150.99",9,26,52,"1159.44","null","1167.8899999999999","Oct 2017"
"Fri Jul 21 2017 00:00:00 GMT+0530 (India Standard Time)",1179.25,"1150.99",9,26,52,"1162.44","null","1173.8899999999999","Oct 2017"
"Mon Jul 24 2017 00:00:00 GMT+0530 (India Standard Time)",1178,"1150.99",9,26,52,"1163.3899999999999","null","1175.79","Oct 2017"
"Tue Jul 25 2017 00:00:00 GMT+0530 (India Standard Time)",1170.85,"1150.99",9,26,52,"1163.995","null","1177","Oct 2017"
"Wed Jul 26 2017 00:00:00 GMT+0530 (India Standard Time)",1180.25,"1150.99",9,26,52,"1163.995","null","1177","Oct 2017"
"Thu Jul 27 2017 00:00:00 GMT+0530 (India Standard Time)",1182.05,"1151.2150000000001",9,26,52,"1164.9325000000001","null","1178.65","Oct 2017"
"Fri Jul 28 2017 00:00:00 GMT+0530 (India Standard Time)",1161.4,"1151.2150000000001",9,26,52,"1162.7075","null","1174.2","Oct 2017"
"Mon Jul 31 2017 00:00:00 GMT+0530 (India Standard Time)",1193.95,"1157.5149999999999",9,26,52,"1169.0075","null","1180.5","Oct 2017"
"Tue Aug 01 2017 00:00:00 GMT+0530 (India Standard Time)",1190.05,"1157.5149999999999",9,26,52,"1169.0075","null","1180.5","Oct 2017"
"Wed Aug 02 2017 00:00:00 GMT+0530 (India Standard Time)",1176.8,"1157.5149999999999",9,26,52,"1169.0075","null","1180.5","Oct 2017"
"Thu Aug 03 2017 00:00:00 GMT+0530 (India Standard Time)",1174.75,"1157.5149999999999",9,26,52,"1169.0075","null","1180.5","Oct 2017"
"Fri Aug 04 2017 00:00:00 GMT+0530 (India Standard Time)",1175.85,"1157.5149999999999",9,26,52,"1169.0075","null","1180.5","Oct 2017"
"Mon Aug 07 2017 00:00:00 GMT+0530 (India Standard Time)",1179.95,"1160.75",9,26,52,"1170.625","null","1180.5","Oct 2017"
"Tue Aug 08 2017 00:00:00 GMT+0530 (India Standard Time)",1171.2,"1160.75",9,26,52,"1170.625","null","1180.5","Oct 2017"
"Wed Aug 09 2017 00:00:00 GMT+0530 (India Standard Time)",1153.9,"1163.7849999999999",9,26,52,"1170.7675","null","1177.75","Oct 2017"
"Thu Aug 10 2017 00:00:00 GMT+0530 (India Standard Time)",1157.7,"1167.15",9,26,52,"1170.45","null","1173.75","Oct 2017"
"Fri Aug 11 2017 00:00:00 GMT+0530 (India Standard Time)",1131.95,"1166.35",9,26,52,"1164.0375","null","1161.725","Oct 2017"
"Mon Aug 14 2017 00:00:00 GMT+0530 (India Standard Time)",1146.9,"1163.25",9,26,52,"1159.3375","null","1155.425","Oct 2017"
"Wed Aug 16 2017 00:00:00 GMT+0530 (India Standard Time)",1142.25,"1163.25",9,26,52,"1157.875","null","1152.5","Oct 2017"
"Thu Aug 17 2017 00:00:00 GMT+0530 (India Standard Time)",1134,"1163.25",9,26,52,"1157.875","null","1152.5","Oct 2017"
"Fri Aug 18 2017 00:00:00 GMT+0530 (India Standard Time)",1130.6,"1163.25",9,26,52,"1157.875","null","1152.5","Oct 2017"
"Mon Aug 21 2017 00:00:00 GMT+0530 (India Standard Time)",1127.1,"1163.25",9,26,52,"1157.875","1157.5149999999999","1152.5","Oct 2017"
"Tue Aug 22 2017 00:00:00 GMT+0530 (India Standard Time)",1117.7,"1160.275",9,26,52,"1151.15","1157.5149999999999","1142.025","Oct 2017"
"Wed Aug 23 2017 00:00:00 GMT+0530 (India Standard Time)",1124.15,"1160.275",9,26,52,"1150.125","1157.5149999999999","1139.975","Oct 2017"
"Thu Aug 24 2017 00:00:00 GMT+0530 (India Standard Time)",1131.7,"1160.275",9,26,52,"1147.65","1157.5149999999999","1135.025","Oct 2017"
"Mon Aug 28 2017 00:00:00 GMT+0530 (India Standard Time)",1138.9,"1160.275",9,26,52,"1147.65","1157.5149999999999","1135.025","Oct 2017"
"Tue Aug 29 2017 00:00:00 GMT+0530 (India Standard Time)",1130.05,"1160.275",9,26,52,"1147.65","1157.5149999999999","1135.025","Oct 2017"
"Wed Aug 30 2017 00:00:00 GMT+0530 (India Standard Time)",1139.65,"1160.275",9,26,52,"1147.65","1157.5149999999999","1135.025","Oct 2017"
"Thu Aug 31 2017 00:00:00 GMT+0530 (India Standard Time)",1136.3,"1160.275",9,26,52,"1147.15","1157.5149999999999","1134.025","Oct 2017"
"Fri Sep 01 2017 00:00:00 GMT+0530 (India Standard Time)",1139.2,"1160.275",9,26,52,"1147.15","1157.5149999999999","1134.025","Oct 2017"
"Mon Sep 04 2017 00:00:00 GMT+0530 (India Standard Time)",1130.65,"1160.275",9,26,52,"1147.15","1157.5149999999999","1134.025","Oct 2017"
"Tue Sep 05 2017 00:00:00 GMT+0530 (India Standard Time)",1126.65,"1160.275",9,26,52,"1147.4875000000002","1157.5149999999999","1134.7","Oct 2017"
"Wed Sep 06 2017 00:00:00 GMT+0530 (India Standard Time)",1117.6,"1160.275",9,26,52,"1147.8625000000002","1157.5149999999999","1135.45","Oct 2017"
"Thu Sep 07 2017 00:00:00 GMT+0530 (India Standard Time)",1129.1,"1155.65",9,26,52,"1145.5500000000002","1157.5149999999999","1135.45","Oct 2017"
"Fri Sep 08 2017 00:00:00 GMT+0530 (India Standard Time)",1172.4,"1152.4499999999998",9,26,52,"1150.6999999999998","1157.5149999999999","1148.95","Oct 2017"
"Mon Sep 11 2017 00:00:00 GMT+0530 (India Standard Time)",1217.85,"1169.025",9,26,52,"1169.7375000000002","1166.2649999999999","1170.45","Oct 2017"
"Tue Sep 12 2017 00:00:00 GMT+0530 (India Standard Time)",1230.25,"1173.525",9,26,52,"1174.2375000000002","1170.7649999999999","1174.95","Oct 2017"
"Wed Sep 13 2017 00:00:00 GMT+0530 (India Standard Time)",1223.35,"1173.525",9,26,52,"1174.2375000000002","1170.7649999999999","1174.95","Oct 2017"
"Thu Sep 14 2017 00:00:00 GMT+0530 (India Standard Time)",1214.2,"1173.525",9,26,52,"1174.2375000000002","1173.525","1174.95","Oct 2017"
"Fri Sep 15 2017 00:00:00 GMT+0530 (India Standard Time)",1212.4,"1173.525",9,26,52,"1174.2375000000002","1173.525","1174.95","Oct 2017"
"Mon Sep 18 2017 00:00:00 GMT+0530 (India Standard Time)",1237.95,"1179.525",9,26,52,"1180.2375000000002","1179.525","1180.95","Oct 2017"
"Tue Sep 19 2017 00:00:00 GMT+0530 (India Standard Time)",1225.9,"1179.525",9,26,52,"1180.825","1179.525","1182.125","Oct 2017"
"Wed Sep 20 2017 00:00:00 GMT+0530 (India Standard Time)",1235.95,"1181.775",9,26,52,"1187.025","1181.775","1192.275","Oct 2017"
"Thu Sep 21 2017 00:00:00 GMT+0530 (India Standard Time)",1228.05,"1181.775",9,26,52,"1191.65","1181.775","1201.525","Oct 2017"
"Fri Sep 22 2017 00:00:00 GMT+0530 (India Standard Time)",1184.8,"1181.775",9,26,52,"1197.525","1181.775","1213.275","Oct 2017"
"Mon Sep 25 2017 00:00:00 GMT+0530 (India Standard Time)",1165.2,"1181.775",9,26,52,"1189.7625","1181.775","1197.75","Oct 2017"
"Tue Sep 26 2017 00:00:00 GMT+0530 (India Standard Time)",1162.9,"1181.775",9,26,52,"1189.7625","1181.775","1197.75","Oct 2017"
"Wed Sep 27 2017 00:00:00 GMT+0530 (India Standard Time)",1137.2,"1181.775",9,26,52,"1186.3875","1181.775","1191","Oct 2017"
"Thu Sep 28 2017 00:00:00 GMT+0530 (India Standard Time)",1133.35,"1182.45",9,26,52,"1185.85","1181.775","1189.25","Oct 2017"
"Fri Sep 29 2017 00:00:00 GMT+0530 (India Standard Time)",1142.05,"1183.2",9,26,52,"1186.225","1181.775","1189.25","Oct 2017"
"Tue Oct 03 2017 00:00:00 GMT+0530 (India Standard Time)",1134.9,"1183.2",9,26,52,"1186.225","1181.775","1189.25","Oct 2017"
"Wed Oct 04 2017 00:00:00 GMT+0530 (India Standard Time)",1138.3,"1183.2",9,26,52,"1183.6","1181.775","1184","Oct 2017"
"Thu Oct 05 2017 00:00:00 GMT+0530 (India Standard Time)",1132.05,"1183.2",9,26,52,"1180.8875","1181.775","1178.575","Oct 2017"
"Fri Oct 06 2017 00:00:00 GMT+0530 (India Standard Time)",1141.8,"1183.2",9,26,52,"1170.35","1181.775","1157.5","Oct 2017"
"Mon Oct 09 2017 00:00:00 GMT+0530 (India Standard Time)",1140.95,"1183.2",9,26,52,"1166.825","1181.775","1150.45","Oct 2017"
"Tue Oct 10 2017 00:00:00 GMT+0530 (India Standard Time)",1142.7,"1183.2",9,26,52,"1166.825","1181.775","1150.45","Oct 2017"
"Wed Oct 11 2017 00:00:00 GMT+0530 (India Standard Time)",1133.85,"1183.2",9,26,52,"1163","1181.775","1142.8","Oct 2017"
"Thu Oct 12 2017 00:00:00 GMT+0530 (India Standard Time)",1143.65,"1183.2",9,26,52,"1163","1181.775","1142.8","Oct 2017"
"Fri Oct 13 2017 00:00:00 GMT+0530 (India Standard Time)",1138.65,"1184.375",9,26,52,"1163.5875","1181.775","1142.8","Oct 2017"
"Mon Oct 16 2017 00:00:00 GMT+0530 (India Standard Time)",1144.7,"1188.925",9,26,52,"1165.8625","1181.775","1142.8","Oct 2017"
"Tue Oct 17 2017 00:00:00 GMT+0530 (India Standard Time)",1148.75,"1188.925",9,26,52,"1165.8625","1181.775","1142.8","Oct 2017"
"Wed Oct 18 2017 00:00:00 GMT+0530 (India Standard Time)",1141.4,"1188.925",9,26,52,"1165.8625","1181.775","1142.8","Oct 2017"
"Thu Oct 19 2017 00:00:00 GMT+0530 (India Standard Time)",1139.75,"1188.925",9,26,52,"1165.8625","1181.775","1142.8","Oct 2017"
"Mon Oct 23 2017 00:00:00 GMT+0530 (India Standard Time)",1135.75,"1186.85",9,26,52,"1163.45","1181.775","1140.0500000000002","Oct 2017"
"Tue Oct 24 2017 00:00:00 GMT+0530 (India Standard Time)",1142.55,"1186.85",9,26,52,"1163.45","1181.775","1140.0500000000002","Oct 2017"
"Wed Oct 25 2017 00:00:00 GMT+0530 (India Standard Time)",1204.2,"1186.85",9,26,52,"1177.975","1181.775","1169.1","Oct 2017"
"Thu Oct 26 2017 00:00:00 GMT+0530 (India Standard Time)",1223.5,"1186.85",9,26,52,"1185.1","1181.775","1183.35","Oct 2017"
"Fri Oct 27 2017 00:00:00 GMT+0530 (India Standard Time)",1224.65,"1186.85",9,26,52,"1185.1","1181.775","1183.35","Oct 2017"
"Mon Oct 30 2017 00:00:00 GMT+0530 (India Standard Time)",1236.95,"1183.35",9,26,52,"1183.35","1181.775","1183.35","Oct 2017"
"Tue Oct 31 2017 00:00:00 GMT+0530 (India Standard Time)",1222.3,"1183.35",9,26,52,"1183.35","1181.775","1183.35","Oct 2017"
"Wed Nov 01 2017 00:00:00 GMT+0530 (India Standard Time)",1215.3,"1183.35",9,26,52,"1183.35","1181.775","1183.35","Oct 2017"
"Thu Nov 02 2017 00:00:00 GMT+0530 (India Standard Time)",1210.95,"1183.35",9,26,52,"1183.35","1181.775","1183.35","Oct 2017"
"Fri Nov 03 2017 00:00:00 GMT+0530 (India Standard Time)",1235,"1185.1750000000002",9,26,52,"1185.9","1181.775","1186.625","Oct 2017"
"Mon Nov 06 2017 00:00:00 GMT+0530 (India Standard Time)",1224.7,"1185.1750000000002",9,26,52,"1191.9","1181.775","1198.625","Oct 2017"
"Tue Nov 07 2017 00:00:00 GMT+0530 (India Standard Time)",1211.05,"1185.1750000000002",9,26,52,"1205.15","1182.45","1225.125","Oct 2017"
"Wed Nov 08 2017 00:00:00 GMT+0530 (India Standard Time)",1218.2,"1185.1750000000002",9,26,52,"1205.15","1183.2","1225.125","Oct 2017"
"Thu Nov 09 2017 00:00:00 GMT+0530 (India Standard Time)",1215.9,"1185.1750000000002",9,26,52,"1205.15","1183.2","1225.125","Oct 2017"
"Fri Nov 10 2017 00:00:00 GMT+0530 (India Standard Time)",1264.95,"1199.075",9,26,52,"1219.0500000000002","1195.4250000000002","1239.025","Oct 2017"
"Mon Nov 13 2017 00:00:00 GMT+0530 (India Standard Time)",1240.55,"1199.075",9,26,52,"1219.0500000000002","1195.4250000000002","1239.025","Oct 2017"
"Tue Nov 14 2017 00:00:00 GMT+0530 (India Standard Time)",1210.2,"1199.075",9,26,52,"1219.0500000000002","1195.4250000000002","1239.025","Oct 2017"
"Wed Nov 15 2017 00:00:00 GMT+0530 (India Standard Time)",1209.5,"1199.075",9,26,52,"1219.0500000000002","1195.4250000000002","1239.025","Oct 2017"
"Thu Nov 16 2017 00:00:00 GMT+0530 (India Standard Time)",1219.3,"1199.075",9,26,52,"1219.0500000000002","1195.4250000000002","1239.025","Oct 2017"
"Fri Nov 17 2017 00:00:00 GMT+0530 (India Standard Time)",1222.8,"1199.075",9,26,52,"1219.0500000000002","1195.4250000000002","1239.025","Oct 2017"
"Mon Nov 20 2017 00:00:00 GMT+0530 (India Standard Time)",1229.8,"1199.075",9,26,52,"1219.75","1195.4250000000002","1240.4250000000002","Oct 2017"
"Tue Nov 21 2017 00:00:00 GMT+0530 (India Standard Time)",1222.65,"1199.075",9,26,52,"1219.75","1196.6","1240.4250000000002","Oct 2017"
"Wed Nov 22 2017 00:00:00 GMT+0530 (India Standard Time)",1222.7,"1199.075",9,26,52,"1219.7875","1199.075","1240.5","Oct 2017"
"Thu Nov 23 2017 00:00:00 GMT+0530 (India Standard Time)",1215.95,"1199.075",9,26,52,"1216.0375","1199.075","1233","Oct 2017"
"Fri Nov 24 2017 00:00:00 GMT+0530 (India Standard Time)",1218.5,"1199.075",9,26,52,"1213.0500000000002","1199.075","1227.025","Oct 2017"
"Mon Nov 27 2017 00:00:00 GMT+0530 (India Standard Time)",1224.75,"1199.075",9,26,52,"1213.0500000000002","1199.075","1227.025","Oct 2017"
"Tue Nov 28 2017 00:00:00 GMT+0530 (India Standard Time)",1211.7,"1200.525",9,26,52,"1214.5125","1199.075","1228.5","Oct 2017"
"Wed Nov 29 2017 00:00:00 GMT+0530 (India Standard Time)",1217.85,"1212.525",9,26,52,"1220.5125","1199.075","1228.5","Oct 2017"
"Thu Nov 30 2017 00:00:00 GMT+0530 (India Standard Time)",1216.55,"1239.025",9,26,52,"1233.7625","1199.075","1228.5","Oct 2017"
"Fri Dec 01 2017 00:00:00 GMT+0530 (India Standard Time)",1211.65,"1239.025",9,26,52,"1230.3875","1199.075","1221.75","Oct 2017"
"Mon Dec 04 2017 00:00:00 GMT+0530 (India Standard Time)",1217.5,"1238.375",9,26,52,"1228.3875","1199.075","1218.4","Oct 2017"
"Tue Dec 05 2017 00:00:00 GMT+0530 (India Standard Time)",1209.9,"1233.15",9,26,52,"1223.1625","1199.075","1213.175","Oct 2017"
"Wed Dec 06 2017 00:00:00 GMT+0530 (India Standard Time)",1191.25,"1231.975",9,26,52,"1221.9875","1199.075","1212","Oct 2017"
"Thu Dec 07 2017 00:00:00 GMT+0530 (India Standard Time)",1218.4,"1231.975",9,26,52,"1221.9875","1199.075","1212","Oct 2017"
"Fri Dec 08 2017 00:00:00 GMT+0530 (India Standard Time)",1220.35,"1231.975",9,26,52,"1221.9875","1199.075","1212","Oct 2017"
"Mon Dec 11 2017 00:00:00 GMT+0530 (India Standard Time)",1221.85,"1231.975",9,26,52,"1221.9875","1199.075","1212","Oct 2017"
"Tue Dec 12 2017 00:00:00 GMT+0530 (India Standard Time)",1202.9,"1231.975",9,26,52,"1221.9875","1199.075","1212","Oct 2017"
"Wed Dec 13 2017 00:00:00 GMT+0530 (India Standard Time)",1189.25,"1229.975",9,26,52,"1219.9875","1199.075","1210","Oct 2017"
"Thu Dec 14 2017 00:00:00 GMT+0530 (India Standard Time)",1188.8,"1225.525",9,26,52,"1214.0375","1199.075","1202.55","Oct 2017"
"Fri Dec 15 2017 00:00:00 GMT+0530 (India Standard Time)",1203.55,"1225.525",9,26,52,"1214.0375","1199.075","1202.55","Oct 2017"
"Mon Dec 18 2017 00:00:00 GMT+0530 (India Standard Time)",1217.9,"1217.475",9,26,52,"1209.7375","1199.075","1202","Oct 2017"
"Tue Dec 19 2017 00:00:00 GMT+0530 (India Standard Time)",1219.9,"1211.5",9,26,52,"1206.75","1199.075","1202","Oct 2017"
"Wed Dec 20 2017 00:00:00 GMT+0530 (India Standard Time)",1232.5,"1211.5",9,26,52,"1209.6125","1199.075","1207.725","Oct 2017"
"Thu Dec 21 2017 00:00:00 GMT+0530 (India Standard Time)",1258.8,"1220",9,26,52,"1220","1199.075","1220","Oct 2017"
"Fri Dec 22 2017 00:00:00 GMT+0530 (India Standard Time)",1266.15,"1222.5",9,26,52,"1222.5","1199.075","1222.5","Oct 2017"
"Tue Dec 26 2017 00:00:00 GMT+0530 (India Standard Time)",1269.7,"1225",9,26,52,"1225","1199.1","1225","Oct 2017"
"Wed Dec 27 2017 00:00:00 GMT+0530 (India Standard Time)",1257.85,"1225.475",9,26,52,"1225.475","1199.575","1225.475","Oct 2017"
"Thu Dec 28 2017 00:00:00 GMT+0530 (India Standard Time)",1252.75,"1225.475",9,26,52,"1225.475","1199.575","1225.475","Oct 2017"
"Fri Dec 29 2017 00:00:00 GMT+0530 (India Standard Time)",1258.25,"1225.475",9,26,52,"1225.475","1199.575","1225.475","Oct 2017"
"Mon Jan 01 2018 00:00:00 GMT+0530 (India Standard Time)",1260.7,"1225.475",9,26,52,"1233.975","1199.575","1242.475","Oct 2017"
"Tue Jan 02 2018 00:00:00 GMT+0530 (India Standard Time)",1249.75,"1225.475",9,26,52,"1233.975","1199.575","1242.475","Oct 2017"
"Wed Jan 03 2018 00:00:00 GMT+0530 (India Standard Time)",1275.3,"1229.475",9,26,52,"1244.975","1203.575","1260.475","Oct 2017"
"Thu Jan 04 2018 00:00:00 GMT+0530 (India Standard Time)",1315.7,"1247.5",9,26,52,"1264.4625","1223.05","1281.425","Oct 2017"
"Fri Jan 05 2018 00:00:00 GMT+0530 (India Standard Time)",1314.9,"1251.975",9,26,52,"1268.9375","1239.525","1285.9","Oct 2017"
"Mon Jan 08 2018 00:00:00 GMT+0530 (India Standard Time)",1338.25,"1260.475",9,26,52,"1277.4375","1260.475","1294.4","Oct 2017"
"Tue Jan 09 2018 00:00:00 GMT+0530 (India Standard Time)",1332.75,"1260.475",9,26,52,"1277.4375","1260.475","1294.4","Oct 2017"
"Wed Jan 10 2018 00:00:00 GMT+0530 (India Standard Time)",1323.75,"1260.475",9,26,52,"1277.4375","1260.475","1294.4","Oct 2017"
"Thu Jan 11 2018 00:00:00 GMT+0530 (India Standard Time)",1323.55,"1260.475",9,26,52,"1277.4375","1260.475","1294.4","Oct 2017"
"Fri Jan 12 2018 00:00:00 GMT+0530 (India Standard Time)",1329.15,"1260.475",9,26,52,"1277.4375","1260.475","1294.4","Oct 2017"
"Mon Jan 15 2018 00:00:00 GMT+0530 (India Standard Time)",1325.95,"1263.1",9,26,52,"1282.225","1263.1","1301.35","Oct 2017"
"Tue Jan 16 2018 00:00:00 GMT+0530 (India Standard Time)",1326.2,"1263.1",9,26,52,"1289.375","1263.1","1315.65","Oct 2017"
"Wed Jan 17 2018 00:00:00 GMT+0530 (India Standard Time)",1353.35,"1266",9,26,52,"1299.25","1266","1332.5","Oct 2017"
"Thu Jan 18 2018 00:00:00 GMT+0530 (India Standard Time)",1360.8,"1280",9,26,52,"1313.6875","1280","1347.375","Oct 2017"
"Fri Jan 19 2018 00:00:00 GMT+0530 (India Standard Time)",1371.45,"1280",9,26,52,"1313.6875","1280","1347.375","Oct 2017"
"Mon Jan 22 2018 00:00:00 GMT+0530 (India Standard Time)",1398.85,"1289.325",9,26,52,"1317.875","1289.325","1346.4250000000002","Oct 2017"
"Tue Jan 23 2018 00:00:00 GMT+0530 (India Standard Time)",1410.7,"1295",9,26,52,"1323.55","1295","1352.1","Oct 2017"
"Wed Jan 24 2018 00:00:00 GMT+0530 (India Standard Time)",1401.2,"1312",9,26,52,"1332.05","1295","1352.1","Oct 2017"
"Thu Jan 25 2018 00:00:00 GMT+0530 (India Standard Time)",1416.5,"1318.025",9,26,52,"1338.075","1301.025","1358.125","Oct 2017"
"Mon Jan 29 2018 00:00:00 GMT+0530 (India Standard Time)",1431.95,"1339.325",9,26,52,"1352.375","1308.325","1365.4250000000002","Oct 2017"
"Tue Jan 30 2018 00:00:00 GMT+0530 (India Standard Time)",1429.9,"1342.25",9,26,52,"1353.8375","1308.325","1365.4250000000002","Oct 2017"
"Wed Jan 31 2018 00:00:00 GMT+0530 (India Standard Time)",1416.5,"1342.25",9,26,52,"1353.8375","1308.325","1365.4250000000002","Oct 2017"
"Thu Feb 01 2018 00:00:00 GMT+0530 (India Standard Time)",1455.6,"1356.425",9,26,52,"1368.0124999999998","1322.5","1379.6","Oct 2017"
"Fri Feb 02 2018 00:00:00 GMT+0530 (India Standard Time)",1415.45,"1356.425",9,26,52,"1368.0124999999998","1322.5","1379.6","Oct 2017"
"Mon Feb 05 2018 00:00:00 GMT+0530 (India Standard Time)",1363.65,"1356.425",9,26,52,"1384.4875","1322.5","1412.55","Oct 2017"
"Tue Feb 06 2018 00:00:00 GMT+0530 (India Standard Time)",1353.05,"1356.425",9,26,52,"1369.275","1322.5","1382.125","Oct 2017"
"Wed Feb 07 2018 00:00:00 GMT+0530 (India Standard Time)",1333.75,"1356.425",9,26,52,"1369.275","1322.5","1382.125","Oct 2017"
"Thu Feb 08 2018 00:00:00 GMT+0530 (India Standard Time)",1347.4,"1360.75",9,26,52,"1371.4375","1322.5","1382.125","Oct 2017"
"Fri Feb 09 2018 00:00:00 GMT+0530 (India Standard Time)",1329.25,"1375.05",9,26,52,"1378.5875","1322.5","1382.125","Oct 2017"
"Mon Feb 12 2018 00:00:00 GMT+0530 (India Standard Time)",1350.5,"1379.6",9,26,52,"1380.8625","1322.5","1382.125","Oct 2017"
"Wed Feb 14 2018 00:00:00 GMT+0530 (India Standard Time)",1361.2,"1379.6",9,26,52,"1380.8625","1322.5","1382.125","Oct 2017"
"Thu Feb 15 2018 00:00:00 GMT+0530 (India Standard Time)",1350.35,"1379.6",9,26,52,"1375.3625","1322.5","1371.125","Oct 2017"
"Fri Feb 16 2018 00:00:00 GMT+0530 (India Standard Time)",1328.4,"1379.6",9,26,52,"1363.3625","1322.5","1347.125","Oct 2017"
"Mon Feb 19 2018 00:00:00 GMT+0530 (India Standard Time)",1295.5,"1378.5",9,26,52,"1354.125","1322.5","1329.75","Oct 2017"
"Tue Feb 20 2018 00:00:00 GMT+0530 (India Standard Time)",1290.6,"1378.5",9,26,52,"1354.125","1322.5","1329.75","Oct 2017"
"Wed Feb 21 2018 00:00:00 GMT+0530 (India Standard Time)",1282.8,"1374.5",9,26,52,"1350.125","1322.5","1325.75","Oct 2017"
"Thu Feb 22 2018 00:00:00 GMT+0530 (India Standard Time)",1292,"1373",9,26,52,"1348.625","1322.5","1324.25","Oct 2017"
"Fri Feb 23 2018 00:00:00 GMT+0530 (India Standard Time)",1301.7,"1373",9,26,52,"1348.625","1322.5","1324.25","Oct 2017"
"Mon Feb 26 2018 00:00:00 GMT+0530 (India Standard Time)",1344.25,"1373",9,26,52,"1348.625","1322.5","1324.25","Oct 2017"
"Tue Feb 27 2018 00:00:00 GMT+0530 (India Standard Time)",1338.1,"1373",9,26,52,"1348","1322.5","1323","Oct 2017"
"Wed Feb 28 2018 00:00:00 GMT+0530 (India Standard Time)",1318.15,"1373",9,26,52,"1346.5","1322.5","1320","Oct 2017"
"Thu Mar 01 2018 00:00:00 GMT+0530 (India Standard Time)",1315.2,"1373",9,26,52,"1344.45","1322.5","1315.9","Oct 2017"
"Mon Mar 05 2018 00:00:00 GMT+0530 (India Standard Time)",1300.7,"1373",9,26,52,"1344.45","1322.5","1315.9","Oct 2017"
"Tue Mar 06 2018 00:00:00 GMT+0530 (India Standard Time)",1283.4,"1372.5",9,26,52,"1343.95","1339.5","1315.4","Oct 2017"
"Wed Mar 07 2018 00:00:00 GMT+0530 (India Standard Time)",1263.3,"1365",9,26,52,"1336.45","1339.5","1307.9","Oct 2017"
"Thu Mar 08 2018 00:00:00 GMT+0530 (India Standard Time)",1283.8,"1364.625",9,26,52,"1336.075","1353.5","1307.525","Oct 2017"
"Fri Mar 09 2018 00:00:00 GMT+0530 (India Standard Time)",1290.5,"1364.625",9,26,52,"1336.075","1356.425","1307.525","Oct 2017"
"Mon Mar 12 2018 00:00:00 GMT+0530 (India Standard Time)",1310.05,"1364.625",9,26,52,"1336.075","1356.425","1307.525","Oct 2017"
"Tue Mar 13 2018 00:00:00 GMT+0530 (India Standard Time)",1302.75,"1353.625",9,26,52,"1324.85","1356.425","1296.075","Oct 2017"
"Wed Mar 14 2018 00:00:00 GMT+0530 (India Standard Time)",1303.25,"1329.625",9,26,52,"1312.85","1356.425","1296.075","Oct 2017"
"Thu Mar 15 2018 00:00:00 GMT+0530 (India Standard Time)",1295.1,"1315.875",9,26,52,"1303.4875","1356.425","1291.1","Oct 2017"
"Fri Mar 16 2018 00:00:00 GMT+0530 (India Standard Time)",1269.3,"1315.875",9,26,52,"1303.4875","1356.425","1291.1","Oct 2017"
"Mon Mar 19 2018 00:00:00 GMT+0530 (India Standard Time)",1279.55,"1315.875",9,26,52,"1303.4875","1356.425","1291.1","Oct 2017"
"Tue Mar 20 2018 00:00:00 GMT+0530 (India Standard Time)",1293.5,"1315.875",9,26,52,"1303.4875","1360.75","1291.1","Oct 2017"
"Wed Mar 21 2018 00:00:00 GMT+0530 (India Standard Time)",1309.35,"1315.875",9,26,52,"1303.775","1364.625","1291.6750000000002","Oct 2017"
"Thu Mar 22 2018 00:00:00 GMT+0530 (India Standard Time)",1296.25,"1315.875",9,26,52,"1303.775","1364.625","1291.6750000000002","Oct 2017"
"Fri Mar 23 2018 00:00:00 GMT+0530 (India Standard Time)",1267.9,"1314.625",9,26,52,"1303.15","1364.625","1291.6750000000002","Oct 2017"
"Mon Mar 26 2018 00:00:00 GMT+0530 (India Standard Time)",1297.4,"1311.625",9,26,52,"1301.2625","1364.625","1290.9","Oct 2017"
"Tue Mar 27 2018 00:00:00 GMT+0530 (India Standard Time)",1307.55,"1307.525",9,26,52,"1299.2125","1364.625","1290.9","Oct 2017"
"Wed Mar 28 2018 00:00:00 GMT+0530 (India Standard Time)",1310.9,"1307.525",9,26,52,"1300.1125000000002","1364.625","1292.7","Oct 2017"
"Mon Apr 02 2018 00:00:00 GMT+0530 (India Standard Time)",1335.95,"1307.525",9,26,52,"1304.0125","1364.625","1300.5","Oct 2017"
"Tue Apr 03 2018 00:00:00 GMT+0530 (India Standard Time)",1330.4,"1307.525",9,26,52,"1304.0125","1364.625","1300.5","Oct 2017"
"Wed Apr 04 2018 00:00:00 GMT+0530 (India Standard Time)",1296.15,"1307.525",9,26,52,"1304.0125","1364.625","1300.5","Oct 2017"
"Thu Apr 05 2018 00:00:00 GMT+0530 (India Standard Time)",1328.8,"1307.525",9,26,52,"1304.0125","1364.625","1300.5","Oct 2017"
"Fri Apr 06 2018 00:00:00 GMT+0530 (India Standard Time)",1316.55,"1307.525",9,26,52,"1304.0125","1364.625","1300.5","Oct 2017"
"Mon Apr 09 2018 00:00:00 GMT+0530 (India Standard Time)",1327.9,"1299.375",9,26,52,"1301.5625","1364.625","1303.75","Oct 2017"
"Tue Apr 10 2018 00:00:00 GMT+0530 (India Standard Time)",1349.9,"1307.35",9,26,52,"1315.0875","1364.625","1322.825","Oct 2017"
"Wed Apr 11 2018 00:00:00 GMT+0530 (India Standard Time)",1352.75,"1309.325",9,26,52,"1317.0625","1364.625","1324.8000000000002","Oct 2017"
"Thu Apr 12 2018 00:00:00 GMT+0530 (India Standard Time)",1357.45,"1310.325",9,26,52,"1318.0625","1364.625","1325.8000000000002","Oct 2017"
"Fri Apr 13 2018 00:00:00 GMT+0530 (India Standard Time)",1354.85,"1311.8",9,26,52,"1319.5375","1364.625","1327.275","Oct 2017"
"Mon Apr 16 2018 00:00:00 GMT+0530 (India Standard Time)",1368.1,"1315.625",9,26,52,"1323.3625","1364.625","1331.1","Oct 2017"
"Tue Apr 17 2018 00:00:00 GMT+0530 (India Standard Time)",1359.55,"1319.15",9,26,52,"1330.3500000000001","1364.625","1341.5500000000002","Oct 2017"
"Wed Apr 18 2018 00:00:00 GMT+0530 (India Standard Time)",1360.1,"1319.15",9,26,52,"1330.3500000000001","1364.625","1341.5500000000002","Oct 2017"
"Thu Apr 19 2018 00:00:00 GMT+0530 (India Standard Time)",1385,"1324.25",9,26,52,"1338.6125","1364.625","1352.975","Oct 2017"
"Fri Apr 20 2018 00:00:00 GMT+0530 (India Standard Time)",1365.05,"1324.25",9,26,52,"1341.15","1353.625","1358.05","Oct 2017"
"Mon Apr 23 2018 00:00:00 GMT+0530 (India Standard Time)",1360,"1324.25",9,26,52,"1344.15","1329.625","1364.05","Oct 2017"
"Tue Apr 24 2018 00:00:00 GMT+0530 (India Standard Time)",1378,"1324.25",9,26,52,"1344.3","1323.675","1364.35","Oct 2017"
"Wed Apr 25 2018 00:00:00 GMT+0530 (India Standard Time)",1362.9,"1324.8",9,26,52,"1344.5749999999998","1323.675","1364.35","Oct 2017"
"Thu Apr 26 2018 00:00:00 GMT+0530 (India Standard Time)",1347.2,"1324.8",9,26,52,"1341.9499999999998","1323.675","1359.1","Oct 2017"
"Fri Apr 27 2018 00:00:00 GMT+0530 (India Standard Time)",1377.75,"1324.8",9,26,52,"1341.9499999999998","1323.675","1359.1","Oct 2017"
"Mon Apr 30 2018 00:00:00 GMT+0530 (India Standard Time)",1400.9,"1333.25",9,26,52,"1350.4","1332.125","1367.55","Oct 2017"
"Wed May 02 2018 00:00:00 GMT+0530 (India Standard Time)",1403.15,"1342.625",9,26,52,"1359.775","1341.5","1376.925","Oct 2017"
"Thu May 03 2018 00:00:00 GMT+0530 (India Standard Time)",1377.75,"1345.875",9,26,52,"1361.4","1341.5","1376.925","Oct 2017"
"Fri May 04 2018 00:00:00 GMT+0530 (India Standard Time)",1368.7,"1356.975",9,26,52,"1366.9499999999998","1341.5","1376.925","Oct 2017"
"Mon May 07 2018 00:00:00 GMT+0530 (India Standard Time)",1389.15,"1356.975",9,26,52,"1366.9499999999998","1341.5","1376.925","Oct 2017"
"Tue May 08 2018 00:00:00 GMT+0530 (India Standard Time)",1364.9,"1356.975",9,26,52,"1366.9499999999998","1341.5","1376.925","Oct 2017"
"Wed May 09 2018 00:00:00 GMT+0530 (India Standard Time)",1375.65,"1356.975",9,26,52,"1366.9499999999998","1341.5","1376.925","Oct 2017"
"Thu May 10 2018 00:00:00 GMT+0530 (India Standard Time)",1362.2,"1356.975",9,26,52,"1372.8","1341.5","1388.625","Oct 2017"
"Fri May 11 2018 00:00:00 GMT+0530 (India Standard Time)",1387.4,"1364.475",9,26,52,"1376.9625","1341.5","1389.45","Oct 2017"
"Mon May 14 2018 00:00:00 GMT+0530 (India Standard Time)",1381.75,"1364.475",9,26,52,"1376.9625","1341.5","1389.45","Oct 2017"
"Tue May 15 2018 00:00:00 GMT+0530 (India Standard Time)",1374.2,"1370.8",9,26,52,"1375.8249999999998","1341.5","1380.85","Oct 2017"
"Wed May 16 2018 00:00:00 GMT+0530 (India Standard Time)",1362.35,"1375.875",9,26,52,"1377.475","1341.5","1379.075","Oct 2017"
"Thu May 17 2018 00:00:00 GMT+0530 (India Standard Time)",1355.95,"1376.925",9,26,52,"1376.7125","1341.5","1376.5","Oct 2017"
"Fri May 18 2018 00:00:00 GMT+0530 (India Standard Time)",1315.55,"1367.875",9,26,52,"1362.6875","1341.5","1357.5","Oct 2017"
"Mon May 21 2018 00:00:00 GMT+0530 (India Standard Time)",1313.25,"1367.375",9,26,52,"1362.1875","1341.5","1357","Oct 2017"
"Tue May 22 2018 00:00:00 GMT+0530 (India Standard Time)",1320.15,"1367.375",9,26,52,"1362.1875","1341.5","1357","Oct 2017"
"Wed May 23 2018 00:00:00 GMT+0530 (India Standard Time)",1326.9,"1367.375",9,26,52,"1362.1875","1341.5","1357","Oct 2017"
"Thu May 24 2018 00:00:00 GMT+0530 (India Standard Time)",1338.05,"1367.375",9,26,52,"1362.1875","1342.075","1357","Oct 2017"
"Fri May 25 2018 00:00:00 GMT+0530 (India Standard Time)",1342,"1367.375",9,26,52,"1362.1875","1342.075","1357","Oct 2017"
"Mon May 28 2018 00:00:00 GMT+0530 (India Standard Time)",1376.45,"1367.375",9,26,52,"1357.675","1342.075","1347.975","Oct 2017"
"Tue May 29 2018 00:00:00 GMT+0530 (India Standard Time)",1380.6,"1367.975",9,26,52,"1367.975","1342.6750000000002","1367.975","Oct 2017"
"Wed May 30 2018 00:00:00 GMT+0530 (India Standard Time)",1365.65,"1367.975",9,26,52,"1367.975","1342.6750000000002","1367.975","Oct 2017"
"Thu May 31 2018 00:00:00 GMT+0530 (India Standard Time)",1370.4,"1367.975",9,26,52,"1367.975","1342.6750000000002","1367.975","Oct 2017"
"Fri Jun 01 2018 00:00:00 GMT+0530 (India Standard Time)",1372.4,"1367.975",9,26,52,"1368.975","1343.225","1369.975","Oct 2017"
"Mon Jun 04 2018 00:00:00 GMT+0530 (India Standard Time)",1357.85,"1367.975",9,26,52,"1368.975","1343.225","1369.975","Oct 2017"
"Tue Jun 05 2018 00:00:00 GMT+0530 (India Standard Time)",1333.75,"1367.975",9,26,52,"1371.825","1343.225","1375.6750000000002","Oct 2017"
"Wed Jun 06 2018 00:00:00 GMT+0530 (India Standard Time)",1350.55,"1367.975",9,26,52,"1371.875","1343.225","1375.775","Oct 2017"
"Thu Jun 07 2018 00:00:00 GMT+0530 (India Standard Time)",1355.15,"1367.975",9,26,52,"1371.875","1343.225","1375.775","Oct 2017"
"Fri Jun 08 2018 00:00:00 GMT+0530 (India Standard Time)",1343.95,"1367.975",9,26,52,"1371.875","1346.475","1375.775","Oct 2017"
