"date","chikou_span","kijun_sen","parameter_tenkan_Sen","parameter_kijun_Sen","parameter_senkou_Span_B","senkou_span_A","senkou_span_B","tenkan_sen","y"
"Wed Jun 07 2017 00:00:00 GMT+0530 (India Standard Time)",1154.45,"null",9,26,52,"null","null","null","Oct 2017"
"Thu Jun 08 2017 00:00:00 GMT+0530 (India Standard Time)",1167.7,"null",9,26,52,"null","null","null","Oct 2017"
"Fri Jun 09 2017 00:00:00 GMT+0530 (India Standard Time)",1160.1,"null",9,26,52,"null","null","null","Oct 2017"
"Mon Jun 12 2017 00:00:00 GMT+0530 (India Standard Time)",1160.2,"null",9,26,52,"null","null","null","Oct 2017"
"Tue Jun 13 2017 00:00:00 GMT+0530 (India Standard Time)",1179.7,"null",9,26,52,"null","null","null","Oct 2017"
"Wed Jun 14 2017 00:00:00 GMT+0530 (India Standard Time)",1181,"null",9,26,52,"null","null","null","Oct 2017"
"Thu Jun 15 2017 00:00:00 GMT+0530 (India Standard Time)",1182.35,"null",9,26,52,"null","null","null","Oct 2017"
"Fri Jun 16 2017 00:00:00 GMT+0530 (India Standard Time)",1131.05,"null",9,26,52,"null","null","null","Oct 2017"
"Mon Jun 19 2017 00:00:00 GMT+0530 (India Standard Time)",1131.7,"null",9,26,52,"null","null","1149.275","Oct 2017"
"Tue Jun 20 2017 00:00:00 GMT+0530 (India Standard Time)",1112.85,"null",9,26,52,"null","null","1149.275","Oct 2017"
"Wed Jun 21 2017 00:00:00 GMT+0530 (India Standard Time)",1095,"null",9,26,52,"null","null","1141.5","Oct 2017"
"Thu Jun 22 2017 00:00:00 GMT+0530 (India Standard Time)",1066.95,"null",9,26,52,"null","null","1129","Oct 2017"
"Fri Jun 23 2017 00:00:00 GMT+0530 (India Standard Time)",1060,"null",9,26,52,"null","null","1126.025","Oct 2017"
"Tue Jun 27 2017 00:00:00 GMT+0530 (India Standard Time)",1062.35,"null",9,26,52,"null","null","1120.8","Oct 2017"
"Wed Jun 28 2017 00:00:00 GMT+0530 (India Standard Time)",1064.7,"null",9,26,52,"null","null","1120.8","Oct 2017"
"Thu Jun 29 2017 00:00:00 GMT+0530 (India Standard Time)",1055.6,"null",9,26,52,"null","null","1118.525","Oct 2017"
"Fri Jun 30 2017 00:00:00 GMT+0530 (India Standard Time)",1059.85,"null",9,26,52,"null","null","1094.55","Oct 2017"
"Mon Jul 03 2017 00:00:00 GMT+0530 (India Standard Time)",1054.5,"null",9,26,52,"null","null","1088.75","Oct 2017"
"Tue Jul 04 2017 00:00:00 GMT+0530 (India Standard Time)",1043.9,"null",9,26,52,"null","null","1076","Oct 2017"
"Wed Jul 05 2017 00:00:00 GMT+0530 (India Standard Time)",1084,"null",9,26,52,"null","null","1066.1","Oct 2017"
"Thu Jul 06 2017 00:00:00 GMT+0530 (India Standard Time)",1081.3,"null",9,26,52,"null","null","1072.5","Oct 2017"
"Fri Jul 07 2017 00:00:00 GMT+0530 (India Standard Time)",1117.3,"null",9,26,52,"null","null","1086.6","Oct 2017"
"Mon Jul 10 2017 00:00:00 GMT+0530 (India Standard Time)",1148.85,"null",9,26,52,"null","null","1103.1","Oct 2017"
"Tue Jul 11 2017 00:00:00 GMT+0530 (India Standard Time)",1139.95,"null",9,26,52,"null","null","1103.1","Oct 2017"
"Wed Jul 12 2017 00:00:00 GMT+0530 (India Standard Time)",1140.6,"null",9,26,52,"null","null","1103.1","Oct 2017"
"Thu Jul 13 2017 00:00:00 GMT+0530 (India Standard Time)",1142.05,"1115.1",9,26,52,"1109.1","null","1103.1","Oct 2017"
"Fri Jul 14 2017 00:00:00 GMT+0530 (India Standard Time)",1139.15,"1115.1",9,26,52,"1109.1","null","1103.1","Oct 2017"
"Mon Jul 17 2017 00:00:00 GMT+0530 (India Standard Time)",1146.75,"1115.1",9,26,52,"1109.1","null","1103.1","Oct 2017"
"Tue Jul 18 2017 00:00:00 GMT+0530 (India Standard Time)",1156.35,"1115.1",9,26,52,"1119.1875","null","1123.275","Oct 2017"
"Wed Jul 19 2017 00:00:00 GMT+0530 (India Standard Time)",1172.3,"1115.1",9,26,52,"1122.6375","null","1130.1750000000002","Oct 2017"
"Thu Jul 20 2017 00:00:00 GMT+0530 (India Standard Time)",1166.05,"1115.1",9,26,52,"1135.6625","null","1156.225","Oct 2017"
"Fri Jul 21 2017 00:00:00 GMT+0530 (India Standard Time)",1142.9,"1115.1",9,26,52,"1134.725","null","1154.35","Oct 2017"
"Mon Jul 24 2017 00:00:00 GMT+0530 (India Standard Time)",1141.5,"1112.825",9,26,52,"1133.5875","null","1154.35","Oct 2017"
"Tue Jul 25 2017 00:00:00 GMT+0530 (India Standard Time)",1120.45,"1106.825",9,26,52,"1126.3125","null","1145.8000000000002","Oct 2017"
"Wed Jul 26 2017 00:00:00 GMT+0530 (India Standard Time)",1123.6,"1106.825",9,26,52,"1126.3125","null","1145.8000000000002","Oct 2017"
"Thu Jul 27 2017 00:00:00 GMT+0530 (India Standard Time)",1110.05,"1106.825",9,26,52,"1124.025","null","1141.225","Oct 2017"
"Fri Jul 28 2017 00:00:00 GMT+0530 (India Standard Time)",1063.9,"1106.825",9,26,52,"1111.6125000000002","null","1116.4","Oct 2017"
"Mon Jul 31 2017 00:00:00 GMT+0530 (India Standard Time)",1032,"1103.725",9,26,52,"1103.725","null","1103.725","Oct 2017"
"Tue Aug 01 2017 00:00:00 GMT+0530 (India Standard Time)",1017.9,"1096.775",9,26,52,"1096.4","null","1096.025","Oct 2017"
"Wed Aug 02 2017 00:00:00 GMT+0530 (India Standard Time)",1034.95,"1096.775",9,26,52,"1096.2125","null","1095.65","Oct 2017"
"Thu Aug 03 2017 00:00:00 GMT+0530 (India Standard Time)",993.4,"1081.225",9,26,52,"1080.6625","null","1080.1","Oct 2017"
"Fri Aug 04 2017 00:00:00 GMT+0530 (India Standard Time)",992.8,"1070.225",9,26,52,"1061.35","null","1052.475","Oct 2017"
"Mon Aug 07 2017 00:00:00 GMT+0530 (India Standard Time)",985.05,"1070.225",9,26,52,"1058.925","null","1047.625","Oct 2017"
"Tue Aug 08 2017 00:00:00 GMT+0530 (India Standard Time)",974.5,"1070.225",9,26,52,"1058.925","null","1047.625","Oct 2017"
"Wed Aug 09 2017 00:00:00 GMT+0530 (India Standard Time)",952.95,"1063.725",9,26,52,"1047.125","null","1030.525","Oct 2017"
"Thu Aug 10 2017 00:00:00 GMT+0530 (India Standard Time)",936.7,"1047.5",9,26,52,"1025.6125","null","1003.725","Oct 2017"
"Fri Aug 11 2017 00:00:00 GMT+0530 (India Standard Time)",940.9,"1047.5",9,26,52,"1018.1375","null","988.775","Oct 2017"
"Mon Aug 14 2017 00:00:00 GMT+0530 (India Standard Time)",966.85,"1047.5",9,26,52,"1018.1375","null","988.775","Oct 2017"
"Wed Aug 16 2017 00:00:00 GMT+0530 (India Standard Time)",961,"1047.5",9,26,52,"1018.1375","null","988.775","Oct 2017"
"Thu Aug 17 2017 00:00:00 GMT+0530 (India Standard Time)",953.95,"1047.5",9,26,52,"1004.1375","null","960.775","Oct 2017"
"Fri Aug 18 2017 00:00:00 GMT+0530 (India Standard Time)",938.35,"1047.5",9,26,52,"1004.1375","null","960.775","Oct 2017"
"Mon Aug 21 2017 00:00:00 GMT+0530 (India Standard Time)",923.4,"1047.5",9,26,52,"1001.25","1055.775","955","Oct 2017"
"Tue Aug 22 2017 00:00:00 GMT+0530 (India Standard Time)",944.4,"1047.5",9,26,52,"997.5875","1055.775","947.675","Oct 2017"
"Wed Aug 23 2017 00:00:00 GMT+0530 (India Standard Time)",955.85,"1047.5",9,26,52,"996.65","1055.775","945.8","Oct 2017"
"Thu Aug 24 2017 00:00:00 GMT+0530 (India Standard Time)",992.5,"1047.5",9,26,52,"1003.7","1055.775","959.9","Oct 2017"
"Mon Aug 28 2017 00:00:00 GMT+0530 (India Standard Time)",991.2,"1046.75",9,26,52,"1005.375","1055.775","964","Oct 2017"
"Tue Aug 29 2017 00:00:00 GMT+0530 (India Standard Time)",989.3,"1046.375",9,26,52,"1005.1875","1055.775","964","Oct 2017"
"Wed Aug 30 2017 00:00:00 GMT+0530 (India Standard Time)",988,"1046.375",9,26,52,"1005.1875","1055.775","964","Oct 2017"
"Thu Aug 31 2017 00:00:00 GMT+0530 (India Standard Time)",979.45,"1029.75",9,26,52,"996.875","1053.5","964","Oct 2017"
"Fri Sep 01 2017 00:00:00 GMT+0530 (India Standard Time)",995.55,"1024.9",9,26,52,"994.8000000000001","1047.5","964.7","Oct 2017"
"Mon Sep 04 2017 00:00:00 GMT+0530 (India Standard Time)",997.55,"1024.9",9,26,52,"998.5500000000001","1047.5","972.2","Oct 2017"
"Tue Sep 05 2017 00:00:00 GMT+0530 (India Standard Time)",992.65,"1014.3",9,26,52,"994.75","1047.5","975.2","Oct 2017"
"Wed Sep 06 2017 00:00:00 GMT+0530 (India Standard Time)",971.35,"1003.725",9,26,52,"992.9625000000001","1047.5","982.2","Oct 2017"
"Thu Sep 07 2017 00:00:00 GMT+0530 (India Standard Time)",978.5,"988.775",9,26,52,"988.4875","1047.5","988.2","Oct 2017"
"Fri Sep 08 2017 00:00:00 GMT+0530 (India Standard Time)",969.95,"988.775",9,26,52,"986.7874999999999","1047.5","984.8","Oct 2017"
"Mon Sep 11 2017 00:00:00 GMT+0530 (India Standard Time)",977.3,"988.775",9,26,52,"986.7874999999999","1047.5","984.8","Oct 2017"
"Tue Sep 12 2017 00:00:00 GMT+0530 (India Standard Time)",981.85,"963.4749999999999",9,26,52,"974.1374999999999","1047.5","984.8","Oct 2017"
"Wed Sep 13 2017 00:00:00 GMT+0530 (India Standard Time)",992.4,"963.4749999999999",9,26,52,"974.1374999999999","1047.5","984.8","Oct 2017"
"Thu Sep 14 2017 00:00:00 GMT+0530 (India Standard Time)",1004.2,"967.65",9,26,52,"978.3125","1047.5","988.975","Oct 2017"
"Fri Sep 15 2017 00:00:00 GMT+0530 (India Standard Time)",1009.55,"967.65",9,26,52,"978.3125","1047.5","988.975","Oct 2017"
"Mon Sep 18 2017 00:00:00 GMT+0530 (India Standard Time)",1010.1,"967.65",9,26,52,"978.3125","1047.5","988.975","Oct 2017"
"Tue Sep 19 2017 00:00:00 GMT+0530 (India Standard Time)",1005.2,"970.85",9,26,52,"980.9000000000001","1047.5","990.95","Oct 2017"
"Wed Sep 20 2017 00:00:00 GMT+0530 (India Standard Time)",1002.25,"970.85",9,26,52,"980.9000000000001","1047.5","990.95","Oct 2017"
"Thu Sep 21 2017 00:00:00 GMT+0530 (India Standard Time)",1030.4,"979.95",9,26,52,"991.9875000000001","1047.5","1004.0250000000001","Oct 2017"
"Fri Sep 22 2017 00:00:00 GMT+0530 (India Standard Time)",1014.4,"982.35",9,26,52,"995.85","1047.5","1009.35","Oct 2017"
"Mon Sep 25 2017 00:00:00 GMT+0530 (India Standard Time)",991.7,"982.35",9,26,52,"995.85","1047.5","1009.35","Oct 2017"
"Tue Sep 26 2017 00:00:00 GMT+0530 (India Standard Time)",1006,"982.35",9,26,52,"997.9000000000001","1047.5","1013.45","Oct 2017"
"Wed Sep 27 2017 00:00:00 GMT+0530 (India Standard Time)",1000.35,"989.85",9,26,52,"1001.6500000000001","1047.5","1013.45","Oct 2017"
"Thu Sep 28 2017 00:00:00 GMT+0530 (India Standard Time)",1004.85,"992.85",9,26,52,"1003.1500000000001","1047.5","1013.45","Oct 2017"
"Fri Sep 29 2017 00:00:00 GMT+0530 (India Standard Time)",1014,"999.85",9,26,52,"1006.6500000000001","1047.5","1013.45","Oct 2017"
"Tue Oct 03 2017 00:00:00 GMT+0530 (India Standard Time)",1021.35,"1002.45",9,26,52,"1007.95","1047.5","1013.45","Oct 2017"
"Wed Oct 04 2017 00:00:00 GMT+0530 (India Standard Time)",1027.5,"1002.45",9,26,52,"1007.95","1046.75","1013.45","Oct 2017"
"Thu Oct 05 2017 00:00:00 GMT+0530 (India Standard Time)",1029.2,"1002.45",9,26,52,"1007.95","1046.375","1013.45","Oct 2017"
"Fri Oct 06 2017 00:00:00 GMT+0530 (India Standard Time)",1038.9,"1002.5500000000001",9,26,52,"1008.0500000000001","1046.375","1013.5500000000001","Oct 2017"
"Mon Oct 09 2017 00:00:00 GMT+0530 (India Standard Time)",1039.95,"1004.025",9,26,52,"1012.2249999999999","1029.75","1020.425","Oct 2017"
"Tue Oct 10 2017 00:00:00 GMT+0530 (India Standard Time)",1062,"1015.6",9,26,52,"1024.425","1024.9","1033.25","Oct 2017"
"Wed Oct 11 2017 00:00:00 GMT+0530 (India Standard Time)",1046.05,"1015.6",9,26,52,"1024.55","1024.9","1033.5","Oct 2017"
"Thu Oct 12 2017 00:00:00 GMT+0530 (India Standard Time)",1061.25,"1015.6",9,26,52,"1027.25","1014.3","1038.9","Oct 2017"
"Fri Oct 13 2017 00:00:00 GMT+0530 (India Standard Time)",1062.1,"1015.6",9,26,52,"1029.175","1003.725","1042.75","Oct 2017"
"Mon Oct 16 2017 00:00:00 GMT+0530 (India Standard Time)",1070.3,"1017.6",9,26,52,"1032.2125","996.275","1046.825","Oct 2017"
"Tue Oct 17 2017 00:00:00 GMT+0530 (India Standard Time)",1066.2,"1021.575",9,26,52,"1035.3000000000002","996.275","1049.025","Oct 2017"
"Wed Oct 18 2017 00:00:00 GMT+0530 (India Standard Time)",1049.2,"1024.5",9,26,52,"1037.275","996.275","1050.05","Oct 2017"
"Thu Oct 19 2017 00:00:00 GMT+0530 (India Standard Time)",1051.2,"1024.5",9,26,52,"1039.45","996.275","1054.4","Oct 2017"
"Mon Oct 23 2017 00:00:00 GMT+0530 (India Standard Time)",1038.45,"1028.6",9,26,52,"1040.05","996.275","1051.5","Oct 2017"
"Tue Oct 24 2017 00:00:00 GMT+0530 (India Standard Time)",1026.35,"1028.6",9,26,52,"1038.875","996.275","1049.15","Oct 2017"
"Wed Oct 25 2017 00:00:00 GMT+0530 (India Standard Time)",1003.15,"1028.6",9,26,52,"1032.8249999999998","996.275","1037.05","Oct 2017"
"Thu Oct 26 2017 00:00:00 GMT+0530 (India Standard Time)",993,"1028.6",9,26,52,"1030.625","996.275","1032.65","Oct 2017"
"Fri Oct 27 2017 00:00:00 GMT+0530 (India Standard Time)",1001.1,"1028.6",9,26,52,"1030.625","997.5","1032.65","Oct 2017"
"Mon Oct 30 2017 00:00:00 GMT+0530 (India Standard Time)",1025.95,"1036.1",9,26,52,"1038.125","1005","1040.15","Oct 2017"
"Tue Oct 31 2017 00:00:00 GMT+0530 (India Standard Time)",1028.05,"1036.1",9,26,52,"1038.125","1005","1040.15","Oct 2017"
"Wed Nov 01 2017 00:00:00 GMT+0530 (India Standard Time)",1028.15,"1036.1",9,26,52,"1038.125","1005","1040.15","Oct 2017"
"Thu Nov 02 2017 00:00:00 GMT+0530 (India Standard Time)",1061.3,"1040.15",9,26,52,"1040.15","1005","1040.15","Oct 2017"
"Fri Nov 03 2017 00:00:00 GMT+0530 (India Standard Time)",1047.7,"1040.15",9,26,52,"1040.15","1005","1040.15","Oct 2017"
"Mon Nov 06 2017 00:00:00 GMT+0530 (India Standard Time)",1034.55,"1040.15",9,26,52,"1040.15","1012.5","1040.15","Oct 2017"
"Tue Nov 07 2017 00:00:00 GMT+0530 (India Standard Time)",859.9,"967.725",9,26,52,"967.725","967.725","967.725","Oct 2017"
"Wed Nov 08 2017 00:00:00 GMT+0530 (India Standard Time)",841.25,"963.35",9,26,52,"963.35","963.35","963.35","Oct 2017"
"Thu Nov 09 2017 00:00:00 GMT+0530 (India Standard Time)",830.45,"958.825",9,26,52,"958.825","958.825","958.825","Oct 2017"
"Fri Nov 10 2017 00:00:00 GMT+0530 (India Standard Time)",833.3,"958.825",9,26,52,"953.725","958.825","948.625","Oct 2017"
"Mon Nov 13 2017 00:00:00 GMT+0530 (India Standard Time)",827.15,"956.75",9,26,52,"951.65","956.75","946.55","Oct 2017"
"Tue Nov 14 2017 00:00:00 GMT+0530 (India Standard Time)",835,"956.75",9,26,52,"951.65","956.75","946.55","Oct 2017"
"Wed Nov 15 2017 00:00:00 GMT+0530 (India Standard Time)",823.65,"954.25",9,26,52,"949.15","954.25","944.05","Oct 2017"
"Thu Nov 16 2017 00:00:00 GMT+0530 (India Standard Time)",829,"954.25",9,26,52,"945.675","954.25","937.1","Oct 2017"
"Fri Nov 17 2017 00:00:00 GMT+0530 (India Standard Time)",829.55,"954.25",9,26,52,"942.1375","954.25","930.025","Oct 2017"
"Mon Nov 20 2017 00:00:00 GMT+0530 (India Standard Time)",826.15,"954.25",9,26,52,"902.25","954.25","850.25","Oct 2017"
"Tue Nov 21 2017 00:00:00 GMT+0530 (India Standard Time)",837.45,"954.25",9,26,52,"895.25","954.25","836.25","Oct 2017"
"Wed Nov 22 2017 00:00:00 GMT+0530 (India Standard Time)",827.4,"954.25",9,26,52,"894.125","954.25","834","Oct 2017"
"Thu Nov 23 2017 00:00:00 GMT+0530 (India Standard Time)",827.35,"954.25",9,26,52,"894.125","954.25","834","Oct 2017"
"Fri Nov 24 2017 00:00:00 GMT+0530 (India Standard Time)",829.35,"954.25",9,26,52,"894.125","954.25","834","Oct 2017"
"Mon Nov 27 2017 00:00:00 GMT+0530 (India Standard Time)",831.45,"954.25",9,26,52,"894.125","954.25","834","Oct 2017"
"Tue Nov 28 2017 00:00:00 GMT+0530 (India Standard Time)",832.3,"954.25",9,26,52,"894.5","954.25","834.75","Oct 2017"
"Wed Nov 29 2017 00:00:00 GMT+0530 (India Standard Time)",834.65,"954.25",9,26,52,"895.1625","954.25","836.075","Oct 2017"
"Thu Nov 30 2017 00:00:00 GMT+0530 (India Standard Time)",817.7,"952.5",9,26,52,"892.375","952.5","832.25","Oct 2017"
"Fri Dec 01 2017 00:00:00 GMT+0530 (India Standard Time)",814.2,"950.55",9,26,52,"890.425","950.55","830.3","Oct 2017"
"Mon Dec 04 2017 00:00:00 GMT+0530 (India Standard Time)",814.45,"949.525",9,26,52,"887.4625","949.525","825.4","Oct 2017"
"Tue Dec 05 2017 00:00:00 GMT+0530 (India Standard Time)",808.95,"938.3",9,26,52,"880.875","948.5","823.45","Oct 2017"
"Wed Dec 06 2017 00:00:00 GMT+0530 (India Standard Time)",809.35,"937.925",9,26,52,"880.5","948.125","823.075","Oct 2017"
"Thu Dec 07 2017 00:00:00 GMT+0530 (India Standard Time)",818.9,"937.925",9,26,52,"880.5","948.125","823.075","Oct 2017"
"Fri Dec 08 2017 00:00:00 GMT+0530 (India Standard Time)",822.85,"937.925",9,26,52,"880.5","948.125","823.075","Oct 2017"
"Mon Dec 11 2017 00:00:00 GMT+0530 (India Standard Time)",839.15,"930.975",9,26,52,"877.55","948.125","824.125","Oct 2017"
"Tue Dec 12 2017 00:00:00 GMT+0530 (India Standard Time)",846.8,"923.9",9,26,52,"876.875","948.125","829.85","Oct 2017"
"Wed Dec 13 2017 00:00:00 GMT+0530 (India Standard Time)",845.25,"844.125",9,26,52,"837.625","948.125","831.125","Oct 2017"
"Thu Dec 14 2017 00:00:00 GMT+0530 (India Standard Time)",852.8,"831.125",9,26,52,"831.125","948.125","831.125","Oct 2017"
"Fri Dec 15 2017 00:00:00 GMT+0530 (India Standard Time)",860.3,"837.625",9,26,52,"837.625","948.125","837.625","Oct 2017"
"Mon Dec 18 2017 00:00:00 GMT+0530 (India Standard Time)",867.15,"840.625",9,26,52,"840.625","948.125","840.625","Oct 2017"
"Tue Dec 19 2017 00:00:00 GMT+0530 (India Standard Time)",867.05,"840.625",9,26,52,"841.6625","948.125","842.7","Oct 2017"
"Wed Dec 20 2017 00:00:00 GMT+0530 (India Standard Time)",874.3,"847.525",9,26,52,"848.7125","948.125","849.9","Oct 2017"
"Thu Dec 21 2017 00:00:00 GMT+0530 (India Standard Time)",878.85,"847.525",9,26,52,"852.2249999999999","948.125","856.925","Oct 2017"
"Fri Dec 22 2017 00:00:00 GMT+0530 (India Standard Time)",871.65,"847.525",9,26,52,"855.9625","948.125","864.4","Oct 2017"
"Tue Dec 26 2017 00:00:00 GMT+0530 (India Standard Time)",872.2,"847.525",9,26,52,"856.2249999999999","948.125","864.925","Oct 2017"
"Wed Dec 27 2017 00:00:00 GMT+0530 (India Standard Time)",875.1,"847.525",9,26,52,"856.7375","948.125","865.95","Oct 2017"
"Thu Dec 28 2017 00:00:00 GMT+0530 (India Standard Time)",880.55,"847.625",9,26,52,"856.8375","948.125","866.05","Oct 2017"
"Fri Dec 29 2017 00:00:00 GMT+0530 (India Standard Time)",885.1,"853.075",9,26,52,"862.2875","948.125","871.5","Oct 2017"
"Mon Jan 01 2018 00:00:00 GMT+0530 (India Standard Time)",883.25,"853.075",9,26,52,"866.5375","948.125","880","Oct 2017"
"Tue Jan 02 2018 00:00:00 GMT+0530 (India Standard Time)",875.15,"853.075",9,26,52,"867.2875","948.125","881.5","Oct 2017"
"Wed Jan 03 2018 00:00:00 GMT+0530 (India Standard Time)",878.95,"853.075",9,26,52,"867.6","948.125","882.125","Oct 2017"
"Thu Jan 04 2018 00:00:00 GMT+0530 (India Standard Time)",878.15,"853.075",9,26,52,"867.6","948.125","882.125","Oct 2017"
"Fri Jan 05 2018 00:00:00 GMT+0530 (India Standard Time)",900.15,"855.325",9,26,52,"869.85","948.125","884.375","Oct 2017"
"Mon Jan 08 2018 00:00:00 GMT+0530 (India Standard Time)",923.3,"866.625",9,26,52,"882.5625","948.125","898.5","Oct 2017"
"Tue Jan 09 2018 00:00:00 GMT+0530 (India Standard Time)",923.25,"869.375",9,26,52,"885.325","948.125","901.275","Oct 2017"
"Wed Jan 10 2018 00:00:00 GMT+0530 (India Standard Time)",925.8,"869.625",9,26,52,"885.575","948.125","901.525","Oct 2017"
"Thu Jan 11 2018 00:00:00 GMT+0530 (India Standard Time)",929.2,"870.6",9,26,52,"886.55","937.925","902.5","Oct 2017"
"Fri Jan 12 2018 00:00:00 GMT+0530 (India Standard Time)",919.1,"873.7",9,26,52,"888.6125","937.925","903.525","Oct 2017"
"Mon Jan 15 2018 00:00:00 GMT+0530 (India Standard Time)",916.55,"874",9,26,52,"888.7625","937.925","903.525","Oct 2017"
"Tue Jan 16 2018 00:00:00 GMT+0530 (India Standard Time)",906.75,"881.025",9,26,52,"892.275","937.925","903.525","Oct 2017"
"Wed Jan 17 2018 00:00:00 GMT+0530 (India Standard Time)",919.35,"888.5",9,26,52,"897.5","930.975","906.5","Oct 2017"
"Thu Jan 18 2018 00:00:00 GMT+0530 (India Standard Time)",921.05,"889.025",9,26,52,"902.375","923.9","915.725","Oct 2017"
"Fri Jan 19 2018 00:00:00 GMT+0530 (India Standard Time)",924.1,"890.05",9,26,52,"902.8875","871.625","915.725","Oct 2017"
"Mon Jan 22 2018 00:00:00 GMT+0530 (India Standard Time)",930.05,"890.05",9,26,52,"902.8875","871.625","915.725","Oct 2017"
"Tue Jan 23 2018 00:00:00 GMT+0530 (India Standard Time)",937.35,"892.25",9,26,52,"905.0875","873.825","917.925","Oct 2017"
"Wed Jan 24 2018 00:00:00 GMT+0530 (India Standard Time)",959.05,"911.05",9,26,52,"919.6375","884.125","928.225","Oct 2017"
"Thu Jan 25 2018 00:00:00 GMT+0530 (India Standard Time)",949.65,"916.55",9,26,52,"924.3875","888.125","932.225","Oct 2017"
"Mon Jan 29 2018 00:00:00 GMT+0530 (India Standard Time)",912.2,"917.175",9,26,52,"924.7","888.125","932.225","Oct 2017"
"Tue Jan 30 2018 00:00:00 GMT+0530 (India Standard Time)",902.75,"917.175",9,26,52,"924.7","888.125","932.225","Oct 2017"
"Wed Jan 31 2018 00:00:00 GMT+0530 (India Standard Time)",883.75,"917.175",9,26,52,"920.0875","888.125","923","Oct 2017"
"Thu Feb 01 2018 00:00:00 GMT+0530 (India Standard Time)",860.4,"911.1",9,26,52,"911.1","888.125","911.1","Oct 2017"
"Fri Feb 02 2018 00:00:00 GMT+0530 (India Standard Time)",847,"907.5",9,26,52,"907.5","888.125","907.5","Oct 2017"
"Mon Feb 05 2018 00:00:00 GMT+0530 (India Standard Time)",849.1,"902",9,26,52,"902","888.125","902","Oct 2017"
"Tue Feb 06 2018 00:00:00 GMT+0530 (India Standard Time)",800.9,"879.7",9,26,52,"879.7","879.7","879.7","Oct 2017"
"Wed Feb 07 2018 00:00:00 GMT+0530 (India Standard Time)",806.05,"875.9",9,26,52,"875.9","875.9","875.9","Oct 2017"
"Thu Feb 08 2018 00:00:00 GMT+0530 (India Standard Time)",812.45,"875.9",9,26,52,"871.9","875.9","867.9","Oct 2017"
"Fri Feb 09 2018 00:00:00 GMT+0530 (India Standard Time)",822.15,"875.9",9,26,52,"861.7874999999999","875.9","847.675","Oct 2017"
"Mon Feb 12 2018 00:00:00 GMT+0530 (India Standard Time)",840.45,"875.9",9,26,52,"858.825","875.9","841.75","Oct 2017"
"Wed Feb 14 2018 00:00:00 GMT+0530 (India Standard Time)",827.6,"875.9",9,26,52,"854.9625","875.9","834.025","Oct 2017"
"Thu Feb 15 2018 00:00:00 GMT+0530 (India Standard Time)",822.3,"875.9",9,26,52,"853.025","875.9","830.15","Oct 2017"
"Fri Feb 16 2018 00:00:00 GMT+0530 (India Standard Time)",825.1,"875.9",9,26,52,"847.775","875.9","819.65","Oct 2017"
"Mon Feb 19 2018 00:00:00 GMT+0530 (India Standard Time)",814.4,"875.9",9,26,52,"845.3125","875.9","814.7249999999999","Oct 2017"
"Tue Feb 20 2018 00:00:00 GMT+0530 (India Standard Time)",815.8,"875.9",9,26,52,"845.3125","875.9","814.7249999999999","Oct 2017"
"Wed Feb 21 2018 00:00:00 GMT+0530 (India Standard Time)",813.95,"875.9",9,26,52,"849.6125","875.9","823.325","Oct 2017"
"Thu Feb 22 2018 00:00:00 GMT+0530 (India Standard Time)",800.05,"875.9",9,26,52,"848.925","875.9","821.95","Oct 2017"
"Fri Feb 23 2018 00:00:00 GMT+0530 (India Standard Time)",807.5,"875.9",9,26,52,"848.925","875.9","821.95","Oct 2017"
"Mon Feb 26 2018 00:00:00 GMT+0530 (India Standard Time)",821.3,"875.9",9,26,52,"848.925","875.9","821.95","Oct 2017"
"Tue Feb 27 2018 00:00:00 GMT+0530 (India Standard Time)",826.3,"875.9",9,26,52,"845.7625","875.9","815.625","Oct 2017"
"Wed Feb 28 2018 00:00:00 GMT+0530 (India Standard Time)",819.95,"875.9",9,26,52,"845.7625","875.9","815.625","Oct 2017"
"Thu Mar 01 2018 00:00:00 GMT+0530 (India Standard Time)",803.9,"875.9",9,26,52,"845.7625","875.9","815.625","Oct 2017"
"Mon Mar 05 2018 00:00:00 GMT+0530 (India Standard Time)",790.15,"875.9",9,26,52,"843.0625","875.9","810.225","Oct 2017"
"Tue Mar 06 2018 00:00:00 GMT+0530 (India Standard Time)",773.4,"869.2",9,26,52,"834.5625","869.2","799.925","Oct 2017"
"Wed Mar 07 2018 00:00:00 GMT+0530 (India Standard Time)",761.75,"855",9,26,52,"824.3625","863","793.725","Oct 2017"
"Thu Mar 08 2018 00:00:00 GMT+0530 (India Standard Time)",771.15,"831.8499999999999",9,26,52,"811.3249999999999","860.075","790.8","Oct 2017"
"Fri Mar 09 2018 00:00:00 GMT+0530 (India Standard Time)",764.5,"825.925",9,26,52,"808.3625","860.075","790.8","Oct 2017"
"Mon Mar 12 2018 00:00:00 GMT+0530 (India Standard Time)",769.8,"818.2",9,26,52,"804.5","860.075","790.8","Oct 2017"
"Tue Mar 13 2018 00:00:00 GMT+0530 (India Standard Time)",780.6,"814.325",9,26,52,"801.925","860.075","789.525","Oct 2017"
"Wed Mar 14 2018 00:00:00 GMT+0530 (India Standard Time)",781.55,"803.825",9,26,52,"795.5125","860.075","787.2","Oct 2017"
"Thu Mar 15 2018 00:00:00 GMT+0530 (India Standard Time)",776.65,"798.9",9,26,52,"788.4875","860.075","778.075","Oct 2017"
"Fri Mar 16 2018 00:00:00 GMT+0530 (India Standard Time)",761.85,"798.9",9,26,52,"785.7375","860.075","772.575","Oct 2017"
"Mon Mar 19 2018 00:00:00 GMT+0530 (India Standard Time)",766.6,"798.9",9,26,52,"784.9875","860.075","771.075","Oct 2017"
"Tue Mar 20 2018 00:00:00 GMT+0530 (India Standard Time)",771.75,"798.9",9,26,52,"784.9875","860.075","771.075","Oct 2017"
"Wed Mar 21 2018 00:00:00 GMT+0530 (India Standard Time)",767.85,"798.9",9,26,52,"786.7625","860.075","774.625","Oct 2017"
"Thu Mar 22 2018 00:00:00 GMT+0530 (India Standard Time)",758.5,"798.9",9,26,52,"786.7","860.075","774.5","Oct 2017"
"Fri Mar 23 2018 00:00:00 GMT+0530 (India Standard Time)",734.5,"783.225",9,26,52,"772.475","850.725","761.725","Oct 2017"
"Mon Mar 26 2018 00:00:00 GMT+0530 (India Standard Time)",740.15,"781.05",9,26,52,"770.3","848.55","759.55","Oct 2017"
"Tue Mar 27 2018 00:00:00 GMT+0530 (India Standard Time)",748.75,"781.05",9,26,52,"770.3","848.55","759.55","Oct 2017"
"Wed Mar 28 2018 00:00:00 GMT+0530 (India Standard Time)",735.85,"779.2750000000001",9,26,52,"767.3875","848.55","755.5","Oct 2017"
"Mon Apr 02 2018 00:00:00 GMT+0530 (India Standard Time)",777.1,"779.2750000000001",9,26,52,"766.4125","848.55","753.55","Oct 2017"
"Tue Apr 03 2018 00:00:00 GMT+0530 (India Standard Time)",788.5,"779.2750000000001",9,26,52,"771.1625","848.55","763.05","Oct 2017"
"Wed Apr 04 2018 00:00:00 GMT+0530 (India Standard Time)",775.2,"779.2750000000001",9,26,52,"771.1625","848.55","763.05","Oct 2017"
"Thu Apr 05 2018 00:00:00 GMT+0530 (India Standard Time)",786.7,"779.2750000000001",9,26,52,"771.1625","848.55","763.05","Oct 2017"
"Fri Apr 06 2018 00:00:00 GMT+0530 (India Standard Time)",809.05,"784.95",9,26,52,"784.95","848.55","784.95","Oct 2017"
"Mon Apr 09 2018 00:00:00 GMT+0530 (India Standard Time)",793.85,"784.95",9,26,52,"784.95","848.55","784.95","Oct 2017"
"Tue Apr 10 2018 00:00:00 GMT+0530 (India Standard Time)",789.7,"784.95",9,26,52,"786.3875","848.55","787.825","Oct 2017"
"Wed Apr 11 2018 00:00:00 GMT+0530 (India Standard Time)",789.65,"784.95",9,26,52,"786.3875","848.55","787.825","Oct 2017"
"Thu Apr 12 2018 00:00:00 GMT+0530 (India Standard Time)",773.35,"784.95",9,26,52,"788.175","848.55","791.4","Oct 2017"
"Fri Apr 13 2018 00:00:00 GMT+0530 (India Standard Time)",779.85,"784.95",9,26,52,"794.7625","848.55","804.575","Oct 2017"
"Mon Apr 16 2018 00:00:00 GMT+0530 (India Standard Time)",794.4,"784.95",9,26,52,"795.875","840.55","806.8","Oct 2017"
"Tue Apr 17 2018 00:00:00 GMT+0530 (India Standard Time)",805.05,"784.95",9,26,52,"795.875","820.325","806.8","Oct 2017"
"Wed Apr 18 2018 00:00:00 GMT+0530 (India Standard Time)",790.55,"784.95",9,26,52,"795.875","814.4000000000001","806.8","Oct 2017"
"Thu Apr 19 2018 00:00:00 GMT+0530 (India Standard Time)",790.35,"784.95",9,26,52,"789.725","806.675","794.5","Oct 2017"
"Fri Apr 20 2018 00:00:00 GMT+0530 (India Standard Time)",799.9,"784.95",9,26,52,"788.4375","802.8","791.925","Oct 2017"
"Mon Apr 23 2018 00:00:00 GMT+0530 (India Standard Time)",811.85,"784.95",9,26,52,"789.65","792.3","794.3499999999999","Oct 2017"
"Tue Apr 24 2018 00:00:00 GMT+0530 (India Standard Time)",819.75,"784.95",9,26,52,"793.4125","787.375","801.875","Oct 2017"
"Wed Apr 25 2018 00:00:00 GMT+0530 (India Standard Time)",814.7,"784.95",9,26,52,"793.4125","787.375","801.875","Oct 2017"
"Thu Apr 26 2018 00:00:00 GMT+0530 (India Standard Time)",792.7,"784.95",9,26,52,"793.4125","787.375","801.875","Oct 2017"
"Fri Apr 27 2018 00:00:00 GMT+0530 (India Standard Time)",801.45,"784.95",9,26,52,"796.4625000000001","787.375","807.975","Oct 2017"
"Mon Apr 30 2018 00:00:00 GMT+0530 (India Standard Time)",811.55,"784.95",9,26,52,"796.4625000000001","787.375","807.975","Oct 2017"
"Wed May 02 2018 00:00:00 GMT+0530 (India Standard Time)",800.55,"784.95",9,26,52,"796.4625000000001","787.375","807.975","Oct 2017"
"Thu May 03 2018 00:00:00 GMT+0530 (India Standard Time)",797.95,"784.95",9,26,52,"796.9875000000001","784.95","809.0250000000001","Oct 2017"
"Fri May 04 2018 00:00:00 GMT+0530 (India Standard Time)",795.6,"787.825",9,26,52,"798.4625000000001","784.95","809.1","Oct 2017"
"Mon May 07 2018 00:00:00 GMT+0530 (India Standard Time)",773.9,"787.825",9,26,52,"792.9000000000001","784.95","797.975","Oct 2017"
"Tue May 08 2018 00:00:00 GMT+0530 (India Standard Time)",774.85,"791.4",9,26,52,"792.7","784.95","794","Oct 2017"
"Wed May 09 2018 00:00:00 GMT+0530 (India Standard Time)",762.15,"800.95",9,26,52,"795.2375000000001","784.95","789.5250000000001","Oct 2017"
"Thu May 10 2018 00:00:00 GMT+0530 (India Standard Time)",755.55,"796.9749999999999",9,26,52,"791.25","784.95","785.525","Oct 2017"
"Fri May 11 2018 00:00:00 GMT+0530 (India Standard Time)",752.45,"793.175",9,26,52,"787.4499999999999","784.95","781.7249999999999","Oct 2017"
"Mon May 14 2018 00:00:00 GMT+0530 (India Standard Time)",754.2,"793.175",9,26,52,"787.3375","784.95","781.5","Oct 2017"
"Tue May 15 2018 00:00:00 GMT+0530 (India Standard Time)",750.8,"778.3",9,26,52,"771.375","783.2249999999999","764.45","Oct 2017"
"Wed May 16 2018 00:00:00 GMT+0530 (India Standard Time)",766.5,"778.3",9,26,52,"771.375","783.2249999999999","764.45","Oct 2017"
"Thu May 17 2018 00:00:00 GMT+0530 (India Standard Time)",762.95,"778.3",9,26,52,"766.8125","783.2249999999999","755.325","Oct 2017"
"Fri May 18 2018 00:00:00 GMT+0530 (India Standard Time)",743.7,"778.3",9,26,52,"766.7624999999999","783.2249999999999","755.2249999999999","Oct 2017"
"Mon May 21 2018 00:00:00 GMT+0530 (India Standard Time)",736.25,"778.3",9,26,52,"764.9375","783.2249999999999","751.575","Oct 2017"
"Tue May 22 2018 00:00:00 GMT+0530 (India Standard Time)",740.1,"778.3",9,26,52,"764.3125","783.2249999999999","750.325","Oct 2017"
"Wed May 23 2018 00:00:00 GMT+0530 (India Standard Time)",734.9,"778.3",9,26,52,"764.3125","783.2249999999999","750.325","Oct 2017"
"Thu May 24 2018 00:00:00 GMT+0530 (India Standard Time)",742.35,"778.3",9,26,52,"764.3125","783.2249999999999","750.325","Oct 2017"
"Fri May 25 2018 00:00:00 GMT+0530 (India Standard Time)",745.6,"778.3",9,26,52,"763.3125","783.2249999999999","748.325","Oct 2017"
"Mon May 28 2018 00:00:00 GMT+0530 (India Standard Time)",782.5,"778.3",9,26,52,"766.9375","783.2249999999999","755.575","Oct 2017"
"Tue May 29 2018 00:00:00 GMT+0530 (India Standard Time)",781.05,"778.3",9,26,52,"770.175","783.2249999999999","762.05","Oct 2017"
"Wed May 30 2018 00:00:00 GMT+0530 (India Standard Time)",779.2,"778.3",9,26,52,"770.175","783.2249999999999","762.05","Oct 2017"
"Thu May 31 2018 00:00:00 GMT+0530 (India Standard Time)",770.35,"774.325",9,26,52,"768.1875","783.2249999999999","762.05","Oct 2017"
"Fri Jun 01 2018 00:00:00 GMT+0530 (India Standard Time)",764.45,"771.8",9,26,52,"766.925","783.2249999999999","762.05","Oct 2017"
"Mon Jun 04 2018 00:00:00 GMT+0530 (India Standard Time)",773.95,"771.775",9,26,52,"768.0875","783.2249999999999","764.4","Oct 2017"
"Tue Jun 05 2018 00:00:00 GMT+0530 (India Standard Time)",760.25,"771.775",9,26,52,"768.0875","783.2249999999999","764.4","Oct 2017"
"Wed Jun 06 2018 00:00:00 GMT+0530 (India Standard Time)",770.05,"771.55",9,26,52,"768.775","783.2249999999999","766","Oct 2017"
"Thu Jun 07 2018 00:00:00 GMT+0530 (India Standard Time)",767.35,"764.45",9,26,52,"768.225","783.2249999999999","772","Oct 2017"
"Fri Jun 08 2018 00:00:00 GMT+0530 (India Standard Time)",810.05,"773.825",9,26,52,"779.1875","783.2249999999999","784.55","Oct 2017"
