"date","rsi","middle","overbought","oversold"
"Fri Jul 21 2017 00:00:00 GMT+0530 (India Standard Time)",76.9379844961242,50,70,30
"Mon Jul 24 2017 00:00:00 GMT+0530 (India Standard Time)",85.0905936777179,50,70,30
"Tue Jul 25 2017 00:00:00 GMT+0530 (India Standard Time)",86.9585235526044,50,70,30
"Wed Jul 26 2017 00:00:00 GMT+0530 (India Standard Time)",88.6056855860788,50,70,30
"Thu Jul 27 2017 00:00:00 GMT+0530 (India Standard Time)",85.6218364540788,50,70,30
"Fri Jul 28 2017 00:00:00 GMT+0530 (India Standard Time)",88.3066935767395,50,70,30
"Mon Jul 31 2017 00:00:00 GMT+0530 (India Standard Time)",88.4218301976372,50,70,30
"Tue Aug 01 2017 00:00:00 GMT+0530 (India Standard Time)",92.8242101800362,50,70,30
"Wed Aug 02 2017 00:00:00 GMT+0530 (India Standard Time)",94.8475281299991,50,70,30
"Thu Aug 03 2017 00:00:00 GMT+0530 (India Standard Time)",80.7204455915156,50,70,30
"Fri Aug 04 2017 00:00:00 GMT+0530 (India Standard Time)",78.3049997849795,50,70,30
"Mon Aug 07 2017 00:00:00 GMT+0530 (India Standard Time)",84.2202916554066,50,70,30
"Tue Aug 08 2017 00:00:00 GMT+0530 (India Standard Time)",84.5715572522029,50,70,30
"Wed Aug 09 2017 00:00:00 GMT+0530 (India Standard Time)",46.4782465827141,50,70,30
"Thu Aug 10 2017 00:00:00 GMT+0530 (India Standard Time)",34.5943606428181,50,70,30
"Fri Aug 11 2017 00:00:00 GMT+0530 (India Standard Time)",32.2180872365736,50,70,30
"Mon Aug 14 2017 00:00:00 GMT+0530 (India Standard Time)",50.4369515913248,50,70,30
"Wed Aug 16 2017 00:00:00 GMT+0530 (India Standard Time)",51.9332280062678,50,70,30
"Thu Aug 17 2017 00:00:00 GMT+0530 (India Standard Time)",42.818333137067,50,70,30
"Fri Aug 18 2017 00:00:00 GMT+0530 (India Standard Time)",39.7904387297213,50,70,30
"Mon Aug 21 2017 00:00:00 GMT+0530 (India Standard Time)",31.3363092982129,50,70,30
"Tue Aug 22 2017 00:00:00 GMT+0530 (India Standard Time)",31.1130660811709,50,70,30
"Wed Aug 23 2017 00:00:00 GMT+0530 (India Standard Time)",45.1621783948681,50,70,30
"Thu Aug 24 2017 00:00:00 GMT+0530 (India Standard Time)",40.1590980812136,50,70,30
"Mon Aug 28 2017 00:00:00 GMT+0530 (India Standard Time)",49.8139308152881,50,70,30
"Tue Aug 29 2017 00:00:00 GMT+0530 (India Standard Time)",45.0824699736554,50,70,30
"Wed Aug 30 2017 00:00:00 GMT+0530 (India Standard Time)",52.9939311347833,50,70,30
"Thu Aug 31 2017 00:00:00 GMT+0530 (India Standard Time)",56.5750840151203,50,70,30
"Fri Sep 01 2017 00:00:00 GMT+0530 (India Standard Time)",58.7829773370071,50,70,30
"Mon Sep 04 2017 00:00:00 GMT+0530 (India Standard Time)",45.1358780409147,50,70,30
"Tue Sep 05 2017 00:00:00 GMT+0530 (India Standard Time)",52.0949092869014,50,70,30
"Wed Sep 06 2017 00:00:00 GMT+0530 (India Standard Time)",45.6578628728818,50,70,30
"Thu Sep 07 2017 00:00:00 GMT+0530 (India Standard Time)",49.3060880637422,50,70,30
"Fri Sep 08 2017 00:00:00 GMT+0530 (India Standard Time)",46.8414681112433,50,70,30
"Mon Sep 11 2017 00:00:00 GMT+0530 (India Standard Time)",46.0302624823701,50,70,30
"Tue Sep 12 2017 00:00:00 GMT+0530 (India Standard Time)",52.4255642860328,50,70,30
"Wed Sep 13 2017 00:00:00 GMT+0530 (India Standard Time)",54.0390657881582,50,70,30
"Thu Sep 14 2017 00:00:00 GMT+0530 (India Standard Time)",70.1479506234275,50,70,30
"Fri Sep 15 2017 00:00:00 GMT+0530 (India Standard Time)",71.9247205274528,50,70,30
"Mon Sep 18 2017 00:00:00 GMT+0530 (India Standard Time)",70.8565427084156,50,70,30
"Tue Sep 19 2017 00:00:00 GMT+0530 (India Standard Time)",73.1093533657725,50,70,30
"Wed Sep 20 2017 00:00:00 GMT+0530 (India Standard Time)",75.8507423505387,50,70,30
"Thu Sep 21 2017 00:00:00 GMT+0530 (India Standard Time)",76.3475692224491,50,70,30
"Fri Sep 22 2017 00:00:00 GMT+0530 (India Standard Time)",53.4913179168237,50,70,30
"Mon Sep 25 2017 00:00:00 GMT+0530 (India Standard Time)",36.101793926076,50,70,30
"Tue Sep 26 2017 00:00:00 GMT+0530 (India Standard Time)",39.5354964613062,50,70,30
"Wed Sep 27 2017 00:00:00 GMT+0530 (India Standard Time)",24.9056727747742,50,70,30
"Thu Sep 28 2017 00:00:00 GMT+0530 (India Standard Time)",24.6137452780054,50,70,30
"Fri Sep 29 2017 00:00:00 GMT+0530 (India Standard Time)",33.1167054244453,50,70,30
"Tue Oct 03 2017 00:00:00 GMT+0530 (India Standard Time)",43.9109220606367,50,70,30
"Wed Oct 04 2017 00:00:00 GMT+0530 (India Standard Time)",49.2790297845782,50,70,30
"Thu Oct 05 2017 00:00:00 GMT+0530 (India Standard Time)",46.9805036309119,50,70,30
"Fri Oct 06 2017 00:00:00 GMT+0530 (India Standard Time)",51.9326362844345,50,70,30
"Mon Oct 09 2017 00:00:00 GMT+0530 (India Standard Time)",57.9521762891654,50,70,30
"Tue Oct 10 2017 00:00:00 GMT+0530 (India Standard Time)",61.8539414128369,50,70,30
"Wed Oct 11 2017 00:00:00 GMT+0530 (India Standard Time)",61.9831617730707,50,70,30
"Thu Oct 12 2017 00:00:00 GMT+0530 (India Standard Time)",69.9194687434624,50,70,30
"Fri Oct 13 2017 00:00:00 GMT+0530 (India Standard Time)",74.0815300313542,50,70,30
"Mon Oct 16 2017 00:00:00 GMT+0530 (India Standard Time)",70.5760788503831,50,70,30
"Tue Oct 17 2017 00:00:00 GMT+0530 (India Standard Time)",70.6333424144185,50,70,30
"Wed Oct 18 2017 00:00:00 GMT+0530 (India Standard Time)",70.6991394169695,50,70,30
"Thu Oct 19 2017 00:00:00 GMT+0530 (India Standard Time)",55.0455371217305,50,70,30
"Mon Oct 23 2017 00:00:00 GMT+0530 (India Standard Time)",64.39087717708,50,70,30
"Tue Oct 24 2017 00:00:00 GMT+0530 (India Standard Time)",62.1481876800015,50,70,30
"Wed Oct 25 2017 00:00:00 GMT+0530 (India Standard Time)",73.6653054352187,50,70,30
"Thu Oct 26 2017 00:00:00 GMT+0530 (India Standard Time)",70.5844577597189,50,70,30
"Fri Oct 27 2017 00:00:00 GMT+0530 (India Standard Time)",83.1412884119303,50,70,30
"Mon Oct 30 2017 00:00:00 GMT+0530 (India Standard Time)",78.2553362763118,50,70,30
"Tue Oct 31 2017 00:00:00 GMT+0530 (India Standard Time)",78.6098831763313,50,70,30
"Wed Nov 01 2017 00:00:00 GMT+0530 (India Standard Time)",80.4489944506417,50,70,30
"Thu Nov 02 2017 00:00:00 GMT+0530 (India Standard Time)",82.9948748240232,50,70,30
"Fri Nov 03 2017 00:00:00 GMT+0530 (India Standard Time)",76.3598154165369,50,70,30
"Mon Nov 06 2017 00:00:00 GMT+0530 (India Standard Time)",78.5824300280446,50,70,30
"Tue Nov 07 2017 00:00:00 GMT+0530 (India Standard Time)",63.3181333618094,50,70,30
"Wed Nov 08 2017 00:00:00 GMT+0530 (India Standard Time)",59.2252741301859,50,70,30
"Thu Nov 09 2017 00:00:00 GMT+0530 (India Standard Time)",64.5180561838929,50,70,30
"Fri Nov 10 2017 00:00:00 GMT+0530 (India Standard Time)",61.174976536001,50,70,30
"Mon Nov 13 2017 00:00:00 GMT+0530 (India Standard Time)",33.4623520120586,50,70,30
"Tue Nov 14 2017 00:00:00 GMT+0530 (India Standard Time)",31.1952456085405,50,70,30
"Wed Nov 15 2017 00:00:00 GMT+0530 (India Standard Time)",28.110294670752,50,70,30
"Thu Nov 16 2017 00:00:00 GMT+0530 (India Standard Time)",21.4665569164037,50,70,30
"Fri Nov 17 2017 00:00:00 GMT+0530 (India Standard Time)",28.8193602509878,50,70,30
"Mon Nov 20 2017 00:00:00 GMT+0530 (India Standard Time)",26.9920248097794,50,70,30
"Tue Nov 21 2017 00:00:00 GMT+0530 (India Standard Time)",31.6719175533505,50,70,30
"Wed Nov 22 2017 00:00:00 GMT+0530 (India Standard Time)",53.2187424097544,50,70,30
"Thu Nov 23 2017 00:00:00 GMT+0530 (India Standard Time)",44.4773265328221,50,70,30
"Fri Nov 24 2017 00:00:00 GMT+0530 (India Standard Time)",41.8008787068921,50,70,30
"Mon Nov 27 2017 00:00:00 GMT+0530 (India Standard Time)",36.614635317159,50,70,30
"Tue Nov 28 2017 00:00:00 GMT+0530 (India Standard Time)",34.1688635437872,50,70,30
"Wed Nov 29 2017 00:00:00 GMT+0530 (India Standard Time)",44.9785756462474,50,70,30
"Thu Nov 30 2017 00:00:00 GMT+0530 (India Standard Time)",38.8127867235332,50,70,30
"Fri Dec 01 2017 00:00:00 GMT+0530 (India Standard Time)",29.259483919315,50,70,30
"Mon Dec 04 2017 00:00:00 GMT+0530 (India Standard Time)",31.6743116442053,50,70,30
"Tue Dec 05 2017 00:00:00 GMT+0530 (India Standard Time)",32.9939348852132,50,70,30
"Wed Dec 06 2017 00:00:00 GMT+0530 (India Standard Time)",30.0302225283642,50,70,30
"Thu Dec 07 2017 00:00:00 GMT+0530 (India Standard Time)",38.1927501895088,50,70,30
"Fri Dec 08 2017 00:00:00 GMT+0530 (India Standard Time)",45.1132041961021,50,70,30
"Mon Dec 11 2017 00:00:00 GMT+0530 (India Standard Time)",42.65565666551,50,70,30
"Tue Dec 12 2017 00:00:00 GMT+0530 (India Standard Time)",59.3162824339556,50,70,30
"Wed Dec 13 2017 00:00:00 GMT+0530 (India Standard Time)",46.8877808453575,50,70,30
"Thu Dec 14 2017 00:00:00 GMT+0530 (India Standard Time)",48.4990991463364,50,70,30
"Fri Dec 15 2017 00:00:00 GMT+0530 (India Standard Time)",57.0429979457752,50,70,30
"Mon Dec 18 2017 00:00:00 GMT+0530 (India Standard Time)",60.931800692451,50,70,30
"Tue Dec 19 2017 00:00:00 GMT+0530 (India Standard Time)",62.3826295202759,50,70,30
"Wed Dec 20 2017 00:00:00 GMT+0530 (India Standard Time)",59.4125656724462,50,70,30
"Thu Dec 21 2017 00:00:00 GMT+0530 (India Standard Time)",54.8895225579401,50,70,30
"Fri Dec 22 2017 00:00:00 GMT+0530 (India Standard Time)",54.5472710898747,50,70,30
"Tue Dec 26 2017 00:00:00 GMT+0530 (India Standard Time)",59.2393456354121,50,70,30
"Wed Dec 27 2017 00:00:00 GMT+0530 (India Standard Time)",58.2279040452589,50,70,30
"Thu Dec 28 2017 00:00:00 GMT+0530 (India Standard Time)",44.4630319299053,50,70,30
"Fri Dec 29 2017 00:00:00 GMT+0530 (India Standard Time)",58.6986247659958,50,70,30
"Mon Jan 01 2018 00:00:00 GMT+0530 (India Standard Time)",46.7593880561705,50,70,30
"Tue Jan 02 2018 00:00:00 GMT+0530 (India Standard Time)",42.977017420897,50,70,30
"Wed Jan 03 2018 00:00:00 GMT+0530 (India Standard Time)",59.9892472291956,50,70,30
"Thu Jan 04 2018 00:00:00 GMT+0530 (India Standard Time)",62.7420611699076,50,70,30
"Fri Jan 05 2018 00:00:00 GMT+0530 (India Standard Time)",75.2172870294015,50,70,30
"Mon Jan 08 2018 00:00:00 GMT+0530 (India Standard Time)",73.3880452153983,50,70,30
"Tue Jan 09 2018 00:00:00 GMT+0530 (India Standard Time)",69.4882420930582,50,70,30
"Wed Jan 10 2018 00:00:00 GMT+0530 (India Standard Time)",71.7496767726993,50,70,30
"Thu Jan 11 2018 00:00:00 GMT+0530 (India Standard Time)",73.710897537087,50,70,30
"Fri Jan 12 2018 00:00:00 GMT+0530 (India Standard Time)",67.8759654215399,50,70,30
"Mon Jan 15 2018 00:00:00 GMT+0530 (India Standard Time)",61.0342258504185,50,70,30
"Tue Jan 16 2018 00:00:00 GMT+0530 (India Standard Time)",65.4274924425728,50,70,30
"Wed Jan 17 2018 00:00:00 GMT+0530 (India Standard Time)",75.8971885088728,50,70,30
"Thu Jan 18 2018 00:00:00 GMT+0530 (India Standard Time)",47.1884254437605,50,70,30
"Fri Jan 19 2018 00:00:00 GMT+0530 (India Standard Time)",63.267254338992,50,70,30
"Mon Jan 22 2018 00:00:00 GMT+0530 (India Standard Time)",66.4219539320964,50,70,30
"Tue Jan 23 2018 00:00:00 GMT+0530 (India Standard Time)",66.6732327761545,50,70,30
"Wed Jan 24 2018 00:00:00 GMT+0530 (India Standard Time)",73.4520224451629,50,70,30
"Thu Jan 25 2018 00:00:00 GMT+0530 (India Standard Time)",57.4840442329311,50,70,30
"Mon Jan 29 2018 00:00:00 GMT+0530 (India Standard Time)",57.6142317396036,50,70,30
"Tue Jan 30 2018 00:00:00 GMT+0530 (India Standard Time)",48.0977200208832,50,70,30
"Wed Jan 31 2018 00:00:00 GMT+0530 (India Standard Time)",48.7947989547536,50,70,30
"Thu Feb 01 2018 00:00:00 GMT+0530 (India Standard Time)",48.6690960081207,50,70,30
"Fri Feb 02 2018 00:00:00 GMT+0530 (India Standard Time)",36.8418214022023,50,70,30
"Mon Feb 05 2018 00:00:00 GMT+0530 (India Standard Time)",29.3996136280304,50,70,30
"Tue Feb 06 2018 00:00:00 GMT+0530 (India Standard Time)",27.1896434258511,50,70,30
"Wed Feb 07 2018 00:00:00 GMT+0530 (India Standard Time)",31.0587915587337,50,70,30
"Thu Feb 08 2018 00:00:00 GMT+0530 (India Standard Time)",29.4968094027929,50,70,30
"Fri Feb 09 2018 00:00:00 GMT+0530 (India Standard Time)",24.8645195460252,50,70,30
"Mon Feb 12 2018 00:00:00 GMT+0530 (India Standard Time)",33.4624656223627,50,70,30
"Wed Feb 14 2018 00:00:00 GMT+0530 (India Standard Time)",48.5366457710969,50,70,30
"Thu Feb 15 2018 00:00:00 GMT+0530 (India Standard Time)",46.8855584716939,50,70,30
"Fri Feb 16 2018 00:00:00 GMT+0530 (India Standard Time)",39.4425309725164,50,70,30
"Mon Feb 19 2018 00:00:00 GMT+0530 (India Standard Time)",29.4354555987827,50,70,30
"Tue Feb 20 2018 00:00:00 GMT+0530 (India Standard Time)",31.257042215144,50,70,30
"Wed Feb 21 2018 00:00:00 GMT+0530 (India Standard Time)",32.5955125290058,50,70,30
"Thu Feb 22 2018 00:00:00 GMT+0530 (India Standard Time)",46.9086138611094,50,70,30
"Fri Feb 23 2018 00:00:00 GMT+0530 (India Standard Time)",50.5169735186355,50,70,30
"Mon Feb 26 2018 00:00:00 GMT+0530 (India Standard Time)",60.9817043537176,50,70,30
"Tue Feb 27 2018 00:00:00 GMT+0530 (India Standard Time)",53.9048641718996,50,70,30
"Wed Feb 28 2018 00:00:00 GMT+0530 (India Standard Time)",50.7995262846575,50,70,30
"Thu Mar 01 2018 00:00:00 GMT+0530 (India Standard Time)",47.4221948173995,50,70,30
"Mon Mar 05 2018 00:00:00 GMT+0530 (India Standard Time)",44.1834446802364,50,70,30
"Tue Mar 06 2018 00:00:00 GMT+0530 (India Standard Time)",46.7220550959015,50,70,30
"Wed Mar 07 2018 00:00:00 GMT+0530 (India Standard Time)",21.8081222423645,50,70,30
"Thu Mar 08 2018 00:00:00 GMT+0530 (India Standard Time)",36.8988948290759,50,70,30
"Fri Mar 09 2018 00:00:00 GMT+0530 (India Standard Time)",30.660768670609,50,70,30
"Mon Mar 12 2018 00:00:00 GMT+0530 (India Standard Time)",40.6781968209883,50,70,30
"Tue Mar 13 2018 00:00:00 GMT+0530 (India Standard Time)",39.6155246322971,50,70,30
"Wed Mar 14 2018 00:00:00 GMT+0530 (India Standard Time)",37.1368247050013,50,70,30
"Thu Mar 15 2018 00:00:00 GMT+0530 (India Standard Time)",37.2099395663291,50,70,30
"Fri Mar 16 2018 00:00:00 GMT+0530 (India Standard Time)",28.3463393963038,50,70,30
"Mon Mar 19 2018 00:00:00 GMT+0530 (India Standard Time)",24.7291296318028,50,70,30
"Tue Mar 20 2018 00:00:00 GMT+0530 (India Standard Time)",33.7033980281918,50,70,30
"Wed Mar 21 2018 00:00:00 GMT+0530 (India Standard Time)",29.2551584378063,50,70,30
"Thu Mar 22 2018 00:00:00 GMT+0530 (India Standard Time)",25.849712025727,50,70,30
"Fri Mar 23 2018 00:00:00 GMT+0530 (India Standard Time)",32.7297974809265,50,70,30
"Mon Mar 26 2018 00:00:00 GMT+0530 (India Standard Time)",37.1860481425233,50,70,30
"Tue Mar 27 2018 00:00:00 GMT+0530 (India Standard Time)",37.7912242704539,50,70,30
"Wed Mar 28 2018 00:00:00 GMT+0530 (India Standard Time)",27.7451317054815,50,70,30
"Mon Apr 02 2018 00:00:00 GMT+0530 (India Standard Time)",49.1067466311662,50,70,30
"Tue Apr 03 2018 00:00:00 GMT+0530 (India Standard Time)",45.8016416330964,50,70,30
"Wed Apr 04 2018 00:00:00 GMT+0530 (India Standard Time)",47.5303212299378,50,70,30
"Thu Apr 05 2018 00:00:00 GMT+0530 (India Standard Time)",56.788142444981,50,70,30
"Fri Apr 06 2018 00:00:00 GMT+0530 (India Standard Time)",60.1249894892743,50,70,30
"Mon Apr 09 2018 00:00:00 GMT+0530 (India Standard Time)",57.1603885148396,50,70,30
"Tue Apr 10 2018 00:00:00 GMT+0530 (India Standard Time)",66.7611505601794,50,70,30
"Wed Apr 11 2018 00:00:00 GMT+0530 (India Standard Time)",53.6569510526991,50,70,30
"Thu Apr 12 2018 00:00:00 GMT+0530 (India Standard Time)",47.2983451494661,50,70,30
"Fri Apr 13 2018 00:00:00 GMT+0530 (India Standard Time)",58.3336586026955,50,70,30
"Mon Apr 16 2018 00:00:00 GMT+0530 (India Standard Time)",62.0832476521159,50,70,30
"Tue Apr 17 2018 00:00:00 GMT+0530 (India Standard Time)",56.6062589515877,50,70,30
"Wed Apr 18 2018 00:00:00 GMT+0530 (India Standard Time)",58.2142775983548,50,70,30
"Thu Apr 19 2018 00:00:00 GMT+0530 (India Standard Time)",59.9806030184162,50,70,30
"Fri Apr 20 2018 00:00:00 GMT+0530 (India Standard Time)",51.5025987350081,50,70,30
"Mon Apr 23 2018 00:00:00 GMT+0530 (India Standard Time)",58.0853328833158,50,70,30
"Tue Apr 24 2018 00:00:00 GMT+0530 (India Standard Time)",64.4096876355005,50,70,30
"Wed Apr 25 2018 00:00:00 GMT+0530 (India Standard Time)",63.7512677086773,50,70,30
"Thu Apr 26 2018 00:00:00 GMT+0530 (India Standard Time)",69.1563334281111,50,70,30
"Fri Apr 27 2018 00:00:00 GMT+0530 (India Standard Time)",73.7949773927764,50,70,30
"Mon Apr 30 2018 00:00:00 GMT+0530 (India Standard Time)",77.3569872337846,50,70,30
"Wed May 02 2018 00:00:00 GMT+0530 (India Standard Time)",64.4374544192497,50,70,30
"Thu May 03 2018 00:00:00 GMT+0530 (India Standard Time)",57.1540511727218,50,70,30
"Fri May 04 2018 00:00:00 GMT+0530 (India Standard Time)",68.4459630877445,50,70,30
"Mon May 07 2018 00:00:00 GMT+0530 (India Standard Time)",71.628566193252,50,70,30
"Tue May 08 2018 00:00:00 GMT+0530 (India Standard Time)",71.9432860598957,50,70,30
"Wed May 09 2018 00:00:00 GMT+0530 (India Standard Time)",72.4285226218483,50,70,30
"Thu May 10 2018 00:00:00 GMT+0530 (India Standard Time)",66.2948330591116,50,70,30
"Fri May 11 2018 00:00:00 GMT+0530 (India Standard Time)",68.5822659006117,50,70,30
"Mon May 14 2018 00:00:00 GMT+0530 (India Standard Time)",61.6005314243682,50,70,30
"Tue May 15 2018 00:00:00 GMT+0530 (India Standard Time)",59.5651358094243,50,70,30
"Wed May 16 2018 00:00:00 GMT+0530 (India Standard Time)",46.2346674506094,50,70,30
"Thu May 17 2018 00:00:00 GMT+0530 (India Standard Time)",37.8368865348816,50,70,30
"Fri May 18 2018 00:00:00 GMT+0530 (India Standard Time)",28.2671056596028,50,70,30
"Mon May 21 2018 00:00:00 GMT+0530 (India Standard Time)",23.5264390643007,50,70,30
"Tue May 22 2018 00:00:00 GMT+0530 (India Standard Time)",20.7869707335187,50,70,30
"Wed May 23 2018 00:00:00 GMT+0530 (India Standard Time)",17.5110348107689,50,70,30
"Thu May 24 2018 00:00:00 GMT+0530 (India Standard Time)",15.9309104714917,50,70,30
"Fri May 25 2018 00:00:00 GMT+0530 (India Standard Time)",35.3418131715375,50,70,30
"Mon May 28 2018 00:00:00 GMT+0530 (India Standard Time)",34.2858326934778,50,70,30
"Tue May 29 2018 00:00:00 GMT+0530 (India Standard Time)",33.0880568985946,50,70,30
"Wed May 30 2018 00:00:00 GMT+0530 (India Standard Time)",29.2182229335641,50,70,30
"Thu May 31 2018 00:00:00 GMT+0530 (India Standard Time)",58.2236289480563,50,70,30
"Fri Jun 01 2018 00:00:00 GMT+0530 (India Standard Time)",51.929539578504,50,70,30
"Mon Jun 04 2018 00:00:00 GMT+0530 (India Standard Time)",41.607027231373,50,70,30
"Tue Jun 05 2018 00:00:00 GMT+0530 (India Standard Time)",36.9691909675414,50,70,30
"Wed Jun 06 2018 00:00:00 GMT+0530 (India Standard Time)",40.3773911005174,50,70,30
"Thu Jun 07 2018 00:00:00 GMT+0530 (India Standard Time)",46.790591284782,50,70,30
"Fri Jun 08 2018 00:00:00 GMT+0530 (India Standard Time)",47.4807576079694,50,70,30
"Mon Jun 11 2018 00:00:00 GMT+0530 (India Standard Time)",50.4472355094143,50,70,30
"Tue Jun 12 2018 00:00:00 GMT+0530 (India Standard Time)",60.0048468526423,50,70,30
"Wed Jun 13 2018 00:00:00 GMT+0530 (India Standard Time)",49.837705469082,50,70,30
"Thu Jun 14 2018 00:00:00 GMT+0530 (India Standard Time)",39.1976405955918,50,70,30
"Fri Jun 15 2018 00:00:00 GMT+0530 (India Standard Time)",37.5460209697948,50,70,30
"Mon Jun 18 2018 00:00:00 GMT+0530 (India Standard Time)",34.8361526796665,50,70,30
"Tue Jun 19 2018 00:00:00 GMT+0530 (India Standard Time)",27.1931300115016,50,70,30
"Wed Jun 20 2018 00:00:00 GMT+0530 (India Standard Time)",33.8125990623379,50,70,30
"Thu Jun 21 2018 00:00:00 GMT+0530 (India Standard Time)",36.4181057886885,50,70,30
"Fri Jun 22 2018 00:00:00 GMT+0530 (India Standard Time)",35.0183783354688,50,70,30
"Mon Jun 25 2018 00:00:00 GMT+0530 (India Standard Time)",29.4898786693744,50,70,30
"Tue Jun 26 2018 00:00:00 GMT+0530 (India Standard Time)",34.0136277948264,50,70,30
"Wed Jun 27 2018 00:00:00 GMT+0530 (India Standard Time)",31.6069806300993,50,70,30
"Thu Jun 28 2018 00:00:00 GMT+0530 (India Standard Time)",33.7115853632867,50,70,30
"Fri Jun 29 2018 00:00:00 GMT+0530 (India Standard Time)",57.9311076020712,50,70,30
"Mon Jul 02 2018 00:00:00 GMT+0530 (India Standard Time)",41.8446538691964,50,70,30
