"date","rsi","middle","overbought","oversold"
"Mon Jul 24 2017 00:00:00 GMT+0530 (India Standard Time)",68.5393258426966,50,70,30
"Tue Jul 25 2017 00:00:00 GMT+0530 (India Standard Time)",75.9299057695487,50,70,30
"Wed Jul 26 2017 00:00:00 GMT+0530 (India Standard Time)",53.099682517097,50,70,30
"Thu Jul 27 2017 00:00:00 GMT+0530 (India Standard Time)",48.6927823721184,50,70,30
"Fri Jul 28 2017 00:00:00 GMT+0530 (India Standard Time)",39.9861062557989,50,70,30
"Mon Jul 31 2017 00:00:00 GMT+0530 (India Standard Time)",45.5181087343705,50,70,30
"Tue Aug 01 2017 00:00:00 GMT+0530 (India Standard Time)",42.3997420278185,50,70,30
"Wed Aug 02 2017 00:00:00 GMT+0530 (India Standard Time)",42.8859460570706,50,70,30
"Thu Aug 03 2017 00:00:00 GMT+0530 (India Standard Time)",32.9051644797586,50,70,30
"Fri Aug 04 2017 00:00:00 GMT+0530 (India Standard Time)",36.205611306023,50,70,30
"Mon Aug 07 2017 00:00:00 GMT+0530 (India Standard Time)",34.0866436114692,50,70,30
"Tue Aug 08 2017 00:00:00 GMT+0530 (India Standard Time)",28.7301546870012,50,70,30
"Wed Aug 09 2017 00:00:00 GMT+0530 (India Standard Time)",21.1729454797969,50,70,30
"Thu Aug 10 2017 00:00:00 GMT+0530 (India Standard Time)",20.4528610112098,50,70,30
"Fri Aug 11 2017 00:00:00 GMT+0530 (India Standard Time)",28.5718300080636,50,70,30
"Mon Aug 14 2017 00:00:00 GMT+0530 (India Standard Time)",32.4544555121011,50,70,30
"Wed Aug 16 2017 00:00:00 GMT+0530 (India Standard Time)",45.4005794734125,50,70,30
"Thu Aug 17 2017 00:00:00 GMT+0530 (India Standard Time)",42.5473934980077,50,70,30
"Fri Aug 18 2017 00:00:00 GMT+0530 (India Standard Time)",35.2131212906369,50,70,30
"Mon Aug 21 2017 00:00:00 GMT+0530 (India Standard Time)",42.648841960383,50,70,30
"Tue Aug 22 2017 00:00:00 GMT+0530 (India Standard Time)",49.3556369303762,50,70,30
"Wed Aug 23 2017 00:00:00 GMT+0530 (India Standard Time)",54.2011698507936,50,70,30
"Thu Aug 24 2017 00:00:00 GMT+0530 (India Standard Time)",59.6271471873528,50,70,30
"Mon Aug 28 2017 00:00:00 GMT+0530 (India Standard Time)",64.0188100832134,50,70,30
"Tue Aug 29 2017 00:00:00 GMT+0530 (India Standard Time)",51.8669004264722,50,70,30
"Wed Aug 30 2017 00:00:00 GMT+0530 (India Standard Time)",52.3145048322318,50,70,30
"Thu Aug 31 2017 00:00:00 GMT+0530 (India Standard Time)",46.420441536677,50,70,30
"Fri Sep 01 2017 00:00:00 GMT+0530 (India Standard Time)",57.5997134202913,50,70,30
"Mon Sep 04 2017 00:00:00 GMT+0530 (India Standard Time)",48.2435635151935,50,70,30
"Tue Sep 05 2017 00:00:00 GMT+0530 (India Standard Time)",50.8634665633454,50,70,30
"Wed Sep 06 2017 00:00:00 GMT+0530 (India Standard Time)",37.0332471751774,50,70,30
"Thu Sep 07 2017 00:00:00 GMT+0530 (India Standard Time)",43.3507309974438,50,70,30
"Fri Sep 08 2017 00:00:00 GMT+0530 (India Standard Time)",40.1297423139062,50,70,30
"Mon Sep 11 2017 00:00:00 GMT+0530 (India Standard Time)",39.9978546939687,50,70,30
"Tue Sep 12 2017 00:00:00 GMT+0530 (India Standard Time)",45.3828795702605,50,70,30
"Wed Sep 13 2017 00:00:00 GMT+0530 (India Standard Time)",50.8626828320258,50,70,30
"Thu Sep 14 2017 00:00:00 GMT+0530 (India Standard Time)",73.3746846561483,50,70,30
"Fri Sep 15 2017 00:00:00 GMT+0530 (India Standard Time)",67.1278171518736,50,70,30
"Mon Sep 18 2017 00:00:00 GMT+0530 (India Standard Time)",73.2575544129972,50,70,30
"Tue Sep 19 2017 00:00:00 GMT+0530 (India Standard Time)",66.7595645657947,50,70,30
"Wed Sep 20 2017 00:00:00 GMT+0530 (India Standard Time)",64.501159715988,50,70,30
"Thu Sep 21 2017 00:00:00 GMT+0530 (India Standard Time)",53.4313935139483,50,70,30
"Fri Sep 22 2017 00:00:00 GMT+0530 (India Standard Time)",44.2287532559771,50,70,30
"Mon Sep 25 2017 00:00:00 GMT+0530 (India Standard Time)",40.2562716464715,50,70,30
"Tue Sep 26 2017 00:00:00 GMT+0530 (India Standard Time)",53.8683746220557,50,70,30
"Wed Sep 27 2017 00:00:00 GMT+0530 (India Standard Time)",47.0502171754107,50,70,30
"Thu Sep 28 2017 00:00:00 GMT+0530 (India Standard Time)",53.640898497038,50,70,30
"Fri Sep 29 2017 00:00:00 GMT+0530 (India Standard Time)",50.1692568571956,50,70,30
"Tue Oct 03 2017 00:00:00 GMT+0530 (India Standard Time)",50.8616165037713,50,70,30
"Wed Oct 04 2017 00:00:00 GMT+0530 (India Standard Time)",45.4675581440226,50,70,30
"Thu Oct 05 2017 00:00:00 GMT+0530 (India Standard Time)",39.294540861848,50,70,30
"Fri Oct 06 2017 00:00:00 GMT+0530 (India Standard Time)",43.3139724611965,50,70,30
"Mon Oct 09 2017 00:00:00 GMT+0530 (India Standard Time)",48.1081978011308,50,70,30
"Tue Oct 10 2017 00:00:00 GMT+0530 (India Standard Time)",60.7708422711491,50,70,30
"Wed Oct 11 2017 00:00:00 GMT+0530 (India Standard Time)",62.2538027132284,50,70,30
"Thu Oct 12 2017 00:00:00 GMT+0530 (India Standard Time)",71.8282330127475,50,70,30
"Fri Oct 13 2017 00:00:00 GMT+0530 (India Standard Time)",75.2045094233116,50,70,30
"Mon Oct 16 2017 00:00:00 GMT+0530 (India Standard Time)",58.3304589917487,50,70,30
"Tue Oct 17 2017 00:00:00 GMT+0530 (India Standard Time)",48.4134538646477,50,70,30
"Wed Oct 18 2017 00:00:00 GMT+0530 (India Standard Time)",20.8184136220583,50,70,30
"Thu Oct 19 2017 00:00:00 GMT+0530 (India Standard Time)",19.699894975818,50,70,30
"Mon Oct 23 2017 00:00:00 GMT+0530 (India Standard Time)",17.0891991617572,50,70,30
"Tue Oct 24 2017 00:00:00 GMT+0530 (India Standard Time)",19.4687466315142,50,70,30
"Wed Oct 25 2017 00:00:00 GMT+0530 (India Standard Time)",40.2826595107673,50,70,30
"Thu Oct 26 2017 00:00:00 GMT+0530 (India Standard Time)",48.5235167935887,50,70,30
"Fri Oct 27 2017 00:00:00 GMT+0530 (India Standard Time)",49.6931573095459,50,70,30
"Mon Oct 30 2017 00:00:00 GMT+0530 (India Standard Time)",48.1997212434087,50,70,30
"Tue Oct 31 2017 00:00:00 GMT+0530 (India Standard Time)",69.4610154825312,50,70,30
"Wed Nov 01 2017 00:00:00 GMT+0530 (India Standard Time)",73.3180941291862,50,70,30
"Thu Nov 02 2017 00:00:00 GMT+0530 (India Standard Time)",70.7720399902169,50,70,30
"Fri Nov 03 2017 00:00:00 GMT+0530 (India Standard Time)",73.620535040967,50,70,30
"Mon Nov 06 2017 00:00:00 GMT+0530 (India Standard Time)",68.2169952259303,50,70,30
"Tue Nov 07 2017 00:00:00 GMT+0530 (India Standard Time)",61.3929045916922,50,70,30
"Wed Nov 08 2017 00:00:00 GMT+0530 (India Standard Time)",69.7901160735257,50,70,30
"Thu Nov 09 2017 00:00:00 GMT+0530 (India Standard Time)",65.6479834187608,50,70,30
"Fri Nov 10 2017 00:00:00 GMT+0530 (India Standard Time)",67.8265380242073,50,70,30
"Mon Nov 13 2017 00:00:00 GMT+0530 (India Standard Time)",60.3493191874841,50,70,30
"Tue Nov 14 2017 00:00:00 GMT+0530 (India Standard Time)",65.2708908223078,50,70,30
"Wed Nov 15 2017 00:00:00 GMT+0530 (India Standard Time)",61.403576188985,50,70,30
"Thu Nov 16 2017 00:00:00 GMT+0530 (India Standard Time)",61.8325095882319,50,70,30
"Fri Nov 17 2017 00:00:00 GMT+0530 (India Standard Time)",61.5693410577979,50,70,30
"Mon Nov 20 2017 00:00:00 GMT+0530 (India Standard Time)",64.0002420319948,50,70,30
"Tue Nov 21 2017 00:00:00 GMT+0530 (India Standard Time)",65.5105811481455,50,70,30
"Wed Nov 22 2017 00:00:00 GMT+0530 (India Standard Time)",55.2909851135293,50,70,30
"Thu Nov 23 2017 00:00:00 GMT+0530 (India Standard Time)",59.5131614255884,50,70,30
"Fri Nov 24 2017 00:00:00 GMT+0530 (India Standard Time)",61.0816608832654,50,70,30
"Mon Nov 27 2017 00:00:00 GMT+0530 (India Standard Time)",73.3482762627942,50,70,30
"Tue Nov 28 2017 00:00:00 GMT+0530 (India Standard Time)",75.3775704612355,50,70,30
"Wed Nov 29 2017 00:00:00 GMT+0530 (India Standard Time)",55.2632964365346,50,70,30
"Thu Nov 30 2017 00:00:00 GMT+0530 (India Standard Time)",41.4679812291947,50,70,30
"Fri Dec 01 2017 00:00:00 GMT+0530 (India Standard Time)",40.1952688416472,50,70,30
"Mon Dec 04 2017 00:00:00 GMT+0530 (India Standard Time)",41.661431123478,50,70,30
"Tue Dec 05 2017 00:00:00 GMT+0530 (India Standard Time)",39.818297125784,50,70,30
"Wed Dec 06 2017 00:00:00 GMT+0530 (India Standard Time)",37.0350191995583,50,70,30
"Thu Dec 07 2017 00:00:00 GMT+0530 (India Standard Time)",43.1747028377505,50,70,30
"Fri Dec 08 2017 00:00:00 GMT+0530 (India Standard Time)",55.1783020342626,50,70,30
"Mon Dec 11 2017 00:00:00 GMT+0530 (India Standard Time)",58.3052167513712,50,70,30
"Tue Dec 12 2017 00:00:00 GMT+0530 (India Standard Time)",48.5375001214683,50,70,30
"Wed Dec 13 2017 00:00:00 GMT+0530 (India Standard Time)",44.7451291492795,50,70,30
"Thu Dec 14 2017 00:00:00 GMT+0530 (India Standard Time)",53.1859968197932,50,70,30
"Fri Dec 15 2017 00:00:00 GMT+0530 (India Standard Time)",61.0209165931732,50,70,30
"Mon Dec 18 2017 00:00:00 GMT+0530 (India Standard Time)",61.815032309293,50,70,30
"Tue Dec 19 2017 00:00:00 GMT+0530 (India Standard Time)",67.3048224167623,50,70,30
"Wed Dec 20 2017 00:00:00 GMT+0530 (India Standard Time)",68.201561171761,50,70,30
"Thu Dec 21 2017 00:00:00 GMT+0530 (India Standard Time)",56.5221070238729,50,70,30
"Fri Dec 22 2017 00:00:00 GMT+0530 (India Standard Time)",62.6976152403351,50,70,30
"Tue Dec 26 2017 00:00:00 GMT+0530 (India Standard Time)",64.4516825473807,50,70,30
"Wed Dec 27 2017 00:00:00 GMT+0530 (India Standard Time)",63.4678006541952,50,70,30
"Thu Dec 28 2017 00:00:00 GMT+0530 (India Standard Time)",47.3191771136871,50,70,30
"Fri Dec 29 2017 00:00:00 GMT+0530 (India Standard Time)",68.0291218856184,50,70,30
"Mon Jan 01 2018 00:00:00 GMT+0530 (India Standard Time)",69.2917206719408,50,70,30
"Tue Jan 02 2018 00:00:00 GMT+0530 (India Standard Time)",58.9019098826268,50,70,30
"Wed Jan 03 2018 00:00:00 GMT+0530 (India Standard Time)",59.9977101611934,50,70,30
"Thu Jan 04 2018 00:00:00 GMT+0530 (India Standard Time)",58.9477709750954,50,70,30
"Fri Jan 05 2018 00:00:00 GMT+0530 (India Standard Time)",63.4437210145893,50,70,30
"Mon Jan 08 2018 00:00:00 GMT+0530 (India Standard Time)",66.2449539195231,50,70,30
"Tue Jan 09 2018 00:00:00 GMT+0530 (India Standard Time)",65.8479943531246,50,70,30
"Wed Jan 10 2018 00:00:00 GMT+0530 (India Standard Time)",59.0439725553425,50,70,30
"Thu Jan 11 2018 00:00:00 GMT+0530 (India Standard Time)",49.4859513451708,50,70,30
"Fri Jan 12 2018 00:00:00 GMT+0530 (India Standard Time)",42.3559080772595,50,70,30
"Mon Jan 15 2018 00:00:00 GMT+0530 (India Standard Time)",53.8194936361542,50,70,30
"Tue Jan 16 2018 00:00:00 GMT+0530 (India Standard Time)",58.4548515006415,50,70,30
"Wed Jan 17 2018 00:00:00 GMT+0530 (India Standard Time)",78.8197051486489,50,70,30
"Thu Jan 18 2018 00:00:00 GMT+0530 (India Standard Time)",78.0174034949005,50,70,30
"Fri Jan 19 2018 00:00:00 GMT+0530 (India Standard Time)",81.0498909484401,50,70,30
"Mon Jan 22 2018 00:00:00 GMT+0530 (India Standard Time)",88.3174511490764,50,70,30
"Tue Jan 23 2018 00:00:00 GMT+0530 (India Standard Time)",90.0795928853732,50,70,30
"Wed Jan 24 2018 00:00:00 GMT+0530 (India Standard Time)",72.2184427416709,50,70,30
"Thu Jan 25 2018 00:00:00 GMT+0530 (India Standard Time)",75.9147155972913,50,70,30
"Mon Jan 29 2018 00:00:00 GMT+0530 (India Standard Time)",63.3296065104363,50,70,30
"Tue Jan 30 2018 00:00:00 GMT+0530 (India Standard Time)",52.1682974757523,50,70,30
"Wed Jan 31 2018 00:00:00 GMT+0530 (India Standard Time)",52.033788597731,50,70,30
"Thu Feb 01 2018 00:00:00 GMT+0530 (India Standard Time)",51.2210711610108,50,70,30
"Fri Feb 02 2018 00:00:00 GMT+0530 (India Standard Time)",31.4526078048835,50,70,30
"Mon Feb 05 2018 00:00:00 GMT+0530 (India Standard Time)",32.8984936211345,50,70,30
"Tue Feb 06 2018 00:00:00 GMT+0530 (India Standard Time)",31.4525440137883,50,70,30
"Wed Feb 07 2018 00:00:00 GMT+0530 (India Standard Time)",28.9481909431856,50,70,30
"Thu Feb 08 2018 00:00:00 GMT+0530 (India Standard Time)",40.4024771164856,50,70,30
"Fri Feb 09 2018 00:00:00 GMT+0530 (India Standard Time)",33.0408042913503,50,70,30
"Mon Feb 12 2018 00:00:00 GMT+0530 (India Standard Time)",40.6530061847603,50,70,30
"Wed Feb 14 2018 00:00:00 GMT+0530 (India Standard Time)",29.0290265233411,50,70,30
"Thu Feb 15 2018 00:00:00 GMT+0530 (India Standard Time)",28.9349747156824,50,70,30
"Fri Feb 16 2018 00:00:00 GMT+0530 (India Standard Time)",26.0828796960455,50,70,30
"Mon Feb 19 2018 00:00:00 GMT+0530 (India Standard Time)",29.7694519113858,50,70,30
"Tue Feb 20 2018 00:00:00 GMT+0530 (India Standard Time)",25.045231331135,50,70,30
"Wed Feb 21 2018 00:00:00 GMT+0530 (India Standard Time)",30.906417704406,50,70,30
"Thu Feb 22 2018 00:00:00 GMT+0530 (India Standard Time)",27.5424910833734,50,70,30
"Fri Feb 23 2018 00:00:00 GMT+0530 (India Standard Time)",36.7084604490067,50,70,30
"Mon Feb 26 2018 00:00:00 GMT+0530 (India Standard Time)",53.3566499928055,50,70,30
"Tue Feb 27 2018 00:00:00 GMT+0530 (India Standard Time)",42.0273778012342,50,70,30
"Wed Feb 28 2018 00:00:00 GMT+0530 (India Standard Time)",35.9181317650229,50,70,30
"Thu Mar 01 2018 00:00:00 GMT+0530 (India Standard Time)",34.1380658608043,50,70,30
"Mon Mar 05 2018 00:00:00 GMT+0530 (India Standard Time)",33.3746744339687,50,70,30
"Tue Mar 06 2018 00:00:00 GMT+0530 (India Standard Time)",28.9005002842546,50,70,30
"Wed Mar 07 2018 00:00:00 GMT+0530 (India Standard Time)",26.2499414222239,50,70,30
"Thu Mar 08 2018 00:00:00 GMT+0530 (India Standard Time)",37.3870705720976,50,70,30
"Fri Mar 09 2018 00:00:00 GMT+0530 (India Standard Time)",27.999947582014,50,70,30
"Mon Mar 12 2018 00:00:00 GMT+0530 (India Standard Time)",43.0368713223942,50,70,30
"Tue Mar 13 2018 00:00:00 GMT+0530 (India Standard Time)",53.0784458881837,50,70,30
"Wed Mar 14 2018 00:00:00 GMT+0530 (India Standard Time)",56.4288898356573,50,70,30
"Thu Mar 15 2018 00:00:00 GMT+0530 (India Standard Time)",50.6011679237021,50,70,30
"Fri Mar 16 2018 00:00:00 GMT+0530 (India Standard Time)",44.809648491124,50,70,30
"Mon Mar 19 2018 00:00:00 GMT+0530 (India Standard Time)",42.3129037128637,50,70,30
"Tue Mar 20 2018 00:00:00 GMT+0530 (India Standard Time)",44.192298618909,50,70,30
"Wed Mar 21 2018 00:00:00 GMT+0530 (India Standard Time)",50.1035121756902,50,70,30
"Thu Mar 22 2018 00:00:00 GMT+0530 (India Standard Time)",42.0904941307204,50,70,30
"Fri Mar 23 2018 00:00:00 GMT+0530 (India Standard Time)",29.5160116940003,50,70,30
"Mon Mar 26 2018 00:00:00 GMT+0530 (India Standard Time)",38.376423328507,50,70,30
"Tue Mar 27 2018 00:00:00 GMT+0530 (India Standard Time)",43.5226305800806,50,70,30
"Wed Mar 28 2018 00:00:00 GMT+0530 (India Standard Time)",42.1147201124205,50,70,30
"Mon Apr 02 2018 00:00:00 GMT+0530 (India Standard Time)",33.6540975333408,50,70,30
"Tue Apr 03 2018 00:00:00 GMT+0530 (India Standard Time)",36.8502148298731,50,70,30
"Wed Apr 04 2018 00:00:00 GMT+0530 (India Standard Time)",30.5360934523375,50,70,30
"Thu Apr 05 2018 00:00:00 GMT+0530 (India Standard Time)",43.5554522594212,50,70,30
"Fri Apr 06 2018 00:00:00 GMT+0530 (India Standard Time)",41.1754109181037,50,70,30
"Mon Apr 09 2018 00:00:00 GMT+0530 (India Standard Time)",58.4356341459126,50,70,30
"Tue Apr 10 2018 00:00:00 GMT+0530 (India Standard Time)",71.8385930104029,50,70,30
"Wed Apr 11 2018 00:00:00 GMT+0530 (India Standard Time)",66.0284358831823,50,70,30
"Thu Apr 12 2018 00:00:00 GMT+0530 (India Standard Time)",69.9773388388158,50,70,30
"Fri Apr 13 2018 00:00:00 GMT+0530 (India Standard Time)",64.0282668387142,50,70,30
"Mon Apr 16 2018 00:00:00 GMT+0530 (India Standard Time)",63.876672994366,50,70,30
"Tue Apr 17 2018 00:00:00 GMT+0530 (India Standard Time)",54.0355234562933,50,70,30
"Wed Apr 18 2018 00:00:00 GMT+0530 (India Standard Time)",43.1752102381387,50,70,30
"Thu Apr 19 2018 00:00:00 GMT+0530 (India Standard Time)",39.6947158771943,50,70,30
"Fri Apr 20 2018 00:00:00 GMT+0530 (India Standard Time)",35.2785640658178,50,70,30
"Mon Apr 23 2018 00:00:00 GMT+0530 (India Standard Time)",35.8504250854051,50,70,30
"Tue Apr 24 2018 00:00:00 GMT+0530 (India Standard Time)",34.890018303196,50,70,30
"Wed Apr 25 2018 00:00:00 GMT+0530 (India Standard Time)",30.4003582074953,50,70,30
"Thu Apr 26 2018 00:00:00 GMT+0530 (India Standard Time)",27.460894576532,50,70,30
"Fri Apr 27 2018 00:00:00 GMT+0530 (India Standard Time)",65.3002853324163,50,70,30
"Mon Apr 30 2018 00:00:00 GMT+0530 (India Standard Time)",50.6195357248548,50,70,30
"Wed May 02 2018 00:00:00 GMT+0530 (India Standard Time)",54.1244540700216,50,70,30
"Thu May 03 2018 00:00:00 GMT+0530 (India Standard Time)",59.1319659440805,50,70,30
"Fri May 04 2018 00:00:00 GMT+0530 (India Standard Time)",50.4980597941636,50,70,30
"Mon May 07 2018 00:00:00 GMT+0530 (India Standard Time)",58.8580149139574,50,70,30
"Tue May 08 2018 00:00:00 GMT+0530 (India Standard Time)",61.7585741368519,50,70,30
"Wed May 09 2018 00:00:00 GMT+0530 (India Standard Time)",64.678603191941,50,70,30
"Thu May 10 2018 00:00:00 GMT+0530 (India Standard Time)",63.9127815593045,50,70,30
"Fri May 11 2018 00:00:00 GMT+0530 (India Standard Time)",66.9171129070677,50,70,30
"Mon May 14 2018 00:00:00 GMT+0530 (India Standard Time)",65.3613516918319,50,70,30
"Tue May 15 2018 00:00:00 GMT+0530 (India Standard Time)",62.7175003159246,50,70,30
"Wed May 16 2018 00:00:00 GMT+0530 (India Standard Time)",62.9532831693148,50,70,30
"Thu May 17 2018 00:00:00 GMT+0530 (India Standard Time)",50.0974099418809,50,70,30
"Fri May 18 2018 00:00:00 GMT+0530 (India Standard Time)",43.7038898199973,50,70,30
"Mon May 21 2018 00:00:00 GMT+0530 (India Standard Time)",38.4712266642944,50,70,30
"Tue May 22 2018 00:00:00 GMT+0530 (India Standard Time)",35.5864743247986,50,70,30
"Wed May 23 2018 00:00:00 GMT+0530 (India Standard Time)",33.1241954888403,50,70,30
"Thu May 24 2018 00:00:00 GMT+0530 (India Standard Time)",51.2459237301535,50,70,30
"Fri May 25 2018 00:00:00 GMT+0530 (India Standard Time)",55.2376272645891,50,70,30
"Mon May 28 2018 00:00:00 GMT+0530 (India Standard Time)",62.0156942691102,50,70,30
"Tue May 29 2018 00:00:00 GMT+0530 (India Standard Time)",63.3548042846141,50,70,30
"Wed May 30 2018 00:00:00 GMT+0530 (India Standard Time)",54.8486074143826,50,70,30
"Thu May 31 2018 00:00:00 GMT+0530 (India Standard Time)",59.2472602738327,50,70,30
"Fri Jun 01 2018 00:00:00 GMT+0530 (India Standard Time)",47.601456027365,50,70,30
"Mon Jun 04 2018 00:00:00 GMT+0530 (India Standard Time)",48.1103741517976,50,70,30
"Tue Jun 05 2018 00:00:00 GMT+0530 (India Standard Time)",41.0392127379106,50,70,30
"Wed Jun 06 2018 00:00:00 GMT+0530 (India Standard Time)",41.8410957763187,50,70,30
"Thu Jun 07 2018 00:00:00 GMT+0530 (India Standard Time)",56.76682278804,50,70,30
"Fri Jun 08 2018 00:00:00 GMT+0530 (India Standard Time)",50.0324620093387,50,70,30
"Mon Jun 11 2018 00:00:00 GMT+0530 (India Standard Time)",53.293088304215,50,70,30
"Tue Jun 12 2018 00:00:00 GMT+0530 (India Standard Time)",49.2234926690273,50,70,30
"Wed Jun 13 2018 00:00:00 GMT+0530 (India Standard Time)",54.2610968027001,50,70,30
"Thu Jun 14 2018 00:00:00 GMT+0530 (India Standard Time)",42.2951353157451,50,70,30
"Fri Jun 15 2018 00:00:00 GMT+0530 (India Standard Time)",38.6044147431483,50,70,30
"Mon Jun 18 2018 00:00:00 GMT+0530 (India Standard Time)",32.3841426066017,50,70,30
"Tue Jun 19 2018 00:00:00 GMT+0530 (India Standard Time)",27.9070476476971,50,70,30
"Wed Jun 20 2018 00:00:00 GMT+0530 (India Standard Time)",31.7722537271742,50,70,30
"Thu Jun 21 2018 00:00:00 GMT+0530 (India Standard Time)",26.5436053690874,50,70,30
"Fri Jun 22 2018 00:00:00 GMT+0530 (India Standard Time)",47.3605103689869,50,70,30
"Mon Jun 25 2018 00:00:00 GMT+0530 (India Standard Time)",37.2567109470333,50,70,30
"Tue Jun 26 2018 00:00:00 GMT+0530 (India Standard Time)",36.3992923496801,50,70,30
"Wed Jun 27 2018 00:00:00 GMT+0530 (India Standard Time)",31.1472343936146,50,70,30
"Thu Jun 28 2018 00:00:00 GMT+0530 (India Standard Time)",28.7015549266465,50,70,30
"Fri Jun 29 2018 00:00:00 GMT+0530 (India Standard Time)",39.2085552655045,50,70,30
"Mon Jul 02 2018 00:00:00 GMT+0530 (India Standard Time)",41.5335894316336,50,70,30
"Tue Jul 03 2018 00:00:00 GMT+0530 (India Standard Time)",40.6672079215722,50,70,30
