"date","rsi","middle","overbought","oversold"
"Thu Jul 27 2017 00:00:00 GMT+0530 (India Standard Time)",67.155248133509,50,70,30
"Fri Jul 28 2017 00:00:00 GMT+0530 (India Standard Time)",71.9083633106517,50,70,30
"Mon Jul 31 2017 00:00:00 GMT+0530 (India Standard Time)",79.9945907102671,50,70,30
"Tue Aug 01 2017 00:00:00 GMT+0530 (India Standard Time)",88.109648397717,50,70,30
"Wed Aug 02 2017 00:00:00 GMT+0530 (India Standard Time)",78.9936658916216,50,70,30
"Thu Aug 03 2017 00:00:00 GMT+0530 (India Standard Time)",68.9620636372022,50,70,30
"Fri Aug 04 2017 00:00:00 GMT+0530 (India Standard Time)",76.345603332552,50,70,30
"Mon Aug 07 2017 00:00:00 GMT+0530 (India Standard Time)",78.4999489241078,50,70,30
"Tue Aug 08 2017 00:00:00 GMT+0530 (India Standard Time)",79.478998445459,50,70,30
"Wed Aug 09 2017 00:00:00 GMT+0530 (India Standard Time)",65.1568793709317,50,70,30
"Thu Aug 10 2017 00:00:00 GMT+0530 (India Standard Time)",44.8316090815112,50,70,30
"Fri Aug 11 2017 00:00:00 GMT+0530 (India Standard Time)",39.7944000046193,50,70,30
"Mon Aug 14 2017 00:00:00 GMT+0530 (India Standard Time)",49.9517297395001,50,70,30
"Wed Aug 16 2017 00:00:00 GMT+0530 (India Standard Time)",52.7580710526406,50,70,30
"Thu Aug 17 2017 00:00:00 GMT+0530 (India Standard Time)",56.5373789252018,50,70,30
"Fri Aug 18 2017 00:00:00 GMT+0530 (India Standard Time)",62.9524073539332,50,70,30
"Mon Aug 21 2017 00:00:00 GMT+0530 (India Standard Time)",64.2345211249198,50,70,30
"Tue Aug 22 2017 00:00:00 GMT+0530 (India Standard Time)",52.9271855271731,50,70,30
"Wed Aug 23 2017 00:00:00 GMT+0530 (India Standard Time)",48.0408742624333,50,70,30
"Thu Aug 24 2017 00:00:00 GMT+0530 (India Standard Time)",49.7130431379158,50,70,30
"Mon Aug 28 2017 00:00:00 GMT+0530 (India Standard Time)",57.8945253928744,50,70,30
"Tue Aug 29 2017 00:00:00 GMT+0530 (India Standard Time)",50.3476889565409,50,70,30
"Wed Aug 30 2017 00:00:00 GMT+0530 (India Standard Time)",52.4287094200552,50,70,30
"Thu Aug 31 2017 00:00:00 GMT+0530 (India Standard Time)",59.7155389555301,50,70,30
"Fri Sep 01 2017 00:00:00 GMT+0530 (India Standard Time)",64.0883627830725,50,70,30
"Mon Sep 04 2017 00:00:00 GMT+0530 (India Standard Time)",63.6225352970345,50,70,30
"Tue Sep 05 2017 00:00:00 GMT+0530 (India Standard Time)",66.3500978756033,50,70,30
"Wed Sep 06 2017 00:00:00 GMT+0530 (India Standard Time)",68.5554759248494,50,70,30
"Thu Sep 07 2017 00:00:00 GMT+0530 (India Standard Time)",77.5409420924729,50,70,30
"Fri Sep 08 2017 00:00:00 GMT+0530 (India Standard Time)",70.2823427215952,50,70,30
"Mon Sep 11 2017 00:00:00 GMT+0530 (India Standard Time)",66.7610564253083,50,70,30
"Tue Sep 12 2017 00:00:00 GMT+0530 (India Standard Time)",69.1989379941361,50,70,30
"Wed Sep 13 2017 00:00:00 GMT+0530 (India Standard Time)",56.4530767774019,50,70,30
"Thu Sep 14 2017 00:00:00 GMT+0530 (India Standard Time)",52.3350697548838,50,70,30
"Fri Sep 15 2017 00:00:00 GMT+0530 (India Standard Time)",50.8147778302695,50,70,30
"Mon Sep 18 2017 00:00:00 GMT+0530 (India Standard Time)",65.9268382453883,50,70,30
"Tue Sep 19 2017 00:00:00 GMT+0530 (India Standard Time)",56.378738064192,50,70,30
"Wed Sep 20 2017 00:00:00 GMT+0530 (India Standard Time)",57.1614184455953,50,70,30
"Thu Sep 21 2017 00:00:00 GMT+0530 (India Standard Time)",43.1824002625164,50,70,30
"Fri Sep 22 2017 00:00:00 GMT+0530 (India Standard Time)",38.8501162168229,50,70,30
"Mon Sep 25 2017 00:00:00 GMT+0530 (India Standard Time)",30.2630742262317,50,70,30
"Tue Sep 26 2017 00:00:00 GMT+0530 (India Standard Time)",28.4190891669168,50,70,30
"Wed Sep 27 2017 00:00:00 GMT+0530 (India Standard Time)",24.4050179330595,50,70,30
"Thu Sep 28 2017 00:00:00 GMT+0530 (India Standard Time)",21.5953229594173,50,70,30
"Fri Sep 29 2017 00:00:00 GMT+0530 (India Standard Time)",46.9952804705395,50,70,30
"Tue Oct 03 2017 00:00:00 GMT+0530 (India Standard Time)",45.893986437902,50,70,30
"Wed Oct 04 2017 00:00:00 GMT+0530 (India Standard Time)",41.4345895609674,50,70,30
"Thu Oct 05 2017 00:00:00 GMT+0530 (India Standard Time)",39.8054102446137,50,70,30
"Fri Oct 06 2017 00:00:00 GMT+0530 (India Standard Time)",55.6084856125729,50,70,30
"Mon Oct 09 2017 00:00:00 GMT+0530 (India Standard Time)",60.8558013296997,50,70,30
"Tue Oct 10 2017 00:00:00 GMT+0530 (India Standard Time)",53.6291409412702,50,70,30
"Wed Oct 11 2017 00:00:00 GMT+0530 (India Standard Time)",47.637527031037,50,70,30
"Thu Oct 12 2017 00:00:00 GMT+0530 (India Standard Time)",49.6306320345384,50,70,30
"Fri Oct 13 2017 00:00:00 GMT+0530 (India Standard Time)",51.0972440793065,50,70,30
"Mon Oct 16 2017 00:00:00 GMT+0530 (India Standard Time)",58.5860376685624,50,70,30
"Tue Oct 17 2017 00:00:00 GMT+0530 (India Standard Time)",61.0808404689071,50,70,30
"Wed Oct 18 2017 00:00:00 GMT+0530 (India Standard Time)",51.2233406359486,50,70,30
"Thu Oct 19 2017 00:00:00 GMT+0530 (India Standard Time)",50.3412573243058,50,70,30
"Mon Oct 23 2017 00:00:00 GMT+0530 (India Standard Time)",42.0768199914781,50,70,30
"Tue Oct 24 2017 00:00:00 GMT+0530 (India Standard Time)",51.1597929068455,50,70,30
"Wed Oct 25 2017 00:00:00 GMT+0530 (India Standard Time)",56.967590177277,50,70,30
"Thu Oct 26 2017 00:00:00 GMT+0530 (India Standard Time)",53.8366514468953,50,70,30
"Fri Oct 27 2017 00:00:00 GMT+0530 (India Standard Time)",58.953085962625,50,70,30
"Mon Oct 30 2017 00:00:00 GMT+0530 (India Standard Time)",70.0017457052052,50,70,30
"Tue Oct 31 2017 00:00:00 GMT+0530 (India Standard Time)",65.0292452829668,50,70,30
"Wed Nov 01 2017 00:00:00 GMT+0530 (India Standard Time)",36.6169454384203,50,70,30
"Thu Nov 02 2017 00:00:00 GMT+0530 (India Standard Time)",41.3903548936556,50,70,30
"Fri Nov 03 2017 00:00:00 GMT+0530 (India Standard Time)",43.5943843125561,50,70,30
"Mon Nov 06 2017 00:00:00 GMT+0530 (India Standard Time)",40.8469227647883,50,70,30
"Tue Nov 07 2017 00:00:00 GMT+0530 (India Standard Time)",42.8703632273914,50,70,30
"Wed Nov 08 2017 00:00:00 GMT+0530 (India Standard Time)",43.9683986250241,50,70,30
"Thu Nov 09 2017 00:00:00 GMT+0530 (India Standard Time)",36.2282706513753,50,70,30
"Fri Nov 10 2017 00:00:00 GMT+0530 (India Standard Time)",30.7246598506625,50,70,30
"Mon Nov 13 2017 00:00:00 GMT+0530 (India Standard Time)",32.0050384974297,50,70,30
"Tue Nov 14 2017 00:00:00 GMT+0530 (India Standard Time)",24.1459354454362,50,70,30
"Wed Nov 15 2017 00:00:00 GMT+0530 (India Standard Time)",38.1076466760732,50,70,30
"Thu Nov 16 2017 00:00:00 GMT+0530 (India Standard Time)",36.4519705427497,50,70,30
"Fri Nov 17 2017 00:00:00 GMT+0530 (India Standard Time)",46.3076201047523,50,70,30
"Mon Nov 20 2017 00:00:00 GMT+0530 (India Standard Time)",44.5567275261449,50,70,30
"Tue Nov 21 2017 00:00:00 GMT+0530 (India Standard Time)",39.0440396823488,50,70,30
"Wed Nov 22 2017 00:00:00 GMT+0530 (India Standard Time)",33.718575392899,50,70,30
"Thu Nov 23 2017 00:00:00 GMT+0530 (India Standard Time)",48.4903856408268,50,70,30
"Fri Nov 24 2017 00:00:00 GMT+0530 (India Standard Time)",53.6789354792577,50,70,30
"Mon Nov 27 2017 00:00:00 GMT+0530 (India Standard Time)",51.9042559717412,50,70,30
"Tue Nov 28 2017 00:00:00 GMT+0530 (India Standard Time)",45.2257988798822,50,70,30
"Wed Nov 29 2017 00:00:00 GMT+0530 (India Standard Time)",37.2414159278662,50,70,30
"Thu Nov 30 2017 00:00:00 GMT+0530 (India Standard Time)",31.6205594126077,50,70,30
"Fri Dec 01 2017 00:00:00 GMT+0530 (India Standard Time)",22.2944713667474,50,70,30
"Mon Dec 04 2017 00:00:00 GMT+0530 (India Standard Time)",26.9006944704454,50,70,30
"Tue Dec 05 2017 00:00:00 GMT+0530 (India Standard Time)",21.2735841971655,50,70,30
"Wed Dec 06 2017 00:00:00 GMT+0530 (India Standard Time)",15.2843725132692,50,70,30
"Thu Dec 07 2017 00:00:00 GMT+0530 (India Standard Time)",33.5564842524525,50,70,30
"Fri Dec 08 2017 00:00:00 GMT+0530 (India Standard Time)",38.0316527552958,50,70,30
"Mon Dec 11 2017 00:00:00 GMT+0530 (India Standard Time)",43.755122317799,50,70,30
"Tue Dec 12 2017 00:00:00 GMT+0530 (India Standard Time)",34.211103546575,50,70,30
"Wed Dec 13 2017 00:00:00 GMT+0530 (India Standard Time)",37.1938086998085,50,70,30
"Thu Dec 14 2017 00:00:00 GMT+0530 (India Standard Time)",37.6596913505926,50,70,30
"Fri Dec 15 2017 00:00:00 GMT+0530 (India Standard Time)",54.2262457698143,50,70,30
"Mon Dec 18 2017 00:00:00 GMT+0530 (India Standard Time)",61.1581724137878,50,70,30
"Tue Dec 19 2017 00:00:00 GMT+0530 (India Standard Time)",71.6643072770504,50,70,30
"Wed Dec 20 2017 00:00:00 GMT+0530 (India Standard Time)",58.6675650314926,50,70,30
"Thu Dec 21 2017 00:00:00 GMT+0530 (India Standard Time)",59.6299294432457,50,70,30
"Fri Dec 22 2017 00:00:00 GMT+0530 (India Standard Time)",59.6636563410086,50,70,30
"Tue Dec 26 2017 00:00:00 GMT+0530 (India Standard Time)",59.6704174926408,50,70,30
"Wed Dec 27 2017 00:00:00 GMT+0530 (India Standard Time)",57.9745010260182,50,70,30
"Thu Dec 28 2017 00:00:00 GMT+0530 (India Standard Time)",48.5460814478388,50,70,30
"Fri Dec 29 2017 00:00:00 GMT+0530 (India Standard Time)",59.3654905626192,50,70,30
"Mon Jan 01 2018 00:00:00 GMT+0530 (India Standard Time)",48.9165283563103,50,70,30
"Tue Jan 02 2018 00:00:00 GMT+0530 (India Standard Time)",31.4593737962975,50,70,30
"Wed Jan 03 2018 00:00:00 GMT+0530 (India Standard Time)",34.6309519717381,50,70,30
"Thu Jan 04 2018 00:00:00 GMT+0530 (India Standard Time)",31.7650593441052,50,70,30
"Fri Jan 05 2018 00:00:00 GMT+0530 (India Standard Time)",45.8987699356881,50,70,30
"Mon Jan 08 2018 00:00:00 GMT+0530 (India Standard Time)",45.2558417178327,50,70,30
"Tue Jan 09 2018 00:00:00 GMT+0530 (India Standard Time)",36.3474200944771,50,70,30
"Wed Jan 10 2018 00:00:00 GMT+0530 (India Standard Time)",30.5725612476833,50,70,30
"Thu Jan 11 2018 00:00:00 GMT+0530 (India Standard Time)",38.4209395177272,50,70,30
"Fri Jan 12 2018 00:00:00 GMT+0530 (India Standard Time)",42.8262762676517,50,70,30
"Mon Jan 15 2018 00:00:00 GMT+0530 (India Standard Time)",33.7489157239387,50,70,30
"Tue Jan 16 2018 00:00:00 GMT+0530 (India Standard Time)",32.6693382727227,50,70,30
"Wed Jan 17 2018 00:00:00 GMT+0530 (India Standard Time)",40.7060606082427,50,70,30
"Thu Jan 18 2018 00:00:00 GMT+0530 (India Standard Time)",36.6234223335152,50,70,30
"Fri Jan 19 2018 00:00:00 GMT+0530 (India Standard Time)",38.0915368588196,50,70,30
"Mon Jan 22 2018 00:00:00 GMT+0530 (India Standard Time)",32.4250186707663,50,70,30
"Tue Jan 23 2018 00:00:00 GMT+0530 (India Standard Time)",25.407844354509,50,70,30
"Wed Jan 24 2018 00:00:00 GMT+0530 (India Standard Time)",19.7281109617392,50,70,30
"Thu Jan 25 2018 00:00:00 GMT+0530 (India Standard Time)",23.1539575404909,50,70,30
"Mon Jan 29 2018 00:00:00 GMT+0530 (India Standard Time)",45.072050394271,50,70,30
"Tue Jan 30 2018 00:00:00 GMT+0530 (India Standard Time)",35.511624953957,50,70,30
"Wed Jan 31 2018 00:00:00 GMT+0530 (India Standard Time)",40.0106171095762,50,70,30
"Thu Feb 01 2018 00:00:00 GMT+0530 (India Standard Time)",56.7247759184674,50,70,30
"Fri Feb 02 2018 00:00:00 GMT+0530 (India Standard Time)",53.144187991686,50,70,30
"Mon Feb 05 2018 00:00:00 GMT+0530 (India Standard Time)",48.9939496958112,50,70,30
"Tue Feb 06 2018 00:00:00 GMT+0530 (India Standard Time)",49.677678462236,50,70,30
"Wed Feb 07 2018 00:00:00 GMT+0530 (India Standard Time)",56.6742441061151,50,70,30
"Thu Feb 08 2018 00:00:00 GMT+0530 (India Standard Time)",59.5008918666701,50,70,30
"Fri Feb 09 2018 00:00:00 GMT+0530 (India Standard Time)",50.3982920713192,50,70,30
"Mon Feb 12 2018 00:00:00 GMT+0530 (India Standard Time)",53.2147190079672,50,70,30
"Wed Feb 14 2018 00:00:00 GMT+0530 (India Standard Time)",55.6059707752659,50,70,30
"Thu Feb 15 2018 00:00:00 GMT+0530 (India Standard Time)",61.2676493847348,50,70,30
"Fri Feb 16 2018 00:00:00 GMT+0530 (India Standard Time)",41.5042787431828,50,70,30
"Mon Feb 19 2018 00:00:00 GMT+0530 (India Standard Time)",38.1552555405373,50,70,30
"Tue Feb 20 2018 00:00:00 GMT+0530 (India Standard Time)",35.7420344616334,50,70,30
"Wed Feb 21 2018 00:00:00 GMT+0530 (India Standard Time)",45.9773757334154,50,70,30
"Thu Feb 22 2018 00:00:00 GMT+0530 (India Standard Time)",38.2068576628837,50,70,30
"Fri Feb 23 2018 00:00:00 GMT+0530 (India Standard Time)",36.1633873756738,50,70,30
"Mon Feb 26 2018 00:00:00 GMT+0530 (India Standard Time)",46.6981533754413,50,70,30
"Tue Feb 27 2018 00:00:00 GMT+0530 (India Standard Time)",46.1046400276446,50,70,30
"Wed Feb 28 2018 00:00:00 GMT+0530 (India Standard Time)",52.4340102983621,50,70,30
"Thu Mar 01 2018 00:00:00 GMT+0530 (India Standard Time)",58.4847943531831,50,70,30
"Mon Mar 05 2018 00:00:00 GMT+0530 (India Standard Time)",53.4833435034567,50,70,30
"Tue Mar 06 2018 00:00:00 GMT+0530 (India Standard Time)",51.9020568465423,50,70,30
"Wed Mar 07 2018 00:00:00 GMT+0530 (India Standard Time)",52.968133488654,50,70,30
"Thu Mar 08 2018 00:00:00 GMT+0530 (India Standard Time)",57.9312967368357,50,70,30
"Fri Mar 09 2018 00:00:00 GMT+0530 (India Standard Time)",63.9552801902219,50,70,30
"Mon Mar 12 2018 00:00:00 GMT+0530 (India Standard Time)",70.7312809279492,50,70,30
"Tue Mar 13 2018 00:00:00 GMT+0530 (India Standard Time)",77.9445977746874,50,70,30
"Wed Mar 14 2018 00:00:00 GMT+0530 (India Standard Time)",77.836504710991,50,70,30
"Thu Mar 15 2018 00:00:00 GMT+0530 (India Standard Time)",71.2140846366715,50,70,30
"Fri Mar 16 2018 00:00:00 GMT+0530 (India Standard Time)",50.8498146326525,50,70,30
"Mon Mar 19 2018 00:00:00 GMT+0530 (India Standard Time)",37.3371653265713,50,70,30
"Tue Mar 20 2018 00:00:00 GMT+0530 (India Standard Time)",56.3065273218189,50,70,30
"Wed Mar 21 2018 00:00:00 GMT+0530 (India Standard Time)",49.4565025840255,50,70,30
"Thu Mar 22 2018 00:00:00 GMT+0530 (India Standard Time)",50.3686552479758,50,70,30
"Fri Mar 23 2018 00:00:00 GMT+0530 (India Standard Time)",47.6835482743423,50,70,30
"Mon Mar 26 2018 00:00:00 GMT+0530 (India Standard Time)",47.1868431573782,50,70,30
"Tue Mar 27 2018 00:00:00 GMT+0530 (India Standard Time)",58.9940805011155,50,70,30
"Wed Mar 28 2018 00:00:00 GMT+0530 (India Standard Time)",57.6078131911447,50,70,30
"Mon Apr 02 2018 00:00:00 GMT+0530 (India Standard Time)",55.1662995908681,50,70,30
"Tue Apr 03 2018 00:00:00 GMT+0530 (India Standard Time)",46.9836965940673,50,70,30
"Wed Apr 04 2018 00:00:00 GMT+0530 (India Standard Time)",65.5920441506003,50,70,30
"Thu Apr 05 2018 00:00:00 GMT+0530 (India Standard Time)",73.9126016705854,50,70,30
"Fri Apr 06 2018 00:00:00 GMT+0530 (India Standard Time)",75.0491955669372,50,70,30
"Mon Apr 09 2018 00:00:00 GMT+0530 (India Standard Time)",75.1172015194546,50,70,30
"Tue Apr 10 2018 00:00:00 GMT+0530 (India Standard Time)",76.9442023626576,50,70,30
"Wed Apr 11 2018 00:00:00 GMT+0530 (India Standard Time)",83.0874062545281,50,70,30
"Thu Apr 12 2018 00:00:00 GMT+0530 (India Standard Time)",82.9622013139639,50,70,30
"Fri Apr 13 2018 00:00:00 GMT+0530 (India Standard Time)",87.2236279342439,50,70,30
"Mon Apr 16 2018 00:00:00 GMT+0530 (India Standard Time)",85.2521331513675,50,70,30
"Tue Apr 17 2018 00:00:00 GMT+0530 (India Standard Time)",75.3336372378024,50,70,30
"Wed Apr 18 2018 00:00:00 GMT+0530 (India Standard Time)",70.0147348386232,50,70,30
"Thu Apr 19 2018 00:00:00 GMT+0530 (India Standard Time)",70.7329701702169,50,70,30
"Fri Apr 20 2018 00:00:00 GMT+0530 (India Standard Time)",74.2458209523282,50,70,30
"Mon Apr 23 2018 00:00:00 GMT+0530 (India Standard Time)",70.66930591128,50,70,30
"Tue Apr 24 2018 00:00:00 GMT+0530 (India Standard Time)",72.0036384862489,50,70,30
"Wed Apr 25 2018 00:00:00 GMT+0530 (India Standard Time)",55.9971578759735,50,70,30
"Thu Apr 26 2018 00:00:00 GMT+0530 (India Standard Time)",66.1906458264108,50,70,30
"Fri Apr 27 2018 00:00:00 GMT+0530 (India Standard Time)",72.5093920605339,50,70,30
"Mon Apr 30 2018 00:00:00 GMT+0530 (India Standard Time)",59.2044105479509,50,70,30
"Wed May 02 2018 00:00:00 GMT+0530 (India Standard Time)",44.0659596566459,50,70,30
"Thu May 03 2018 00:00:00 GMT+0530 (India Standard Time)",34.2917628904272,50,70,30
"Fri May 04 2018 00:00:00 GMT+0530 (India Standard Time)",27.0792550931664,50,70,30
"Mon May 07 2018 00:00:00 GMT+0530 (India Standard Time)",39.3470598449016,50,70,30
"Tue May 08 2018 00:00:00 GMT+0530 (India Standard Time)",50.6702429414793,50,70,30
"Wed May 09 2018 00:00:00 GMT+0530 (India Standard Time)",48.8933618260091,50,70,30
"Thu May 10 2018 00:00:00 GMT+0530 (India Standard Time)",54.3900836456708,50,70,30
"Fri May 11 2018 00:00:00 GMT+0530 (India Standard Time)",57.9377066622305,50,70,30
"Mon May 14 2018 00:00:00 GMT+0530 (India Standard Time)",50.3647088714857,50,70,30
"Tue May 15 2018 00:00:00 GMT+0530 (India Standard Time)",55.3164672620825,50,70,30
"Wed May 16 2018 00:00:00 GMT+0530 (India Standard Time)",50.9417380623641,50,70,30
"Thu May 17 2018 00:00:00 GMT+0530 (India Standard Time)",49.4217570921456,50,70,30
"Fri May 18 2018 00:00:00 GMT+0530 (India Standard Time)",41.1135419606726,50,70,30
"Mon May 21 2018 00:00:00 GMT+0530 (India Standard Time)",31.4010901257478,50,70,30
"Tue May 22 2018 00:00:00 GMT+0530 (India Standard Time)",43.1770691580896,50,70,30
"Wed May 23 2018 00:00:00 GMT+0530 (India Standard Time)",35.5558696583608,50,70,30
"Thu May 24 2018 00:00:00 GMT+0530 (India Standard Time)",38.432311101254,50,70,30
"Fri May 25 2018 00:00:00 GMT+0530 (India Standard Time)",52.1757055156787,50,70,30
"Mon May 28 2018 00:00:00 GMT+0530 (India Standard Time)",59.4528214861907,50,70,30
"Tue May 29 2018 00:00:00 GMT+0530 (India Standard Time)",55.9277431993267,50,70,30
"Wed May 30 2018 00:00:00 GMT+0530 (India Standard Time)",48.6822229586379,50,70,30
"Thu May 31 2018 00:00:00 GMT+0530 (India Standard Time)",59.1835677503885,50,70,30
"Fri Jun 01 2018 00:00:00 GMT+0530 (India Standard Time)",44.3611392535313,50,70,30
"Mon Jun 04 2018 00:00:00 GMT+0530 (India Standard Time)",38.3870276368606,50,70,30
"Tue Jun 05 2018 00:00:00 GMT+0530 (India Standard Time)",36.7431321672384,50,70,30
"Wed Jun 06 2018 00:00:00 GMT+0530 (India Standard Time)",49.3590457604074,50,70,30
"Thu Jun 07 2018 00:00:00 GMT+0530 (India Standard Time)",45.854033392059,50,70,30
"Fri Jun 08 2018 00:00:00 GMT+0530 (India Standard Time)",42.8945476327084,50,70,30
"Mon Jun 11 2018 00:00:00 GMT+0530 (India Standard Time)",46.1903808800742,50,70,30
"Tue Jun 12 2018 00:00:00 GMT+0530 (India Standard Time)",38.8063030143253,50,70,30
"Wed Jun 13 2018 00:00:00 GMT+0530 (India Standard Time)",44.0923896819894,50,70,30
"Thu Jun 14 2018 00:00:00 GMT+0530 (India Standard Time)",46.0641579058517,50,70,30
"Fri Jun 15 2018 00:00:00 GMT+0530 (India Standard Time)",46.9728754640313,50,70,30
"Mon Jun 18 2018 00:00:00 GMT+0530 (India Standard Time)",59.027800032771,50,70,30
"Tue Jun 19 2018 00:00:00 GMT+0530 (India Standard Time)",54.318161264517,50,70,30
"Wed Jun 20 2018 00:00:00 GMT+0530 (India Standard Time)",50.6876305236097,50,70,30
"Thu Jun 21 2018 00:00:00 GMT+0530 (India Standard Time)",42.1286207703645,50,70,30
"Fri Jun 22 2018 00:00:00 GMT+0530 (India Standard Time)",36.7754510635492,50,70,30
"Mon Jun 25 2018 00:00:00 GMT+0530 (India Standard Time)",45.2319668700571,50,70,30
"Tue Jun 26 2018 00:00:00 GMT+0530 (India Standard Time)",37.4242225842895,50,70,30
"Wed Jun 27 2018 00:00:00 GMT+0530 (India Standard Time)",28.2091539414374,50,70,30
"Thu Jun 28 2018 00:00:00 GMT+0530 (India Standard Time)",29.8255530083513,50,70,30
"Fri Jun 29 2018 00:00:00 GMT+0530 (India Standard Time)",34.9983643887451,50,70,30
"Mon Jul 02 2018 00:00:00 GMT+0530 (India Standard Time)",28.9760990047105,50,70,30
"Tue Jul 03 2018 00:00:00 GMT+0530 (India Standard Time)",27.5021752844937,50,70,30
"Wed Jul 04 2018 00:00:00 GMT+0530 (India Standard Time)",33.2341584433284,50,70,30
"Thu Jul 05 2018 00:00:00 GMT+0530 (India Standard Time)",27.676307407396,50,70,30
"Fri Jul 06 2018 00:00:00 GMT+0530 (India Standard Time)",24.1866589267259,50,70,30
