"date","rsi","middle","overbought","oversold"
"Wed Jul 26 2017 00:00:00 GMT+0530 (India Standard Time)",60.9523809523809,50,70,30
"Thu Jul 27 2017 00:00:00 GMT+0530 (India Standard Time)",47.7337923121056,50,70,30
"Fri Jul 28 2017 00:00:00 GMT+0530 (India Standard Time)",40.7474382157927,50,70,30
"Mon Jul 31 2017 00:00:00 GMT+0530 (India Standard Time)",36.649164167706,50,70,30
"Tue Aug 01 2017 00:00:00 GMT+0530 (India Standard Time)",42.9946645724035,50,70,30
"Wed Aug 02 2017 00:00:00 GMT+0530 (India Standard Time)",41.7623274916714,50,70,30
"Thu Aug 03 2017 00:00:00 GMT+0530 (India Standard Time)",27.8119825066034,50,70,30
"Fri Aug 04 2017 00:00:00 GMT+0530 (India Standard Time)",45.1269639328172,50,70,30
"Mon Aug 07 2017 00:00:00 GMT+0530 (India Standard Time)",49.4464130355178,50,70,30
"Tue Aug 08 2017 00:00:00 GMT+0530 (India Standard Time)",39.4085804575314,50,70,30
"Wed Aug 09 2017 00:00:00 GMT+0530 (India Standard Time)",36.068467050065,50,70,30
"Thu Aug 10 2017 00:00:00 GMT+0530 (India Standard Time)",31.746316918638,50,70,30
"Fri Aug 11 2017 00:00:00 GMT+0530 (India Standard Time)",28.3755005940767,50,70,30
"Mon Aug 14 2017 00:00:00 GMT+0530 (India Standard Time)",34.312350237308,50,70,30
"Wed Aug 16 2017 00:00:00 GMT+0530 (India Standard Time)",34.0231066089785,50,70,30
"Thu Aug 17 2017 00:00:00 GMT+0530 (India Standard Time)",54.1093256579898,50,70,30
"Fri Aug 18 2017 00:00:00 GMT+0530 (India Standard Time)",47.4430020467422,50,70,30
"Mon Aug 21 2017 00:00:00 GMT+0530 (India Standard Time)",39.7515279273139,50,70,30
"Tue Aug 22 2017 00:00:00 GMT+0530 (India Standard Time)",44.223125550691,50,70,30
"Wed Aug 23 2017 00:00:00 GMT+0530 (India Standard Time)",45.4466961641418,50,70,30
"Thu Aug 24 2017 00:00:00 GMT+0530 (India Standard Time)",45.944240799556,50,70,30
"Mon Aug 28 2017 00:00:00 GMT+0530 (India Standard Time)",51.7798391461535,50,70,30
"Tue Aug 29 2017 00:00:00 GMT+0530 (India Standard Time)",40.1473188030389,50,70,30
"Wed Aug 30 2017 00:00:00 GMT+0530 (India Standard Time)",48.931282858211,50,70,30
"Thu Aug 31 2017 00:00:00 GMT+0530 (India Standard Time)",40.4429565421332,50,70,30
"Fri Sep 01 2017 00:00:00 GMT+0530 (India Standard Time)",43.6474143361541,50,70,30
"Mon Sep 04 2017 00:00:00 GMT+0530 (India Standard Time)",59.4550192956383,50,70,30
"Tue Sep 05 2017 00:00:00 GMT+0530 (India Standard Time)",68.8846136949165,50,70,30
"Wed Sep 06 2017 00:00:00 GMT+0530 (India Standard Time)",70.9526475663897,50,70,30
"Thu Sep 07 2017 00:00:00 GMT+0530 (India Standard Time)",64.6011517630582,50,70,30
"Fri Sep 08 2017 00:00:00 GMT+0530 (India Standard Time)",66.9242817620697,50,70,30
"Mon Sep 11 2017 00:00:00 GMT+0530 (India Standard Time)",69.6918401775371,50,70,30
"Tue Sep 12 2017 00:00:00 GMT+0530 (India Standard Time)",70.389113379064,50,70,30
"Wed Sep 13 2017 00:00:00 GMT+0530 (India Standard Time)",66.1732637775606,50,70,30
"Thu Sep 14 2017 00:00:00 GMT+0530 (India Standard Time)",61.5641491502684,50,70,30
"Fri Sep 15 2017 00:00:00 GMT+0530 (India Standard Time)",70.2888815990301,50,70,30
"Mon Sep 18 2017 00:00:00 GMT+0530 (India Standard Time)",76.4555666427272,50,70,30
"Tue Sep 19 2017 00:00:00 GMT+0530 (India Standard Time)",58.6986853929742,50,70,30
"Wed Sep 20 2017 00:00:00 GMT+0530 (India Standard Time)",53.8852603160598,50,70,30
"Thu Sep 21 2017 00:00:00 GMT+0530 (India Standard Time)",48.1861626070969,50,70,30
"Fri Sep 22 2017 00:00:00 GMT+0530 (India Standard Time)",47.6052129012796,50,70,30
"Mon Sep 25 2017 00:00:00 GMT+0530 (India Standard Time)",55.6294267296036,50,70,30
"Tue Sep 26 2017 00:00:00 GMT+0530 (India Standard Time)",62.46613506853,50,70,30
"Wed Sep 27 2017 00:00:00 GMT+0530 (India Standard Time)",63.341604681817,50,70,30
"Thu Sep 28 2017 00:00:00 GMT+0530 (India Standard Time)",74.1050807326766,50,70,30
"Fri Sep 29 2017 00:00:00 GMT+0530 (India Standard Time)",77.456732600008,50,70,30
"Tue Oct 03 2017 00:00:00 GMT+0530 (India Standard Time)",78.6584863017132,50,70,30
"Wed Oct 04 2017 00:00:00 GMT+0530 (India Standard Time)",71.0572052530609,50,70,30
"Thu Oct 05 2017 00:00:00 GMT+0530 (India Standard Time)",75.4969900021819,50,70,30
"Fri Oct 06 2017 00:00:00 GMT+0530 (India Standard Time)",79.372671473342,50,70,30
"Mon Oct 09 2017 00:00:00 GMT+0530 (India Standard Time)",83.4449757867118,50,70,30
"Tue Oct 10 2017 00:00:00 GMT+0530 (India Standard Time)",86.3255031424028,50,70,30
"Wed Oct 11 2017 00:00:00 GMT+0530 (India Standard Time)",76.6613883658059,50,70,30
"Thu Oct 12 2017 00:00:00 GMT+0530 (India Standard Time)",74.6959172860614,50,70,30
"Fri Oct 13 2017 00:00:00 GMT+0530 (India Standard Time)",79.9311827833908,50,70,30
"Mon Oct 16 2017 00:00:00 GMT+0530 (India Standard Time)",82.8444368110275,50,70,30
"Tue Oct 17 2017 00:00:00 GMT+0530 (India Standard Time)",80.3100740832626,50,70,30
"Wed Oct 18 2017 00:00:00 GMT+0530 (India Standard Time)",80.0926025664876,50,70,30
"Thu Oct 19 2017 00:00:00 GMT+0530 (India Standard Time)",63.4418037962947,50,70,30
"Mon Oct 23 2017 00:00:00 GMT+0530 (India Standard Time)",70.3095352081255,50,70,30
"Tue Oct 24 2017 00:00:00 GMT+0530 (India Standard Time)",69.7495787287783,50,70,30
"Wed Oct 25 2017 00:00:00 GMT+0530 (India Standard Time)",67.4760064994391,50,70,30
"Thu Oct 26 2017 00:00:00 GMT+0530 (India Standard Time)",74.7329820969619,50,70,30
"Fri Oct 27 2017 00:00:00 GMT+0530 (India Standard Time)",59.4319792047847,50,70,30
"Mon Oct 30 2017 00:00:00 GMT+0530 (India Standard Time)",58.6078374713121,50,70,30
"Tue Oct 31 2017 00:00:00 GMT+0530 (India Standard Time)",50.6636075217765,50,70,30
"Wed Nov 01 2017 00:00:00 GMT+0530 (India Standard Time)",50.9765623769355,50,70,30
"Thu Nov 02 2017 00:00:00 GMT+0530 (India Standard Time)",63.4246717461446,50,70,30
"Fri Nov 03 2017 00:00:00 GMT+0530 (India Standard Time)",49.0528509279483,50,70,30
"Mon Nov 06 2017 00:00:00 GMT+0530 (India Standard Time)",48.5073617116385,50,70,30
"Tue Nov 07 2017 00:00:00 GMT+0530 (India Standard Time)",43.7371344083103,50,70,30
"Wed Nov 08 2017 00:00:00 GMT+0530 (India Standard Time)",54.1437176959128,50,70,30
"Thu Nov 09 2017 00:00:00 GMT+0530 (India Standard Time)",41.6074636176654,50,70,30
"Fri Nov 10 2017 00:00:00 GMT+0530 (India Standard Time)",44.9762191537978,50,70,30
"Mon Nov 13 2017 00:00:00 GMT+0530 (India Standard Time)",28.6683329787514,50,70,30
"Tue Nov 14 2017 00:00:00 GMT+0530 (India Standard Time)",27.6826605807875,50,70,30
"Wed Nov 15 2017 00:00:00 GMT+0530 (India Standard Time)",25.4141722530129,50,70,30
"Thu Nov 16 2017 00:00:00 GMT+0530 (India Standard Time)",21.0013928868205,50,70,30
"Fri Nov 17 2017 00:00:00 GMT+0530 (India Standard Time)",35.3998971804431,50,70,30
"Mon Nov 20 2017 00:00:00 GMT+0530 (India Standard Time)",48.8230179289898,50,70,30
"Tue Nov 21 2017 00:00:00 GMT+0530 (India Standard Time)",40.8029480799609,50,70,30
"Wed Nov 22 2017 00:00:00 GMT+0530 (India Standard Time)",37.6649182719442,50,70,30
"Thu Nov 23 2017 00:00:00 GMT+0530 (India Standard Time)",35.5363387364774,50,70,30
"Fri Nov 24 2017 00:00:00 GMT+0530 (India Standard Time)",38.6479502330272,50,70,30
"Mon Nov 27 2017 00:00:00 GMT+0530 (India Standard Time)",39.1322425370178,50,70,30
"Tue Nov 28 2017 00:00:00 GMT+0530 (India Standard Time)",47.7056535109107,50,70,30
"Wed Nov 29 2017 00:00:00 GMT+0530 (India Standard Time)",53.1990366218195,50,70,30
"Thu Nov 30 2017 00:00:00 GMT+0530 (India Standard Time)",51.5954950217294,50,70,30
"Fri Dec 01 2017 00:00:00 GMT+0530 (India Standard Time)",40.9213015141633,50,70,30
"Mon Dec 04 2017 00:00:00 GMT+0530 (India Standard Time)",29.4083685620414,50,70,30
"Tue Dec 05 2017 00:00:00 GMT+0530 (India Standard Time)",28.4328336223088,50,70,30
"Wed Dec 06 2017 00:00:00 GMT+0530 (India Standard Time)",28.1838913432746,50,70,30
"Thu Dec 07 2017 00:00:00 GMT+0530 (India Standard Time)",24.4036631046701,50,70,30
"Fri Dec 08 2017 00:00:00 GMT+0530 (India Standard Time)",33.5673932583776,50,70,30
"Mon Dec 11 2017 00:00:00 GMT+0530 (India Standard Time)",50.4656544801616,50,70,30
"Tue Dec 12 2017 00:00:00 GMT+0530 (India Standard Time)",36.6060413365489,50,70,30
"Wed Dec 13 2017 00:00:00 GMT+0530 (India Standard Time)",36.1618864169779,50,70,30
"Thu Dec 14 2017 00:00:00 GMT+0530 (India Standard Time)",35.5644022820526,50,70,30
"Fri Dec 15 2017 00:00:00 GMT+0530 (India Standard Time)",57.5499659255471,50,70,30
"Mon Dec 18 2017 00:00:00 GMT+0530 (India Standard Time)",49.5340892016577,50,70,30
"Tue Dec 19 2017 00:00:00 GMT+0530 (India Standard Time)",49.4155552556253,50,70,30
"Wed Dec 20 2017 00:00:00 GMT+0530 (India Standard Time)",54.1043352551115,50,70,30
"Thu Dec 21 2017 00:00:00 GMT+0530 (India Standard Time)",49.6548251058147,50,70,30
"Fri Dec 22 2017 00:00:00 GMT+0530 (India Standard Time)",44.2382554488127,50,70,30
"Tue Dec 26 2017 00:00:00 GMT+0530 (India Standard Time)",38.9659077309575,50,70,30
"Wed Dec 27 2017 00:00:00 GMT+0530 (India Standard Time)",36.1883355477768,50,70,30
"Thu Dec 28 2017 00:00:00 GMT+0530 (India Standard Time)",38.7088892752622,50,70,30
"Fri Dec 29 2017 00:00:00 GMT+0530 (India Standard Time)",38.129614059253,50,70,30
"Mon Jan 01 2018 00:00:00 GMT+0530 (India Standard Time)",53.1087217989713,50,70,30
"Tue Jan 02 2018 00:00:00 GMT+0530 (India Standard Time)",62.6870165018902,50,70,30
"Wed Jan 03 2018 00:00:00 GMT+0530 (India Standard Time)",66.8263538892402,50,70,30
"Thu Jan 04 2018 00:00:00 GMT+0530 (India Standard Time)",76.6894894637937,50,70,30
"Fri Jan 05 2018 00:00:00 GMT+0530 (India Standard Time)",77.9000001097621,50,70,30
"Mon Jan 08 2018 00:00:00 GMT+0530 (India Standard Time)",85.7302630898107,50,70,30
"Tue Jan 09 2018 00:00:00 GMT+0530 (India Standard Time)",91.9835059290843,50,70,30
"Wed Jan 10 2018 00:00:00 GMT+0530 (India Standard Time)",92.9023328403062,50,70,30
"Thu Jan 11 2018 00:00:00 GMT+0530 (India Standard Time)",92.3277265906713,50,70,30
"Fri Jan 12 2018 00:00:00 GMT+0530 (India Standard Time)",92.5664528785648,50,70,30
"Mon Jan 15 2018 00:00:00 GMT+0530 (India Standard Time)",82.3791217484739,50,70,30
"Tue Jan 16 2018 00:00:00 GMT+0530 (India Standard Time)",51.9488871882984,50,70,30
"Wed Jan 17 2018 00:00:00 GMT+0530 (India Standard Time)",50.9615711828307,50,70,30
"Thu Jan 18 2018 00:00:00 GMT+0530 (India Standard Time)",40.2372490412328,50,70,30
"Fri Jan 19 2018 00:00:00 GMT+0530 (India Standard Time)",41.932767759217,50,70,30
"Mon Jan 22 2018 00:00:00 GMT+0530 (India Standard Time)",43.9603614636148,50,70,30
"Tue Jan 23 2018 00:00:00 GMT+0530 (India Standard Time)",57.1853823386618,50,70,30
"Wed Jan 24 2018 00:00:00 GMT+0530 (India Standard Time)",59.1871689967729,50,70,30
"Thu Jan 25 2018 00:00:00 GMT+0530 (India Standard Time)",65.4259241770032,50,70,30
"Mon Jan 29 2018 00:00:00 GMT+0530 (India Standard Time)",68.1480678020624,50,70,30
"Tue Jan 30 2018 00:00:00 GMT+0530 (India Standard Time)",72.5516389223075,50,70,30
"Wed Jan 31 2018 00:00:00 GMT+0530 (India Standard Time)",58.3172242845984,50,70,30
"Thu Feb 01 2018 00:00:00 GMT+0530 (India Standard Time)",51.118700165853,50,70,30
"Fri Feb 02 2018 00:00:00 GMT+0530 (India Standard Time)",42.9820781204106,50,70,30
"Mon Feb 05 2018 00:00:00 GMT+0530 (India Standard Time)",50.6625767960834,50,70,30
"Tue Feb 06 2018 00:00:00 GMT+0530 (India Standard Time)",43.8474996818096,50,70,30
"Wed Feb 07 2018 00:00:00 GMT+0530 (India Standard Time)",55.181156278391,50,70,30
"Thu Feb 08 2018 00:00:00 GMT+0530 (India Standard Time)",58.3891168779709,50,70,30
"Fri Feb 09 2018 00:00:00 GMT+0530 (India Standard Time)",58.6027985554511,50,70,30
"Mon Feb 12 2018 00:00:00 GMT+0530 (India Standard Time)",59.4045945578092,50,70,30
"Wed Feb 14 2018 00:00:00 GMT+0530 (India Standard Time)",68.3240926951574,50,70,30
"Thu Feb 15 2018 00:00:00 GMT+0530 (India Standard Time)",69.7251340739942,50,70,30
"Fri Feb 16 2018 00:00:00 GMT+0530 (India Standard Time)",57.9044697256971,50,70,30
"Mon Feb 19 2018 00:00:00 GMT+0530 (India Standard Time)",61.0514062668261,50,70,30
"Tue Feb 20 2018 00:00:00 GMT+0530 (India Standard Time)",68.2569257357307,50,70,30
"Wed Feb 21 2018 00:00:00 GMT+0530 (India Standard Time)",68.4589108487198,50,70,30
"Thu Feb 22 2018 00:00:00 GMT+0530 (India Standard Time)",69.9307153295016,50,70,30
"Fri Feb 23 2018 00:00:00 GMT+0530 (India Standard Time)",67.7422864227016,50,70,30
"Mon Feb 26 2018 00:00:00 GMT+0530 (India Standard Time)",72.8141320390714,50,70,30
"Tue Feb 27 2018 00:00:00 GMT+0530 (India Standard Time)",56.2038767360147,50,70,30
"Wed Feb 28 2018 00:00:00 GMT+0530 (India Standard Time)",56.5436286235091,50,70,30
"Thu Mar 01 2018 00:00:00 GMT+0530 (India Standard Time)",64.4899392727162,50,70,30
"Mon Mar 05 2018 00:00:00 GMT+0530 (India Standard Time)",46.0815997873785,50,70,30
"Tue Mar 06 2018 00:00:00 GMT+0530 (India Standard Time)",48.9247757152779,50,70,30
"Wed Mar 07 2018 00:00:00 GMT+0530 (India Standard Time)",48.8010577877715,50,70,30
"Thu Mar 08 2018 00:00:00 GMT+0530 (India Standard Time)",44.9938801200347,50,70,30
"Fri Mar 09 2018 00:00:00 GMT+0530 (India Standard Time)",41.2781666608986,50,70,30
"Mon Mar 12 2018 00:00:00 GMT+0530 (India Standard Time)",29.0572623870602,50,70,30
"Tue Mar 13 2018 00:00:00 GMT+0530 (India Standard Time)",25.2791764856986,50,70,30
"Wed Mar 14 2018 00:00:00 GMT+0530 (India Standard Time)",23.1120533505252,50,70,30
"Thu Mar 15 2018 00:00:00 GMT+0530 (India Standard Time)",32.2964979722884,50,70,30
"Fri Mar 16 2018 00:00:00 GMT+0530 (India Standard Time)",16.2007246745625,50,70,30
"Mon Mar 19 2018 00:00:00 GMT+0530 (India Standard Time)",13.5444570476139,50,70,30
"Tue Mar 20 2018 00:00:00 GMT+0530 (India Standard Time)",12.7090462137008,50,70,30
"Wed Mar 21 2018 00:00:00 GMT+0530 (India Standard Time)",14.6353464902703,50,70,30
"Thu Mar 22 2018 00:00:00 GMT+0530 (India Standard Time)",13.8231032437389,50,70,30
"Fri Mar 23 2018 00:00:00 GMT+0530 (India Standard Time)",15.8001358334812,50,70,30
"Mon Mar 26 2018 00:00:00 GMT+0530 (India Standard Time)",27.9389634442768,50,70,30
"Tue Mar 27 2018 00:00:00 GMT+0530 (India Standard Time)",36.2686901674787,50,70,30
"Wed Mar 28 2018 00:00:00 GMT+0530 (India Standard Time)",52.5933202731623,50,70,30
"Mon Apr 02 2018 00:00:00 GMT+0530 (India Standard Time)",42.3647922795406,50,70,30
"Tue Apr 03 2018 00:00:00 GMT+0530 (India Standard Time)",45.4264235189268,50,70,30
"Wed Apr 04 2018 00:00:00 GMT+0530 (India Standard Time)",38.3024243194887,50,70,30
"Thu Apr 05 2018 00:00:00 GMT+0530 (India Standard Time)",45.576537829348,50,70,30
"Fri Apr 06 2018 00:00:00 GMT+0530 (India Standard Time)",42.0558095163532,50,70,30
"Mon Apr 09 2018 00:00:00 GMT+0530 (India Standard Time)",39.6691225818651,50,70,30
"Tue Apr 10 2018 00:00:00 GMT+0530 (India Standard Time)",54.0460519854264,50,70,30
"Wed Apr 11 2018 00:00:00 GMT+0530 (India Standard Time)",58.471902441732,50,70,30
"Thu Apr 12 2018 00:00:00 GMT+0530 (India Standard Time)",53.9181406068979,50,70,30
"Fri Apr 13 2018 00:00:00 GMT+0530 (India Standard Time)",60.4628555855973,50,70,30
"Mon Apr 16 2018 00:00:00 GMT+0530 (India Standard Time)",62.3994025618633,50,70,30
"Tue Apr 17 2018 00:00:00 GMT+0530 (India Standard Time)",65.0898294150853,50,70,30
"Wed Apr 18 2018 00:00:00 GMT+0530 (India Standard Time)",57.2167236535202,50,70,30
"Thu Apr 19 2018 00:00:00 GMT+0530 (India Standard Time)",51.7297276593312,50,70,30
"Fri Apr 20 2018 00:00:00 GMT+0530 (India Standard Time)",68.1469644039321,50,70,30
"Mon Apr 23 2018 00:00:00 GMT+0530 (India Standard Time)",61.964645087803,50,70,30
"Tue Apr 24 2018 00:00:00 GMT+0530 (India Standard Time)",63.1642490036479,50,70,30
"Wed Apr 25 2018 00:00:00 GMT+0530 (India Standard Time)",64.0063016685719,50,70,30
"Thu Apr 26 2018 00:00:00 GMT+0530 (India Standard Time)",63.4484517077978,50,70,30
"Fri Apr 27 2018 00:00:00 GMT+0530 (India Standard Time)",49.8995774625847,50,70,30
"Mon Apr 30 2018 00:00:00 GMT+0530 (India Standard Time)",45.09813531244,50,70,30
"Wed May 02 2018 00:00:00 GMT+0530 (India Standard Time)",35.0823343119469,50,70,30
"Thu May 03 2018 00:00:00 GMT+0530 (India Standard Time)",29.1827991494095,50,70,30
"Fri May 04 2018 00:00:00 GMT+0530 (India Standard Time)",22.2971284584945,50,70,30
"Mon May 07 2018 00:00:00 GMT+0530 (India Standard Time)",18.7698197507503,50,70,30
"Tue May 08 2018 00:00:00 GMT+0530 (India Standard Time)",21.5245122185698,50,70,30
"Wed May 09 2018 00:00:00 GMT+0530 (India Standard Time)",20.6621154533231,50,70,30
"Thu May 10 2018 00:00:00 GMT+0530 (India Standard Time)",28.8815849015454,50,70,30
"Fri May 11 2018 00:00:00 GMT+0530 (India Standard Time)",35.2656835740852,50,70,30
"Mon May 14 2018 00:00:00 GMT+0530 (India Standard Time)",33.2809560925567,50,70,30
"Tue May 15 2018 00:00:00 GMT+0530 (India Standard Time)",22.9884052220855,50,70,30
"Wed May 16 2018 00:00:00 GMT+0530 (India Standard Time)",22.9884052220855,50,70,30
"Thu May 17 2018 00:00:00 GMT+0530 (India Standard Time)",48.7576135253748,50,70,30
"Fri May 18 2018 00:00:00 GMT+0530 (India Standard Time)",39.7427585400807,50,70,30
"Mon May 21 2018 00:00:00 GMT+0530 (India Standard Time)",47.9012969140491,50,70,30
"Tue May 22 2018 00:00:00 GMT+0530 (India Standard Time)",62.7463909020893,50,70,30
"Wed May 23 2018 00:00:00 GMT+0530 (India Standard Time)",56.7081352029351,50,70,30
"Thu May 24 2018 00:00:00 GMT+0530 (India Standard Time)",62.4185075316833,50,70,30
"Fri May 25 2018 00:00:00 GMT+0530 (India Standard Time)",53.0944841878804,50,70,30
"Mon May 28 2018 00:00:00 GMT+0530 (India Standard Time)",65.3163599085601,50,70,30
"Tue May 29 2018 00:00:00 GMT+0530 (India Standard Time)",60.4744981680872,50,70,30
"Wed May 30 2018 00:00:00 GMT+0530 (India Standard Time)",67.9672487611173,50,70,30
"Thu May 31 2018 00:00:00 GMT+0530 (India Standard Time)",74.0637045574254,50,70,30
"Fri Jun 01 2018 00:00:00 GMT+0530 (India Standard Time)",70.6175766629365,50,70,30
"Mon Jun 04 2018 00:00:00 GMT+0530 (India Standard Time)",66.0726246296916,50,70,30
"Tue Jun 05 2018 00:00:00 GMT+0530 (India Standard Time)",52.1795540531952,50,70,30
"Wed Jun 06 2018 00:00:00 GMT+0530 (India Standard Time)",59.4140280713691,50,70,30
"Thu Jun 07 2018 00:00:00 GMT+0530 (India Standard Time)",56.2329356180685,50,70,30
"Fri Jun 08 2018 00:00:00 GMT+0530 (India Standard Time)",57.7253093315209,50,70,30
"Mon Jun 11 2018 00:00:00 GMT+0530 (India Standard Time)",53.5143744227062,50,70,30
"Tue Jun 12 2018 00:00:00 GMT+0530 (India Standard Time)",45.2334448493571,50,70,30
"Wed Jun 13 2018 00:00:00 GMT+0530 (India Standard Time)",46.2266678109408,50,70,30
"Thu Jun 14 2018 00:00:00 GMT+0530 (India Standard Time)",44.5686610626673,50,70,30
"Fri Jun 15 2018 00:00:00 GMT+0530 (India Standard Time)",36.6915677542825,50,70,30
"Mon Jun 18 2018 00:00:00 GMT+0530 (India Standard Time)",29.629888751175,50,70,30
"Tue Jun 19 2018 00:00:00 GMT+0530 (India Standard Time)",28.0258436345683,50,70,30
"Wed Jun 20 2018 00:00:00 GMT+0530 (India Standard Time)",25.0805453157268,50,70,30
"Thu Jun 21 2018 00:00:00 GMT+0530 (India Standard Time)",21.8159930645979,50,70,30
"Fri Jun 22 2018 00:00:00 GMT+0530 (India Standard Time)",19.0101298162687,50,70,30
"Mon Jun 25 2018 00:00:00 GMT+0530 (India Standard Time)",14.57145486775,50,70,30
"Tue Jun 26 2018 00:00:00 GMT+0530 (India Standard Time)",33.4268122670335,50,70,30
"Wed Jun 27 2018 00:00:00 GMT+0530 (India Standard Time)",35.4321258730853,50,70,30
"Thu Jun 28 2018 00:00:00 GMT+0530 (India Standard Time)",28.4986220906941,50,70,30
"Fri Jun 29 2018 00:00:00 GMT+0530 (India Standard Time)",38.314496401534,50,70,30
"Mon Jul 02 2018 00:00:00 GMT+0530 (India Standard Time)",32.9534958695823,50,70,30
"Tue Jul 03 2018 00:00:00 GMT+0530 (India Standard Time)",33.7973045057484,50,70,30
"Wed Jul 04 2018 00:00:00 GMT+0530 (India Standard Time)",43.388395060233,50,70,30
"Thu Jul 05 2018 00:00:00 GMT+0530 (India Standard Time)",55.9160469792209,50,70,30
