"date","rsi","middle","overbought","oversold"
"Mon Jul 03 2017 00:00:00 GMT+0530 (India Standard Time)",51.7660683265779,50,70,30
"Tue Jul 04 2017 00:00:00 GMT+0530 (India Standard Time)",48.6513639852089,50,70,30
"Wed Jul 05 2017 00:00:00 GMT+0530 (India Standard Time)",56.7932767644655,50,70,30
"Thu Jul 06 2017 00:00:00 GMT+0530 (India Standard Time)",55.864126893443,50,70,30
"Fri Jul 07 2017 00:00:00 GMT+0530 (India Standard Time)",56.597204202616,50,70,30
"Mon Jul 10 2017 00:00:00 GMT+0530 (India Standard Time)",59.834733690611,50,70,30
"Tue Jul 11 2017 00:00:00 GMT+0530 (India Standard Time)",60.732826328586,50,70,30
"Wed Jul 12 2017 00:00:00 GMT+0530 (India Standard Time)",61.0763774734439,50,70,30
"Thu Jul 13 2017 00:00:00 GMT+0530 (India Standard Time)",80.8595628214346,50,70,30
"Fri Jul 14 2017 00:00:00 GMT+0530 (India Standard Time)",70.1095444138741,50,70,30
"Mon Jul 17 2017 00:00:00 GMT+0530 (India Standard Time)",60.9014781596318,50,70,30
"Tue Jul 18 2017 00:00:00 GMT+0530 (India Standard Time)",64.1776695070014,50,70,30
"Wed Jul 19 2017 00:00:00 GMT+0530 (India Standard Time)",67.8829346447194,50,70,30
"Thu Jul 20 2017 00:00:00 GMT+0530 (India Standard Time)",68.326754746769,50,70,30
"Fri Jul 21 2017 00:00:00 GMT+0530 (India Standard Time)",70.3024801074861,50,70,30
"Mon Jul 24 2017 00:00:00 GMT+0530 (India Standard Time)",74.9512423247605,50,70,30
"Tue Jul 25 2017 00:00:00 GMT+0530 (India Standard Time)",80.5041230141095,50,70,30
"Wed Jul 26 2017 00:00:00 GMT+0530 (India Standard Time)",90.1458378008449,50,70,30
"Thu Jul 27 2017 00:00:00 GMT+0530 (India Standard Time)",93.1952997823252,50,70,30
"Fri Jul 28 2017 00:00:00 GMT+0530 (India Standard Time)",94.6444124040702,50,70,30
"Mon Jul 31 2017 00:00:00 GMT+0530 (India Standard Time)",82.8798384826185,50,70,30
"Tue Aug 01 2017 00:00:00 GMT+0530 (India Standard Time)",84.1288370850201,50,70,30
"Wed Aug 02 2017 00:00:00 GMT+0530 (India Standard Time)",84.259472513738,50,70,30
"Thu Aug 03 2017 00:00:00 GMT+0530 (India Standard Time)",68.1519565330866,50,70,30
"Fri Aug 04 2017 00:00:00 GMT+0530 (India Standard Time)",71.4100631810606,50,70,30
"Mon Aug 07 2017 00:00:00 GMT+0530 (India Standard Time)",68.4992215200579,50,70,30
"Tue Aug 08 2017 00:00:00 GMT+0530 (India Standard Time)",56.574473776309,50,70,30
"Wed Aug 09 2017 00:00:00 GMT+0530 (India Standard Time)",50.4346420293938,50,70,30
"Thu Aug 10 2017 00:00:00 GMT+0530 (India Standard Time)",47.3487870152226,50,70,30
"Fri Aug 11 2017 00:00:00 GMT+0530 (India Standard Time)",50.2041734302479,50,70,30
"Mon Aug 14 2017 00:00:00 GMT+0530 (India Standard Time)",60.576069269237,50,70,30
"Wed Aug 16 2017 00:00:00 GMT+0530 (India Standard Time)",54.9521946490394,50,70,30
"Thu Aug 17 2017 00:00:00 GMT+0530 (India Standard Time)",47.6683315412893,50,70,30
"Fri Aug 18 2017 00:00:00 GMT+0530 (India Standard Time)",42.8777077678503,50,70,30
"Mon Aug 21 2017 00:00:00 GMT+0530 (India Standard Time)",41.7476577174466,50,70,30
"Tue Aug 22 2017 00:00:00 GMT+0530 (India Standard Time)",40.5895295697928,50,70,30
"Wed Aug 23 2017 00:00:00 GMT+0530 (India Standard Time)",45.3537265939796,50,70,30
"Thu Aug 24 2017 00:00:00 GMT+0530 (India Standard Time)",43.8636033756543,50,70,30
"Mon Aug 28 2017 00:00:00 GMT+0530 (India Standard Time)",58.0508075075478,50,70,30
"Tue Aug 29 2017 00:00:00 GMT+0530 (India Standard Time)",45.5820885841261,50,70,30
"Wed Aug 30 2017 00:00:00 GMT+0530 (India Standard Time)",56.0469715383523,50,70,30
"Thu Aug 31 2017 00:00:00 GMT+0530 (India Standard Time)",56.3481717282903,50,70,30
"Fri Sep 01 2017 00:00:00 GMT+0530 (India Standard Time)",63.4640292925744,50,70,30
"Mon Sep 04 2017 00:00:00 GMT+0530 (India Standard Time)",57.7328161775545,50,70,30
"Tue Sep 05 2017 00:00:00 GMT+0530 (India Standard Time)",62.2407697776771,50,70,30
"Wed Sep 06 2017 00:00:00 GMT+0530 (India Standard Time)",66.7771011156225,50,70,30
"Thu Sep 07 2017 00:00:00 GMT+0530 (India Standard Time)",68.4617995580916,50,70,30
"Fri Sep 08 2017 00:00:00 GMT+0530 (India Standard Time)",61.8789654411875,50,70,30
"Mon Sep 11 2017 00:00:00 GMT+0530 (India Standard Time)",75.1664748103636,50,70,30
"Tue Sep 12 2017 00:00:00 GMT+0530 (India Standard Time)",76.7030696747749,50,70,30
"Wed Sep 13 2017 00:00:00 GMT+0530 (India Standard Time)",69.9574550429933,50,70,30
"Thu Sep 14 2017 00:00:00 GMT+0530 (India Standard Time)",72.895167444779,50,70,30
"Fri Sep 15 2017 00:00:00 GMT+0530 (India Standard Time)",68.8705584011603,50,70,30
"Mon Sep 18 2017 00:00:00 GMT+0530 (India Standard Time)",72.6500635794191,50,70,30
"Tue Sep 19 2017 00:00:00 GMT+0530 (India Standard Time)",74.5114034115859,50,70,30
"Wed Sep 20 2017 00:00:00 GMT+0530 (India Standard Time)",77.7450688260827,50,70,30
"Thu Sep 21 2017 00:00:00 GMT+0530 (India Standard Time)",78.9139251457938,50,70,30
"Fri Sep 22 2017 00:00:00 GMT+0530 (India Standard Time)",40.1614798905957,50,70,30
"Mon Sep 25 2017 00:00:00 GMT+0530 (India Standard Time)",38.7555216845356,50,70,30
"Tue Sep 26 2017 00:00:00 GMT+0530 (India Standard Time)",41.3502123843224,50,70,30
"Wed Sep 27 2017 00:00:00 GMT+0530 (India Standard Time)",31.3037696566153,50,70,30
"Thu Sep 28 2017 00:00:00 GMT+0530 (India Standard Time)",28.7424133549386,50,70,30
"Fri Sep 29 2017 00:00:00 GMT+0530 (India Standard Time)",27.865480101791,50,70,30
"Tue Oct 03 2017 00:00:00 GMT+0530 (India Standard Time)",31.0512676652729,50,70,30
"Wed Oct 04 2017 00:00:00 GMT+0530 (India Standard Time)",43.9682259573385,50,70,30
"Thu Oct 05 2017 00:00:00 GMT+0530 (India Standard Time)",51.9496075038419,50,70,30
"Fri Oct 06 2017 00:00:00 GMT+0530 (India Standard Time)",62.633985516037,50,70,30
"Mon Oct 09 2017 00:00:00 GMT+0530 (India Standard Time)",69.0181492941987,50,70,30
"Tue Oct 10 2017 00:00:00 GMT+0530 (India Standard Time)",71.2414678088904,50,70,30
"Wed Oct 11 2017 00:00:00 GMT+0530 (India Standard Time)",50.5304785079162,50,70,30
"Thu Oct 12 2017 00:00:00 GMT+0530 (India Standard Time)",54.2507601708493,50,70,30
"Fri Oct 13 2017 00:00:00 GMT+0530 (India Standard Time)",60.406338947333,50,70,30
"Mon Oct 16 2017 00:00:00 GMT+0530 (India Standard Time)",56.3381856060082,50,70,30
"Tue Oct 17 2017 00:00:00 GMT+0530 (India Standard Time)",64.4243326113126,50,70,30
"Wed Oct 18 2017 00:00:00 GMT+0530 (India Standard Time)",45.7789106741944,50,70,30
"Thu Oct 19 2017 00:00:00 GMT+0530 (India Standard Time)",40.2356625849315,50,70,30
"Mon Oct 23 2017 00:00:00 GMT+0530 (India Standard Time)",35.974322744511,50,70,30
"Tue Oct 24 2017 00:00:00 GMT+0530 (India Standard Time)",30.0435633729404,50,70,30
"Wed Oct 25 2017 00:00:00 GMT+0530 (India Standard Time)",18.4880951516823,50,70,30
"Thu Oct 26 2017 00:00:00 GMT+0530 (India Standard Time)",25.3683592985584,50,70,30
"Fri Oct 27 2017 00:00:00 GMT+0530 (India Standard Time)",16.39851135637,50,70,30
"Mon Oct 30 2017 00:00:00 GMT+0530 (India Standard Time)",26.1321166227041,50,70,30
"Tue Oct 31 2017 00:00:00 GMT+0530 (India Standard Time)",25.8648320232975,50,70,30
"Wed Nov 01 2017 00:00:00 GMT+0530 (India Standard Time)",31.9546698427041,50,70,30
"Thu Nov 02 2017 00:00:00 GMT+0530 (India Standard Time)",34.2157896341624,50,70,30
"Fri Nov 03 2017 00:00:00 GMT+0530 (India Standard Time)",41.6706427149312,50,70,30
"Mon Nov 06 2017 00:00:00 GMT+0530 (India Standard Time)",36.2423904270564,50,70,30
"Tue Nov 07 2017 00:00:00 GMT+0530 (India Standard Time)",30.4641749647992,50,70,30
"Wed Nov 08 2017 00:00:00 GMT+0530 (India Standard Time)",25.7559029395063,50,70,30
"Thu Nov 09 2017 00:00:00 GMT+0530 (India Standard Time)",27.1536218178746,50,70,30
"Fri Nov 10 2017 00:00:00 GMT+0530 (India Standard Time)",26.74355254333,50,70,30
"Mon Nov 13 2017 00:00:00 GMT+0530 (India Standard Time)",26.5125594307197,50,70,30
"Tue Nov 14 2017 00:00:00 GMT+0530 (India Standard Time)",25.4961640635154,50,70,30
"Wed Nov 15 2017 00:00:00 GMT+0530 (India Standard Time)",24.0761745152936,50,70,30
"Thu Nov 16 2017 00:00:00 GMT+0530 (India Standard Time)",25.1286737705269,50,70,30
"Fri Nov 17 2017 00:00:00 GMT+0530 (India Standard Time)",38.5980371421958,50,70,30
"Mon Nov 20 2017 00:00:00 GMT+0530 (India Standard Time)",53.2541623266728,50,70,30
"Tue Nov 21 2017 00:00:00 GMT+0530 (India Standard Time)",51.2114682123821,50,70,30
"Wed Nov 22 2017 00:00:00 GMT+0530 (India Standard Time)",46.2412223368827,50,70,30
"Thu Nov 23 2017 00:00:00 GMT+0530 (India Standard Time)",53.4033364787992,50,70,30
"Fri Nov 24 2017 00:00:00 GMT+0530 (India Standard Time)",52.9383162614096,50,70,30
"Mon Nov 27 2017 00:00:00 GMT+0530 (India Standard Time)",57.7176068073609,50,70,30
"Tue Nov 28 2017 00:00:00 GMT+0530 (India Standard Time)",56.8297189354935,50,70,30
"Wed Nov 29 2017 00:00:00 GMT+0530 (India Standard Time)",50.5490133175872,50,70,30
"Thu Nov 30 2017 00:00:00 GMT+0530 (India Standard Time)",37.050023262949,50,70,30
"Fri Dec 01 2017 00:00:00 GMT+0530 (India Standard Time)",36.9551311748517,50,70,30
"Mon Dec 04 2017 00:00:00 GMT+0530 (India Standard Time)",30.3974606819202,50,70,30
"Tue Dec 05 2017 00:00:00 GMT+0530 (India Standard Time)",46.8084632053439,50,70,30
"Wed Dec 06 2017 00:00:00 GMT+0530 (India Standard Time)",42.1206254281831,50,70,30
"Thu Dec 07 2017 00:00:00 GMT+0530 (India Standard Time)",52.0867105377303,50,70,30
"Fri Dec 08 2017 00:00:00 GMT+0530 (India Standard Time)",56.7539760802629,50,70,30
"Mon Dec 11 2017 00:00:00 GMT+0530 (India Standard Time)",53.7341968381894,50,70,30
"Tue Dec 12 2017 00:00:00 GMT+0530 (India Standard Time)",42.3804145528442,50,70,30
"Wed Dec 13 2017 00:00:00 GMT+0530 (India Standard Time)",33.9346974351682,50,70,30
"Thu Dec 14 2017 00:00:00 GMT+0530 (India Standard Time)",39.6031848984661,50,70,30
"Fri Dec 15 2017 00:00:00 GMT+0530 (India Standard Time)",62.1101131879085,50,70,30
"Mon Dec 18 2017 00:00:00 GMT+0530 (India Standard Time)",53.0764422997623,50,70,30
"Tue Dec 19 2017 00:00:00 GMT+0530 (India Standard Time)",54.8318625671926,50,70,30
"Wed Dec 20 2017 00:00:00 GMT+0530 (India Standard Time)",53.6734386733319,50,70,30
"Thu Dec 21 2017 00:00:00 GMT+0530 (India Standard Time)",50.855892641408,50,70,30
"Fri Dec 22 2017 00:00:00 GMT+0530 (India Standard Time)",50.1272003121621,50,70,30
"Tue Dec 26 2017 00:00:00 GMT+0530 (India Standard Time)",61.4833651262935,50,70,30
"Wed Dec 27 2017 00:00:00 GMT+0530 (India Standard Time)",60.4444347888119,50,70,30
"Thu Dec 28 2017 00:00:00 GMT+0530 (India Standard Time)",55.3562887120116,50,70,30
"Fri Dec 29 2017 00:00:00 GMT+0530 (India Standard Time)",59.3086219512718,50,70,30
"Mon Jan 01 2018 00:00:00 GMT+0530 (India Standard Time)",51.2222122976503,50,70,30
"Tue Jan 02 2018 00:00:00 GMT+0530 (India Standard Time)",48.3863070629808,50,70,30
"Wed Jan 03 2018 00:00:00 GMT+0530 (India Standard Time)",59.7531298014582,50,70,30
"Thu Jan 04 2018 00:00:00 GMT+0530 (India Standard Time)",62.5829105346148,50,70,30
"Fri Jan 05 2018 00:00:00 GMT+0530 (India Standard Time)",81.496910279088,50,70,30
"Mon Jan 08 2018 00:00:00 GMT+0530 (India Standard Time)",81.9969315966175,50,70,30
"Tue Jan 09 2018 00:00:00 GMT+0530 (India Standard Time)",86.3840591950063,50,70,30
"Wed Jan 10 2018 00:00:00 GMT+0530 (India Standard Time)",81.7848366218887,50,70,30
"Thu Jan 11 2018 00:00:00 GMT+0530 (India Standard Time)",83.9198557720951,50,70,30
"Fri Jan 12 2018 00:00:00 GMT+0530 (India Standard Time)",76.9317431631404,50,70,30
"Mon Jan 15 2018 00:00:00 GMT+0530 (India Standard Time)",63.6196104102309,50,70,30
"Tue Jan 16 2018 00:00:00 GMT+0530 (India Standard Time)",60.7719079823684,50,70,30
"Wed Jan 17 2018 00:00:00 GMT+0530 (India Standard Time)",70.7051650297555,50,70,30
"Thu Jan 18 2018 00:00:00 GMT+0530 (India Standard Time)",67.5674450235094,50,70,30
"Fri Jan 19 2018 00:00:00 GMT+0530 (India Standard Time)",75.936066644711,50,70,30
"Mon Jan 22 2018 00:00:00 GMT+0530 (India Standard Time)",80.2623075158964,50,70,30
"Tue Jan 23 2018 00:00:00 GMT+0530 (India Standard Time)",82.7649689271794,50,70,30
"Wed Jan 24 2018 00:00:00 GMT+0530 (India Standard Time)",85.4295897572393,50,70,30
"Thu Jan 25 2018 00:00:00 GMT+0530 (India Standard Time)",77.0515344772065,50,70,30
"Mon Jan 29 2018 00:00:00 GMT+0530 (India Standard Time)",68.3503909420948,50,70,30
"Tue Jan 30 2018 00:00:00 GMT+0530 (India Standard Time)",58.5039634188658,50,70,30
"Wed Jan 31 2018 00:00:00 GMT+0530 (India Standard Time)",60.0051211395131,50,70,30
"Thu Feb 01 2018 00:00:00 GMT+0530 (India Standard Time)",67.1808813489142,50,70,30
"Fri Feb 02 2018 00:00:00 GMT+0530 (India Standard Time)",47.7003737430678,50,70,30
"Mon Feb 05 2018 00:00:00 GMT+0530 (India Standard Time)",40.8371972038527,50,70,30
"Tue Feb 06 2018 00:00:00 GMT+0530 (India Standard Time)",35.5805462254618,50,70,30
"Wed Feb 07 2018 00:00:00 GMT+0530 (India Standard Time)",30.1747578188916,50,70,30
"Thu Feb 08 2018 00:00:00 GMT+0530 (India Standard Time)",34.3087109723445,50,70,30
"Fri Feb 09 2018 00:00:00 GMT+0530 (India Standard Time)",26.241801735098,50,70,30
"Mon Feb 12 2018 00:00:00 GMT+0530 (India Standard Time)",42.5014746419203,50,70,30
"Wed Feb 14 2018 00:00:00 GMT+0530 (India Standard Time)",30.6065033582011,50,70,30
"Thu Feb 15 2018 00:00:00 GMT+0530 (India Standard Time)",30.2495167402621,50,70,30
"Fri Feb 16 2018 00:00:00 GMT+0530 (India Standard Time)",25.2974148959468,50,70,30
"Mon Feb 19 2018 00:00:00 GMT+0530 (India Standard Time)",25.7357927483953,50,70,30
"Tue Feb 20 2018 00:00:00 GMT+0530 (India Standard Time)",23.5949501259834,50,70,30
"Wed Feb 21 2018 00:00:00 GMT+0530 (India Standard Time)",30.8287845401606,50,70,30
"Thu Feb 22 2018 00:00:00 GMT+0530 (India Standard Time)",37.8088774830918,50,70,30
"Fri Feb 23 2018 00:00:00 GMT+0530 (India Standard Time)",49.3645332069136,50,70,30
"Mon Feb 26 2018 00:00:00 GMT+0530 (India Standard Time)",53.0612963196658,50,70,30
"Tue Feb 27 2018 00:00:00 GMT+0530 (India Standard Time)",54.4814627546032,50,70,30
"Wed Feb 28 2018 00:00:00 GMT+0530 (India Standard Time)",46.5925946644374,50,70,30
"Thu Mar 01 2018 00:00:00 GMT+0530 (India Standard Time)",44.6691070804162,50,70,30
"Mon Mar 05 2018 00:00:00 GMT+0530 (India Standard Time)",34.1331911512583,50,70,30
"Tue Mar 06 2018 00:00:00 GMT+0530 (India Standard Time)",33.2397305728799,50,70,30
"Wed Mar 07 2018 00:00:00 GMT+0530 (India Standard Time)",32.9906286904117,50,70,30
"Thu Mar 08 2018 00:00:00 GMT+0530 (India Standard Time)",28.7625443315198,50,70,30
"Fri Mar 09 2018 00:00:00 GMT+0530 (India Standard Time)",23.3744084449788,50,70,30
"Mon Mar 12 2018 00:00:00 GMT+0530 (India Standard Time)",42.0464046808992,50,70,30
"Tue Mar 13 2018 00:00:00 GMT+0530 (India Standard Time)",45.2609456203306,50,70,30
"Wed Mar 14 2018 00:00:00 GMT+0530 (India Standard Time)",55.6650390741832,50,70,30
"Thu Mar 15 2018 00:00:00 GMT+0530 (India Standard Time)",44.3990111438194,50,70,30
"Fri Mar 16 2018 00:00:00 GMT+0530 (India Standard Time)",46.2807418745468,50,70,30
"Mon Mar 19 2018 00:00:00 GMT+0530 (India Standard Time)",35.5665327665478,50,70,30
"Tue Mar 20 2018 00:00:00 GMT+0530 (India Standard Time)",32.9580084112816,50,70,30
"Wed Mar 21 2018 00:00:00 GMT+0530 (India Standard Time)",31.1459367329463,50,70,30
"Thu Mar 22 2018 00:00:00 GMT+0530 (India Standard Time)",28.4146878708252,50,70,30
"Fri Mar 23 2018 00:00:00 GMT+0530 (India Standard Time)",19.3364364862986,50,70,30
"Mon Mar 26 2018 00:00:00 GMT+0530 (India Standard Time)",47.3035254904938,50,70,30
"Tue Mar 27 2018 00:00:00 GMT+0530 (India Standard Time)",47.4922013626318,50,70,30
"Wed Mar 28 2018 00:00:00 GMT+0530 (India Standard Time)",49.374525152008,50,70,30
"Mon Apr 02 2018 00:00:00 GMT+0530 (India Standard Time)",51.4568139876961,50,70,30
"Tue Apr 03 2018 00:00:00 GMT+0530 (India Standard Time)",60.6048020716167,50,70,30
"Wed Apr 04 2018 00:00:00 GMT+0530 (India Standard Time)",48.7632478545075,50,70,30
"Thu Apr 05 2018 00:00:00 GMT+0530 (India Standard Time)",58.1390919875648,50,70,30
"Fri Apr 06 2018 00:00:00 GMT+0530 (India Standard Time)",59.7601101700545,50,70,30
"Mon Apr 09 2018 00:00:00 GMT+0530 (India Standard Time)",61.8190512145369,50,70,30
"Tue Apr 10 2018 00:00:00 GMT+0530 (India Standard Time)",65.3281475184715,50,70,30
"Wed Apr 11 2018 00:00:00 GMT+0530 (India Standard Time)",52.0012999589256,50,70,30
"Thu Apr 12 2018 00:00:00 GMT+0530 (India Standard Time)",51.582621702278,50,70,30
"Fri Apr 13 2018 00:00:00 GMT+0530 (India Standard Time)",47.6843454598073,50,70,30
"Mon Apr 16 2018 00:00:00 GMT+0530 (India Standard Time)",49.2922445868705,50,70,30
"Tue Apr 17 2018 00:00:00 GMT+0530 (India Standard Time)",44.463293874982,50,70,30
"Wed Apr 18 2018 00:00:00 GMT+0530 (India Standard Time)",48.3920624541523,50,70,30
"Thu Apr 19 2018 00:00:00 GMT+0530 (India Standard Time)",64.2295865179606,50,70,30
"Fri Apr 20 2018 00:00:00 GMT+0530 (India Standard Time)",46.0870607659117,50,70,30
"Mon Apr 23 2018 00:00:00 GMT+0530 (India Standard Time)",53.0129861317218,50,70,30
"Tue Apr 24 2018 00:00:00 GMT+0530 (India Standard Time)",65.4682492719445,50,70,30
"Wed Apr 25 2018 00:00:00 GMT+0530 (India Standard Time)",66.6332670373157,50,70,30
"Thu Apr 26 2018 00:00:00 GMT+0530 (India Standard Time)",81.9201034777678,50,70,30
"Fri Apr 27 2018 00:00:00 GMT+0530 (India Standard Time)",76.6936233132684,50,70,30
"Mon Apr 30 2018 00:00:00 GMT+0530 (India Standard Time)",81.7280940742406,50,70,30
"Wed May 02 2018 00:00:00 GMT+0530 (India Standard Time)",71.2255779482345,50,70,30
"Thu May 03 2018 00:00:00 GMT+0530 (India Standard Time)",70.8190973399595,50,70,30
"Fri May 04 2018 00:00:00 GMT+0530 (India Standard Time)",59.2997775094961,50,70,30
"Mon May 07 2018 00:00:00 GMT+0530 (India Standard Time)",61.5810869147479,50,70,30
"Tue May 08 2018 00:00:00 GMT+0530 (India Standard Time)",55.6664432131634,50,70,30
"Wed May 09 2018 00:00:00 GMT+0530 (India Standard Time)",60.0461164465343,50,70,30
"Thu May 10 2018 00:00:00 GMT+0530 (India Standard Time)",55.5896602508086,50,70,30
"Fri May 11 2018 00:00:00 GMT+0530 (India Standard Time)",61.3776687206808,50,70,30
"Mon May 14 2018 00:00:00 GMT+0530 (India Standard Time)",53.541685724912,50,70,30
"Tue May 15 2018 00:00:00 GMT+0530 (India Standard Time)",54.7047684098986,50,70,30
"Wed May 16 2018 00:00:00 GMT+0530 (India Standard Time)",59.6165077211817,50,70,30
"Thu May 17 2018 00:00:00 GMT+0530 (India Standard Time)",52.3320312821885,50,70,30
"Fri May 18 2018 00:00:00 GMT+0530 (India Standard Time)",52.6321776703488,50,70,30
"Mon May 21 2018 00:00:00 GMT+0530 (India Standard Time)",37.2668222500092,50,70,30
"Tue May 22 2018 00:00:00 GMT+0530 (India Standard Time)",38.2743834668924,50,70,30
"Wed May 23 2018 00:00:00 GMT+0530 (India Standard Time)",37.0267834878191,50,70,30
"Thu May 24 2018 00:00:00 GMT+0530 (India Standard Time)",32.5035630179012,50,70,30
"Fri May 25 2018 00:00:00 GMT+0530 (India Standard Time)",50.3008790832913,50,70,30
"Mon May 28 2018 00:00:00 GMT+0530 (India Standard Time)",58.1560309269421,50,70,30
"Tue May 29 2018 00:00:00 GMT+0530 (India Standard Time)",47.4813502315615,50,70,30
"Wed May 30 2018 00:00:00 GMT+0530 (India Standard Time)",54.3739773869714,50,70,30
"Thu May 31 2018 00:00:00 GMT+0530 (India Standard Time)",58.1628571429896,50,70,30
"Fri Jun 01 2018 00:00:00 GMT+0530 (India Standard Time)",52.4011026542325,50,70,30
"Mon Jun 04 2018 00:00:00 GMT+0530 (India Standard Time)",52.786576027832,50,70,30
"Tue Jun 05 2018 00:00:00 GMT+0530 (India Standard Time)",42.8553637340667,50,70,30
"Wed Jun 06 2018 00:00:00 GMT+0530 (India Standard Time)",47.2851164534038,50,70,30
"Thu Jun 07 2018 00:00:00 GMT+0530 (India Standard Time)",48.059413348223,50,70,30
"Fri Jun 08 2018 00:00:00 GMT+0530 (India Standard Time)",44.4787128748487,50,70,30
"Mon Jun 11 2018 00:00:00 GMT+0530 (India Standard Time)",40.8725130584406,50,70,30
"Tue Jun 12 2018 00:00:00 GMT+0530 (India Standard Time)",34.9962593083858,50,70,30
