"date","rsi","middle","overbought","oversold"
"Wed Jul 26 2017 00:00:00 GMT+0530 (India Standard Time)",71.3910761154856,50,70,30
"Thu Jul 27 2017 00:00:00 GMT+0530 (India Standard Time)",59.952526280095,50,70,30
"Fri Jul 28 2017 00:00:00 GMT+0530 (India Standard Time)",55.9670781893004,50,70,30
"Mon Jul 31 2017 00:00:00 GMT+0530 (India Standard Time)",47.5502529556583,50,70,30
"Tue Aug 01 2017 00:00:00 GMT+0530 (India Standard Time)",50.8881035849281,50,70,30
"Wed Aug 02 2017 00:00:00 GMT+0530 (India Standard Time)",58.750456378776,50,70,30
"Thu Aug 03 2017 00:00:00 GMT+0530 (India Standard Time)",43.6736789603123,50,70,30
"Fri Aug 04 2017 00:00:00 GMT+0530 (India Standard Time)",56.6720852265947,50,70,30
"Mon Aug 07 2017 00:00:00 GMT+0530 (India Standard Time)",53.9365009865993,50,70,30
"Tue Aug 08 2017 00:00:00 GMT+0530 (India Standard Time)",64.7382743095036,50,70,30
"Wed Aug 09 2017 00:00:00 GMT+0530 (India Standard Time)",47.097627247326,50,70,30
"Thu Aug 10 2017 00:00:00 GMT+0530 (India Standard Time)",37.4914362495593,50,70,30
"Fri Aug 11 2017 00:00:00 GMT+0530 (India Standard Time)",33.5571867187093,50,70,30
"Mon Aug 14 2017 00:00:00 GMT+0530 (India Standard Time)",56.0023553226647,50,70,30
"Wed Aug 16 2017 00:00:00 GMT+0530 (India Standard Time)",65.560698887883,50,70,30
"Thu Aug 17 2017 00:00:00 GMT+0530 (India Standard Time)",54.0946375073527,50,70,30
"Fri Aug 18 2017 00:00:00 GMT+0530 (India Standard Time)",49.5182588445935,50,70,30
"Mon Aug 21 2017 00:00:00 GMT+0530 (India Standard Time)",47.4374222035014,50,70,30
"Tue Aug 22 2017 00:00:00 GMT+0530 (India Standard Time)",45.871134059422,50,70,30
"Wed Aug 23 2017 00:00:00 GMT+0530 (India Standard Time)",45.8013370790398,50,70,30
"Thu Aug 24 2017 00:00:00 GMT+0530 (India Standard Time)",57.0396094408239,50,70,30
"Mon Aug 28 2017 00:00:00 GMT+0530 (India Standard Time)",57.0740731727941,50,70,30
"Tue Aug 29 2017 00:00:00 GMT+0530 (India Standard Time)",52.0622234445883,50,70,30
"Wed Aug 30 2017 00:00:00 GMT+0530 (India Standard Time)",49.5978486631861,50,70,30
"Thu Aug 31 2017 00:00:00 GMT+0530 (India Standard Time)",54.9527672339709,50,70,30
"Fri Sep 01 2017 00:00:00 GMT+0530 (India Standard Time)",51.0093177656323,50,70,30
"Mon Sep 04 2017 00:00:00 GMT+0530 (India Standard Time)",44.0303177690741,50,70,30
"Tue Sep 05 2017 00:00:00 GMT+0530 (India Standard Time)",41.9543842861126,50,70,30
"Wed Sep 06 2017 00:00:00 GMT+0530 (India Standard Time)",40.5875178758445,50,70,30
"Thu Sep 07 2017 00:00:00 GMT+0530 (India Standard Time)",36.2855174308705,50,70,30
"Fri Sep 08 2017 00:00:00 GMT+0530 (India Standard Time)",34.0509477919617,50,70,30
"Mon Sep 11 2017 00:00:00 GMT+0530 (India Standard Time)",37.7693944398662,50,70,30
"Tue Sep 12 2017 00:00:00 GMT+0530 (India Standard Time)",49.5641768420552,50,70,30
"Wed Sep 13 2017 00:00:00 GMT+0530 (India Standard Time)",41.2826634007744,50,70,30
"Thu Sep 14 2017 00:00:00 GMT+0530 (India Standard Time)",56.9849341444153,50,70,30
"Fri Sep 15 2017 00:00:00 GMT+0530 (India Standard Time)",50.8088551531263,50,70,30
"Mon Sep 18 2017 00:00:00 GMT+0530 (India Standard Time)",60.8228082347081,50,70,30
"Tue Sep 19 2017 00:00:00 GMT+0530 (India Standard Time)",63.3239046704217,50,70,30
"Wed Sep 20 2017 00:00:00 GMT+0530 (India Standard Time)",57.5177950571401,50,70,30
"Thu Sep 21 2017 00:00:00 GMT+0530 (India Standard Time)",74.0133515763897,50,70,30
"Fri Sep 22 2017 00:00:00 GMT+0530 (India Standard Time)",65.371890127681,50,70,30
"Mon Sep 25 2017 00:00:00 GMT+0530 (India Standard Time)",55.9870121089134,50,70,30
"Tue Sep 26 2017 00:00:00 GMT+0530 (India Standard Time)",57.5403874960421,50,70,30
"Wed Sep 27 2017 00:00:00 GMT+0530 (India Standard Time)",47.8962667457301,50,70,30
"Thu Sep 28 2017 00:00:00 GMT+0530 (India Standard Time)",59.0606033292295,50,70,30
"Fri Sep 29 2017 00:00:00 GMT+0530 (India Standard Time)",61.6659867432442,50,70,30
"Tue Oct 03 2017 00:00:00 GMT+0530 (India Standard Time)",53.4716288543254,50,70,30
"Wed Oct 04 2017 00:00:00 GMT+0530 (India Standard Time)",55.5086641697752,50,70,30
"Thu Oct 05 2017 00:00:00 GMT+0530 (India Standard Time)",59.5912389342595,50,70,30
"Fri Oct 06 2017 00:00:00 GMT+0530 (India Standard Time)",59.6409266855801,50,70,30
"Mon Oct 09 2017 00:00:00 GMT+0530 (India Standard Time)",59.8119831709185,50,70,30
"Tue Oct 10 2017 00:00:00 GMT+0530 (India Standard Time)",65.0530753869713,50,70,30
"Wed Oct 11 2017 00:00:00 GMT+0530 (India Standard Time)",57.5257976397789,50,70,30
"Thu Oct 12 2017 00:00:00 GMT+0530 (India Standard Time)",61.9687043070098,50,70,30
"Fri Oct 13 2017 00:00:00 GMT+0530 (India Standard Time)",65.7483672895334,50,70,30
"Mon Oct 16 2017 00:00:00 GMT+0530 (India Standard Time)",77.1367604342126,50,70,30
"Tue Oct 17 2017 00:00:00 GMT+0530 (India Standard Time)",86.548411485848,50,70,30
"Wed Oct 18 2017 00:00:00 GMT+0530 (India Standard Time)",62.0263622775156,50,70,30
"Thu Oct 19 2017 00:00:00 GMT+0530 (India Standard Time)",59.0963223205275,50,70,30
"Mon Oct 23 2017 00:00:00 GMT+0530 (India Standard Time)",47.1339950429598,50,70,30
"Tue Oct 24 2017 00:00:00 GMT+0530 (India Standard Time)",48.8575949852255,50,70,30
"Wed Oct 25 2017 00:00:00 GMT+0530 (India Standard Time)",46.8885855423035,50,70,30
"Thu Oct 26 2017 00:00:00 GMT+0530 (India Standard Time)",61.0970289896917,50,70,30
"Fri Oct 27 2017 00:00:00 GMT+0530 (India Standard Time)",68.1615989698708,50,70,30
"Mon Oct 30 2017 00:00:00 GMT+0530 (India Standard Time)",68.6464389749194,50,70,30
"Tue Oct 31 2017 00:00:00 GMT+0530 (India Standard Time)",69.4777123752289,50,70,30
"Wed Nov 01 2017 00:00:00 GMT+0530 (India Standard Time)",68.3313753839777,50,70,30
"Thu Nov 02 2017 00:00:00 GMT+0530 (India Standard Time)",73.7663366295881,50,70,30
"Fri Nov 03 2017 00:00:00 GMT+0530 (India Standard Time)",75.8831289063153,50,70,30
"Mon Nov 06 2017 00:00:00 GMT+0530 (India Standard Time)",81.9188246974152,50,70,30
"Tue Nov 07 2017 00:00:00 GMT+0530 (India Standard Time)",42.4847416393135,50,70,30
"Wed Nov 08 2017 00:00:00 GMT+0530 (India Standard Time)",51.130591852699,50,70,30
"Thu Nov 09 2017 00:00:00 GMT+0530 (India Standard Time)",46.78967060283,50,70,30
"Fri Nov 10 2017 00:00:00 GMT+0530 (India Standard Time)",43.9799255999355,50,70,30
"Mon Nov 13 2017 00:00:00 GMT+0530 (India Standard Time)",40.1633975105689,50,70,30
"Tue Nov 14 2017 00:00:00 GMT+0530 (India Standard Time)",40.45323569122,50,70,30
"Wed Nov 15 2017 00:00:00 GMT+0530 (India Standard Time)",35.4689841352495,50,70,30
"Thu Nov 16 2017 00:00:00 GMT+0530 (India Standard Time)",35.016426667863,50,70,30
"Fri Nov 17 2017 00:00:00 GMT+0530 (India Standard Time)",49.5830561528359,50,70,30
"Mon Nov 20 2017 00:00:00 GMT+0530 (India Standard Time)",46.30299967317,50,70,30
"Tue Nov 21 2017 00:00:00 GMT+0530 (India Standard Time)",55.6352054455551,50,70,30
"Wed Nov 22 2017 00:00:00 GMT+0530 (India Standard Time)",57.8804228180794,50,70,30
"Thu Nov 23 2017 00:00:00 GMT+0530 (India Standard Time)",56.1625614117515,50,70,30
"Fri Nov 24 2017 00:00:00 GMT+0530 (India Standard Time)",54.0318537896169,50,70,30
"Mon Nov 27 2017 00:00:00 GMT+0530 (India Standard Time)",52.9342377820624,50,70,30
"Tue Nov 28 2017 00:00:00 GMT+0530 (India Standard Time)",49.0981188035314,50,70,30
"Wed Nov 29 2017 00:00:00 GMT+0530 (India Standard Time)",44.2842329282371,50,70,30
"Thu Nov 30 2017 00:00:00 GMT+0530 (India Standard Time)",36.8098359636135,50,70,30
"Fri Dec 01 2017 00:00:00 GMT+0530 (India Standard Time)",34.1495977732975,50,70,30
"Mon Dec 04 2017 00:00:00 GMT+0530 (India Standard Time)",32.7827506493509,50,70,30
"Tue Dec 05 2017 00:00:00 GMT+0530 (India Standard Time)",32.514603801137,50,70,30
"Wed Dec 06 2017 00:00:00 GMT+0530 (India Standard Time)",32.514603801137,50,70,30
"Thu Dec 07 2017 00:00:00 GMT+0530 (India Standard Time)",28.7567171870807,50,70,30
"Fri Dec 08 2017 00:00:00 GMT+0530 (India Standard Time)",50.1433448903865,50,70,30
"Mon Dec 11 2017 00:00:00 GMT+0530 (India Standard Time)",51.1085390470826,50,70,30
"Tue Dec 12 2017 00:00:00 GMT+0530 (India Standard Time)",34.3617050675426,50,70,30
"Wed Dec 13 2017 00:00:00 GMT+0530 (India Standard Time)",24.1076680608582,50,70,30
"Thu Dec 14 2017 00:00:00 GMT+0530 (India Standard Time)",42.2308802213108,50,70,30
"Fri Dec 15 2017 00:00:00 GMT+0530 (India Standard Time)",32.1483983640049,50,70,30
"Mon Dec 18 2017 00:00:00 GMT+0530 (India Standard Time)",47.7698682514709,50,70,30
"Tue Dec 19 2017 00:00:00 GMT+0530 (India Standard Time)",56.9801181369453,50,70,30
"Wed Dec 20 2017 00:00:00 GMT+0530 (India Standard Time)",54.0617787164776,50,70,30
"Thu Dec 21 2017 00:00:00 GMT+0530 (India Standard Time)",53.2389202041181,50,70,30
"Fri Dec 22 2017 00:00:00 GMT+0530 (India Standard Time)",54.5535157136399,50,70,30
"Tue Dec 26 2017 00:00:00 GMT+0530 (India Standard Time)",63.4804999414821,50,70,30
"Wed Dec 27 2017 00:00:00 GMT+0530 (India Standard Time)",64.1732081788612,50,70,30
"Thu Dec 28 2017 00:00:00 GMT+0530 (India Standard Time)",55.2978989760807,50,70,30
"Fri Dec 29 2017 00:00:00 GMT+0530 (India Standard Time)",57.7978656112591,50,70,30
"Mon Jan 01 2018 00:00:00 GMT+0530 (India Standard Time)",60.8882770452084,50,70,30
"Tue Jan 02 2018 00:00:00 GMT+0530 (India Standard Time)",55.1419255272449,50,70,30
"Wed Jan 03 2018 00:00:00 GMT+0530 (India Standard Time)",53.5654422020108,50,70,30
"Thu Jan 04 2018 00:00:00 GMT+0530 (India Standard Time)",65.0402766566518,50,70,30
"Fri Jan 05 2018 00:00:00 GMT+0530 (India Standard Time)",62.1888484685424,50,70,30
"Mon Jan 08 2018 00:00:00 GMT+0530 (India Standard Time)",61.9928513912847,50,70,30
"Tue Jan 09 2018 00:00:00 GMT+0530 (India Standard Time)",62.7381193443054,50,70,30
"Wed Jan 10 2018 00:00:00 GMT+0530 (India Standard Time)",68.1717833207341,50,70,30
"Thu Jan 11 2018 00:00:00 GMT+0530 (India Standard Time)",52.4387665748957,50,70,30
"Fri Jan 12 2018 00:00:00 GMT+0530 (India Standard Time)",51.9712183167284,50,70,30
"Mon Jan 15 2018 00:00:00 GMT+0530 (India Standard Time)",48.2945714531249,50,70,30
"Tue Jan 16 2018 00:00:00 GMT+0530 (India Standard Time)",34.7320848281088,50,70,30
"Wed Jan 17 2018 00:00:00 GMT+0530 (India Standard Time)",46.0831798209462,50,70,30
"Thu Jan 18 2018 00:00:00 GMT+0530 (India Standard Time)",41.0669381847627,50,70,30
"Fri Jan 19 2018 00:00:00 GMT+0530 (India Standard Time)",39.7821067304754,50,70,30
"Mon Jan 22 2018 00:00:00 GMT+0530 (India Standard Time)",37.3829802884633,50,70,30
"Tue Jan 23 2018 00:00:00 GMT+0530 (India Standard Time)",67.4208415137394,50,70,30
"Wed Jan 24 2018 00:00:00 GMT+0530 (India Standard Time)",60.973444522849,50,70,30
"Thu Jan 25 2018 00:00:00 GMT+0530 (India Standard Time)",64.0128734457401,50,70,30
"Mon Jan 29 2018 00:00:00 GMT+0530 (India Standard Time)",53.9954677090856,50,70,30
"Tue Jan 30 2018 00:00:00 GMT+0530 (India Standard Time)",43.0129143255607,50,70,30
"Wed Jan 31 2018 00:00:00 GMT+0530 (India Standard Time)",31.6767708786128,50,70,30
"Thu Feb 01 2018 00:00:00 GMT+0530 (India Standard Time)",28.4764646886762,50,70,30
"Fri Feb 02 2018 00:00:00 GMT+0530 (India Standard Time)",25.0925104310557,50,70,30
"Mon Feb 05 2018 00:00:00 GMT+0530 (India Standard Time)",24.4947910395305,50,70,30
"Tue Feb 06 2018 00:00:00 GMT+0530 (India Standard Time)",17.3120570689132,50,70,30
"Wed Feb 07 2018 00:00:00 GMT+0530 (India Standard Time)",25.2865566506862,50,70,30
"Thu Feb 08 2018 00:00:00 GMT+0530 (India Standard Time)",61.9951570284582,50,70,30
"Fri Feb 09 2018 00:00:00 GMT+0530 (India Standard Time)",65.893438885531,50,70,30
"Mon Feb 12 2018 00:00:00 GMT+0530 (India Standard Time)",66.0083828001892,50,70,30
"Wed Feb 14 2018 00:00:00 GMT+0530 (India Standard Time)",60.8064108255824,50,70,30
"Thu Feb 15 2018 00:00:00 GMT+0530 (India Standard Time)",51.9583742165824,50,70,30
"Fri Feb 16 2018 00:00:00 GMT+0530 (India Standard Time)",55.7456223849183,50,70,30
"Mon Feb 19 2018 00:00:00 GMT+0530 (India Standard Time)",47.0273750205439,50,70,30
"Tue Feb 20 2018 00:00:00 GMT+0530 (India Standard Time)",49.6188695416833,50,70,30
"Wed Feb 21 2018 00:00:00 GMT+0530 (India Standard Time)",44.5113575218482,50,70,30
"Thu Feb 22 2018 00:00:00 GMT+0530 (India Standard Time)",38.8545179019213,50,70,30
"Fri Feb 23 2018 00:00:00 GMT+0530 (India Standard Time)",45.1987499078353,50,70,30
"Mon Feb 26 2018 00:00:00 GMT+0530 (India Standard Time)",40.6924680376707,50,70,30
"Tue Feb 27 2018 00:00:00 GMT+0530 (India Standard Time)",37.86687979018,50,70,30
"Wed Feb 28 2018 00:00:00 GMT+0530 (India Standard Time)",41.9373769495065,50,70,30
"Thu Mar 01 2018 00:00:00 GMT+0530 (India Standard Time)",35.218461784187,50,70,30
"Mon Mar 05 2018 00:00:00 GMT+0530 (India Standard Time)",33.3202155000648,50,70,30
"Tue Mar 06 2018 00:00:00 GMT+0530 (India Standard Time)",40.6295236155726,50,70,30
"Wed Mar 07 2018 00:00:00 GMT+0530 (India Standard Time)",36.878685741803,50,70,30
"Thu Mar 08 2018 00:00:00 GMT+0530 (India Standard Time)",34.7883031099504,50,70,30
"Fri Mar 09 2018 00:00:00 GMT+0530 (India Standard Time)",28.8313365858354,50,70,30
"Mon Mar 12 2018 00:00:00 GMT+0530 (India Standard Time)",44.0899792548353,50,70,30
"Tue Mar 13 2018 00:00:00 GMT+0530 (India Standard Time)",42.0320161246762,50,70,30
"Wed Mar 14 2018 00:00:00 GMT+0530 (India Standard Time)",41.0431186231095,50,70,30
"Thu Mar 15 2018 00:00:00 GMT+0530 (India Standard Time)",33.764290841094,50,70,30
"Fri Mar 16 2018 00:00:00 GMT+0530 (India Standard Time)",24.896109319335,50,70,30
"Mon Mar 19 2018 00:00:00 GMT+0530 (India Standard Time)",25.568024681647,50,70,30
"Tue Mar 20 2018 00:00:00 GMT+0530 (India Standard Time)",21.2706490986741,50,70,30
"Wed Mar 21 2018 00:00:00 GMT+0530 (India Standard Time)",20.2120174737118,50,70,30
"Thu Mar 22 2018 00:00:00 GMT+0530 (India Standard Time)",15.3153172173983,50,70,30
"Fri Mar 23 2018 00:00:00 GMT+0530 (India Standard Time)",14.3970960472908,50,70,30
"Mon Mar 26 2018 00:00:00 GMT+0530 (India Standard Time)",22.185374952035,50,70,30
"Tue Mar 27 2018 00:00:00 GMT+0530 (India Standard Time)",29.2817543570482,50,70,30
"Wed Mar 28 2018 00:00:00 GMT+0530 (India Standard Time)",30.1859100394312,50,70,30
"Mon Apr 02 2018 00:00:00 GMT+0530 (India Standard Time)",67.3143817780876,50,70,30
"Tue Apr 03 2018 00:00:00 GMT+0530 (India Standard Time)",60.1803820478714,50,70,30
"Wed Apr 04 2018 00:00:00 GMT+0530 (India Standard Time)",59.5682557248599,50,70,30
"Thu Apr 05 2018 00:00:00 GMT+0530 (India Standard Time)",48.7538075285859,50,70,30
"Fri Apr 06 2018 00:00:00 GMT+0530 (India Standard Time)",47.2863373269171,50,70,30
"Mon Apr 09 2018 00:00:00 GMT+0530 (India Standard Time)",44.8391849393203,50,70,30
"Tue Apr 10 2018 00:00:00 GMT+0530 (India Standard Time)",46.8585372887894,50,70,30
"Wed Apr 11 2018 00:00:00 GMT+0530 (India Standard Time)",51.7367697644353,50,70,30
"Thu Apr 12 2018 00:00:00 GMT+0530 (India Standard Time)",44.2514054946474,50,70,30
"Fri Apr 13 2018 00:00:00 GMT+0530 (India Standard Time)",43.3717193525932,50,70,30
"Mon Apr 16 2018 00:00:00 GMT+0530 (India Standard Time)",72.2308458519878,50,70,30
"Tue Apr 17 2018 00:00:00 GMT+0530 (India Standard Time)",65.6742620068843,50,70,30
"Wed Apr 18 2018 00:00:00 GMT+0530 (India Standard Time)",68.7210225389935,50,70,30
"Thu Apr 19 2018 00:00:00 GMT+0530 (India Standard Time)",68.4196357958322,50,70,30
"Fri Apr 20 2018 00:00:00 GMT+0530 (India Standard Time)",71.7440512369483,50,70,30
"Mon Apr 23 2018 00:00:00 GMT+0530 (India Standard Time)",78.0952351008114,50,70,30
"Tue Apr 24 2018 00:00:00 GMT+0530 (India Standard Time)",78.9557173087656,50,70,30
"Wed Apr 25 2018 00:00:00 GMT+0530 (India Standard Time)",64.2322647219922,50,70,30
"Thu Apr 26 2018 00:00:00 GMT+0530 (India Standard Time)",69.3705580169037,50,70,30
"Fri Apr 27 2018 00:00:00 GMT+0530 (India Standard Time)",69.2043088799147,50,70,30
"Mon Apr 30 2018 00:00:00 GMT+0530 (India Standard Time)",74.5232288503314,50,70,30
"Wed May 02 2018 00:00:00 GMT+0530 (India Standard Time)",77.2816981408377,50,70,30
"Thu May 03 2018 00:00:00 GMT+0530 (India Standard Time)",72.0018519210531,50,70,30
"Fri May 04 2018 00:00:00 GMT+0530 (India Standard Time)",52.9770017008072,50,70,30
"Mon May 07 2018 00:00:00 GMT+0530 (India Standard Time)",46.1680688736374,50,70,30
"Tue May 08 2018 00:00:00 GMT+0530 (India Standard Time)",45.7123301138235,50,70,30
"Wed May 09 2018 00:00:00 GMT+0530 (India Standard Time)",42.5049697511307,50,70,30
"Thu May 10 2018 00:00:00 GMT+0530 (India Standard Time)",30.758808617643,50,70,30
"Fri May 11 2018 00:00:00 GMT+0530 (India Standard Time)",29.4084807490545,50,70,30
"Mon May 14 2018 00:00:00 GMT+0530 (India Standard Time)",37.8091323879818,50,70,30
"Tue May 15 2018 00:00:00 GMT+0530 (India Standard Time)",35.0982171601974,50,70,30
"Wed May 16 2018 00:00:00 GMT+0530 (India Standard Time)",23.6003206386124,50,70,30
"Thu May 17 2018 00:00:00 GMT+0530 (India Standard Time)",20.5899828993851,50,70,30
"Fri May 18 2018 00:00:00 GMT+0530 (India Standard Time)",13.7690431101205,50,70,30
"Mon May 21 2018 00:00:00 GMT+0530 (India Standard Time)",11.1701163873752,50,70,30
"Tue May 22 2018 00:00:00 GMT+0530 (India Standard Time)",16.3057230255767,50,70,30
"Wed May 23 2018 00:00:00 GMT+0530 (India Standard Time)",27.7154892022079,50,70,30
"Thu May 24 2018 00:00:00 GMT+0530 (India Standard Time)",29.1744125473089,50,70,30
"Fri May 25 2018 00:00:00 GMT+0530 (India Standard Time)",33.602390470955,50,70,30
"Mon May 28 2018 00:00:00 GMT+0530 (India Standard Time)",37.6704866370047,50,70,30
"Tue May 29 2018 00:00:00 GMT+0530 (India Standard Time)",30.8580779788748,50,70,30
"Wed May 30 2018 00:00:00 GMT+0530 (India Standard Time)",27.6202419941422,50,70,30
"Thu May 31 2018 00:00:00 GMT+0530 (India Standard Time)",27.0953752782205,50,70,30
"Fri Jun 01 2018 00:00:00 GMT+0530 (India Standard Time)",26.8744021115764,50,70,30
"Mon Jun 04 2018 00:00:00 GMT+0530 (India Standard Time)",24.012280838808,50,70,30
"Tue Jun 05 2018 00:00:00 GMT+0530 (India Standard Time)",55.0908975067224,50,70,30
"Wed Jun 06 2018 00:00:00 GMT+0530 (India Standard Time)",50.9869280905627,50,70,30
"Thu Jun 07 2018 00:00:00 GMT+0530 (India Standard Time)",53.4532577140089,50,70,30
"Fri Jun 08 2018 00:00:00 GMT+0530 (India Standard Time)",68.7397122911028,50,70,30
"Mon Jun 11 2018 00:00:00 GMT+0530 (India Standard Time)",69.4424172344786,50,70,30
"Tue Jun 12 2018 00:00:00 GMT+0530 (India Standard Time)",73.2442099421928,50,70,30
"Wed Jun 13 2018 00:00:00 GMT+0530 (India Standard Time)",80.0597310204846,50,70,30
"Thu Jun 14 2018 00:00:00 GMT+0530 (India Standard Time)",82.1417891282944,50,70,30
"Fri Jun 15 2018 00:00:00 GMT+0530 (India Standard Time)",87.9079218226031,50,70,30
"Mon Jun 18 2018 00:00:00 GMT+0530 (India Standard Time)",81.3448952699082,50,70,30
"Tue Jun 19 2018 00:00:00 GMT+0530 (India Standard Time)",75.4211043862532,50,70,30
"Wed Jun 20 2018 00:00:00 GMT+0530 (India Standard Time)",75.8573679907975,50,70,30
"Thu Jun 21 2018 00:00:00 GMT+0530 (India Standard Time)",76.1745359081841,50,70,30
"Fri Jun 22 2018 00:00:00 GMT+0530 (India Standard Time)",81.468546053315,50,70,30
"Mon Jun 25 2018 00:00:00 GMT+0530 (India Standard Time)",74.6703646739769,50,70,30
"Tue Jun 26 2018 00:00:00 GMT+0530 (India Standard Time)",59.1029199968162,50,70,30
"Wed Jun 27 2018 00:00:00 GMT+0530 (India Standard Time)",61.2937521619411,50,70,30
"Thu Jun 28 2018 00:00:00 GMT+0530 (India Standard Time)",59.4562320488864,50,70,30
"Fri Jun 29 2018 00:00:00 GMT+0530 (India Standard Time)",70.8139606423456,50,70,30
"Mon Jul 02 2018 00:00:00 GMT+0530 (India Standard Time)",71.0221073620227,50,70,30
"Tue Jul 03 2018 00:00:00 GMT+0530 (India Standard Time)",81.3065320876343,50,70,30
"Wed Jul 04 2018 00:00:00 GMT+0530 (India Standard Time)",67.6847501263753,50,70,30
"Thu Jul 05 2018 00:00:00 GMT+0530 (India Standard Time)",65.1126276918055,50,70,30
