"date","rsi","middle","overbought","oversold"
"Wed Jun 28 2017 00:00:00 GMT+0530 (India Standard Time)",54.7842401500938,50,70,30
"Thu Jun 29 2017 00:00:00 GMT+0530 (India Standard Time)",56.2001957220746,50,70,30
"Fri Jun 30 2017 00:00:00 GMT+0530 (India Standard Time)",64.400527930495,50,70,30
"Mon Jul 03 2017 00:00:00 GMT+0530 (India Standard Time)",66.9225103500493,50,70,30
"Tue Jul 04 2017 00:00:00 GMT+0530 (India Standard Time)",62.654573949194,50,70,30
"Wed Jul 05 2017 00:00:00 GMT+0530 (India Standard Time)",58.8983714102004,50,70,30
"Thu Jul 06 2017 00:00:00 GMT+0530 (India Standard Time)",57.6708830906482,50,70,30
"Fri Jul 07 2017 00:00:00 GMT+0530 (India Standard Time)",55.0245268821151,50,70,30
"Mon Jul 10 2017 00:00:00 GMT+0530 (India Standard Time)",64.0626668340833,50,70,30
"Tue Jul 11 2017 00:00:00 GMT+0530 (India Standard Time)",66.5145775929051,50,70,30
"Wed Jul 12 2017 00:00:00 GMT+0530 (India Standard Time)",73.6121951501696,50,70,30
"Thu Jul 13 2017 00:00:00 GMT+0530 (India Standard Time)",76.6734161571803,50,70,30
"Fri Jul 14 2017 00:00:00 GMT+0530 (India Standard Time)",76.953859316877,50,70,30
"Mon Jul 17 2017 00:00:00 GMT+0530 (India Standard Time)",80.9233515191014,50,70,30
"Tue Jul 18 2017 00:00:00 GMT+0530 (India Standard Time)",69.0330280831786,50,70,30
"Wed Jul 19 2017 00:00:00 GMT+0530 (India Standard Time)",78.2511734458731,50,70,30
"Thu Jul 20 2017 00:00:00 GMT+0530 (India Standard Time)",78.365494530064,50,70,30
"Fri Jul 21 2017 00:00:00 GMT+0530 (India Standard Time)",55.4828547915478,50,70,30
"Mon Jul 24 2017 00:00:00 GMT+0530 (India Standard Time)",61.0757703534501,50,70,30
"Tue Jul 25 2017 00:00:00 GMT+0530 (India Standard Time)",62.0249090763676,50,70,30
"Wed Jul 26 2017 00:00:00 GMT+0530 (India Standard Time)",63.265180476439,50,70,30
"Thu Jul 27 2017 00:00:00 GMT+0530 (India Standard Time)",58.4894942832185,50,70,30
"Fri Jul 28 2017 00:00:00 GMT+0530 (India Standard Time)",46.1273438595148,50,70,30
"Mon Jul 31 2017 00:00:00 GMT+0530 (India Standard Time)",73.7814258364707,50,70,30
"Tue Aug 01 2017 00:00:00 GMT+0530 (India Standard Time)",75.6179063984985,50,70,30
"Wed Aug 02 2017 00:00:00 GMT+0530 (India Standard Time)",63.4894061708419,50,70,30
"Thu Aug 03 2017 00:00:00 GMT+0530 (India Standard Time)",66.2519168245026,50,70,30
"Fri Aug 04 2017 00:00:00 GMT+0530 (India Standard Time)",70.0086864419907,50,70,30
"Mon Aug 07 2017 00:00:00 GMT+0530 (India Standard Time)",72.8607608471201,50,70,30
"Tue Aug 08 2017 00:00:00 GMT+0530 (India Standard Time)",58.3866231587722,50,70,30
"Wed Aug 09 2017 00:00:00 GMT+0530 (India Standard Time)",54.3054022763708,50,70,30
"Thu Aug 10 2017 00:00:00 GMT+0530 (India Standard Time)",39.8442519642494,50,70,30
"Fri Aug 11 2017 00:00:00 GMT+0530 (India Standard Time)",45.4330233997616,50,70,30
"Mon Aug 14 2017 00:00:00 GMT+0530 (India Standard Time)",57.207130958555,50,70,30
"Wed Aug 16 2017 00:00:00 GMT+0530 (India Standard Time)",50.5109840227275,50,70,30
"Thu Aug 17 2017 00:00:00 GMT+0530 (India Standard Time)",46.6677590075721,50,70,30
"Fri Aug 18 2017 00:00:00 GMT+0530 (India Standard Time)",57.1910289429675,50,70,30
"Mon Aug 21 2017 00:00:00 GMT+0530 (India Standard Time)",48.781993909294,50,70,30
"Tue Aug 22 2017 00:00:00 GMT+0530 (India Standard Time)",46.4052760375673,50,70,30
"Wed Aug 23 2017 00:00:00 GMT+0530 (India Standard Time)",47.3305593272316,50,70,30
"Thu Aug 24 2017 00:00:00 GMT+0530 (India Standard Time)",51.9272066415264,50,70,30
"Mon Aug 28 2017 00:00:00 GMT+0530 (India Standard Time)",39.2472206477985,50,70,30
"Tue Aug 29 2017 00:00:00 GMT+0530 (India Standard Time)",34.6789722231605,50,70,30
"Wed Aug 30 2017 00:00:00 GMT+0530 (India Standard Time)",36.1091052389674,50,70,30
"Thu Aug 31 2017 00:00:00 GMT+0530 (India Standard Time)",51.1297215722354,50,70,30
"Fri Sep 01 2017 00:00:00 GMT+0530 (India Standard Time)",42.453178437571,50,70,30
"Mon Sep 04 2017 00:00:00 GMT+0530 (India Standard Time)",46.6329665147509,50,70,30
"Tue Sep 05 2017 00:00:00 GMT+0530 (India Standard Time)",42.1383400745374,50,70,30
"Wed Sep 06 2017 00:00:00 GMT+0530 (India Standard Time)",36.6124435774351,50,70,30
"Thu Sep 07 2017 00:00:00 GMT+0530 (India Standard Time)",43.776477918306,50,70,30
"Fri Sep 08 2017 00:00:00 GMT+0530 (India Standard Time)",35.6424272080747,50,70,30
"Mon Sep 11 2017 00:00:00 GMT+0530 (India Standard Time)",45.9826364319137,50,70,30
"Tue Sep 12 2017 00:00:00 GMT+0530 (India Standard Time)",44.9819520517201,50,70,30
"Wed Sep 13 2017 00:00:00 GMT+0530 (India Standard Time)",39.8163278645828,50,70,30
"Thu Sep 14 2017 00:00:00 GMT+0530 (India Standard Time)",40.8280164286893,50,70,30
"Fri Sep 15 2017 00:00:00 GMT+0530 (India Standard Time)",35.7945113688211,50,70,30
"Mon Sep 18 2017 00:00:00 GMT+0530 (India Standard Time)",49.8237775489285,50,70,30
"Tue Sep 19 2017 00:00:00 GMT+0530 (India Standard Time)",51.9491588033667,50,70,30
"Wed Sep 20 2017 00:00:00 GMT+0530 (India Standard Time)",40.3218490640535,50,70,30
"Thu Sep 21 2017 00:00:00 GMT+0530 (India Standard Time)",36.0601049690417,50,70,30
"Fri Sep 22 2017 00:00:00 GMT+0530 (India Standard Time)",30.5420153078391,50,70,30
"Mon Sep 25 2017 00:00:00 GMT+0530 (India Standard Time)",34.0361292247326,50,70,30
"Tue Sep 26 2017 00:00:00 GMT+0530 (India Standard Time)",37.654931817072,50,70,30
"Wed Sep 27 2017 00:00:00 GMT+0530 (India Standard Time)",29.5494598008843,50,70,30
"Thu Sep 28 2017 00:00:00 GMT+0530 (India Standard Time)",34.8403491409104,50,70,30
"Fri Sep 29 2017 00:00:00 GMT+0530 (India Standard Time)",45.8758999704333,50,70,30
"Tue Oct 03 2017 00:00:00 GMT+0530 (India Standard Time)",31.1257890475079,50,70,30
"Wed Oct 04 2017 00:00:00 GMT+0530 (India Standard Time)",43.6301554855947,50,70,30
"Thu Oct 05 2017 00:00:00 GMT+0530 (India Standard Time)",33.6608677871956,50,70,30
"Fri Oct 06 2017 00:00:00 GMT+0530 (India Standard Time)",33.2334555862149,50,70,30
"Mon Oct 09 2017 00:00:00 GMT+0530 (India Standard Time)",25.9967334657267,50,70,30
"Tue Oct 10 2017 00:00:00 GMT+0530 (India Standard Time)",40.8567553456088,50,70,30
"Wed Oct 11 2017 00:00:00 GMT+0530 (India Standard Time)",36.6150009407576,50,70,30
"Thu Oct 12 2017 00:00:00 GMT+0530 (India Standard Time)",35.3878641081934,50,70,30
"Fri Oct 13 2017 00:00:00 GMT+0530 (India Standard Time)",47.7053305682892,50,70,30
"Mon Oct 16 2017 00:00:00 GMT+0530 (India Standard Time)",48.0464649508484,50,70,30
"Tue Oct 17 2017 00:00:00 GMT+0530 (India Standard Time)",45.1573591886794,50,70,30
"Wed Oct 18 2017 00:00:00 GMT+0530 (India Standard Time)",67.8543812227422,50,70,30
"Thu Oct 19 2017 00:00:00 GMT+0530 (India Standard Time)",58.4903186921473,50,70,30
"Mon Oct 23 2017 00:00:00 GMT+0530 (India Standard Time)",64.1921295996841,50,70,30
"Tue Oct 24 2017 00:00:00 GMT+0530 (India Standard Time)",66.9052189202451,50,70,30
"Wed Oct 25 2017 00:00:00 GMT+0530 (India Standard Time)",68.8137312200156,50,70,30
"Thu Oct 26 2017 00:00:00 GMT+0530 (India Standard Time)",54.621737098774,50,70,30
"Fri Oct 27 2017 00:00:00 GMT+0530 (India Standard Time)",53.8405024818011,50,70,30
"Mon Oct 30 2017 00:00:00 GMT+0530 (India Standard Time)",55.7396221987082,50,70,30
"Tue Oct 31 2017 00:00:00 GMT+0530 (India Standard Time)",53.587094636889,50,70,30
"Wed Nov 01 2017 00:00:00 GMT+0530 (India Standard Time)",47.780614944311,50,70,30
"Thu Nov 02 2017 00:00:00 GMT+0530 (India Standard Time)",62.8133534366225,50,70,30
"Fri Nov 03 2017 00:00:00 GMT+0530 (India Standard Time)",46.4351405735174,50,70,30
"Mon Nov 06 2017 00:00:00 GMT+0530 (India Standard Time)",48.3947192755383,50,70,30
"Tue Nov 07 2017 00:00:00 GMT+0530 (India Standard Time)",40.3939237420917,50,70,30
"Wed Nov 08 2017 00:00:00 GMT+0530 (India Standard Time)",42.2013918733796,50,70,30
"Thu Nov 09 2017 00:00:00 GMT+0530 (India Standard Time)",41.7630215074576,50,70,30
"Fri Nov 10 2017 00:00:00 GMT+0530 (India Standard Time)",54.0601886310035,50,70,30
"Mon Nov 13 2017 00:00:00 GMT+0530 (India Standard Time)",52.7182327794707,50,70,30
"Tue Nov 14 2017 00:00:00 GMT+0530 (India Standard Time)",39.5951118383902,50,70,30
"Wed Nov 15 2017 00:00:00 GMT+0530 (India Standard Time)",39.8085509352022,50,70,30
"Thu Nov 16 2017 00:00:00 GMT+0530 (India Standard Time)",45.5775591892405,50,70,30
"Fri Nov 17 2017 00:00:00 GMT+0530 (India Standard Time)",46.9318931403091,50,70,30
"Mon Nov 20 2017 00:00:00 GMT+0530 (India Standard Time)",47.9286815327791,50,70,30
"Tue Nov 21 2017 00:00:00 GMT+0530 (India Standard Time)",38.7020369398435,50,70,30
"Wed Nov 22 2017 00:00:00 GMT+0530 (India Standard Time)",41.3660432659795,50,70,30
"Thu Nov 23 2017 00:00:00 GMT+0530 (India Standard Time)",52.0522350671651,50,70,30
"Fri Nov 24 2017 00:00:00 GMT+0530 (India Standard Time)",60.8929135266334,50,70,30
"Mon Nov 27 2017 00:00:00 GMT+0530 (India Standard Time)",55.1616160002512,50,70,30
"Tue Nov 28 2017 00:00:00 GMT+0530 (India Standard Time)",46.5038436384474,50,70,30
"Wed Nov 29 2017 00:00:00 GMT+0530 (India Standard Time)",48.5734693077362,50,70,30
"Thu Nov 30 2017 00:00:00 GMT+0530 (India Standard Time)",37.326447033339,50,70,30
"Fri Dec 01 2017 00:00:00 GMT+0530 (India Standard Time)",28.5643414218558,50,70,30
"Mon Dec 04 2017 00:00:00 GMT+0530 (India Standard Time)",28.0737627484908,50,70,30
"Tue Dec 05 2017 00:00:00 GMT+0530 (India Standard Time)",22.5899388511496,50,70,30
"Wed Dec 06 2017 00:00:00 GMT+0530 (India Standard Time)",22.486506430529,50,70,30
"Thu Dec 07 2017 00:00:00 GMT+0530 (India Standard Time)",36.2871784598871,50,70,30
"Fri Dec 08 2017 00:00:00 GMT+0530 (India Standard Time)",41.0158815860812,50,70,30
"Mon Dec 11 2017 00:00:00 GMT+0530 (India Standard Time)",47.7302449666819,50,70,30
"Tue Dec 12 2017 00:00:00 GMT+0530 (India Standard Time)",41.3880522593626,50,70,30
"Wed Dec 13 2017 00:00:00 GMT+0530 (India Standard Time)",32.774018367558,50,70,30
"Thu Dec 14 2017 00:00:00 GMT+0530 (India Standard Time)",31.5127303300866,50,70,30
"Fri Dec 15 2017 00:00:00 GMT+0530 (India Standard Time)",27.6727047153019,50,70,30
"Mon Dec 18 2017 00:00:00 GMT+0530 (India Standard Time)",35.3127191160391,50,70,30
"Tue Dec 19 2017 00:00:00 GMT+0530 (India Standard Time)",50.7486402082726,50,70,30
"Wed Dec 20 2017 00:00:00 GMT+0530 (India Standard Time)",52.4459206955863,50,70,30
"Thu Dec 21 2017 00:00:00 GMT+0530 (India Standard Time)",53.2427322799147,50,70,30
"Fri Dec 22 2017 00:00:00 GMT+0530 (India Standard Time)",52.901802464589,50,70,30
"Tue Dec 26 2017 00:00:00 GMT+0530 (India Standard Time)",48.5934471742024,50,70,30
"Wed Dec 27 2017 00:00:00 GMT+0530 (India Standard Time)",40.6377634702047,50,70,30
"Thu Dec 28 2017 00:00:00 GMT+0530 (India Standard Time)",31.0257589118891,50,70,30
"Fri Dec 29 2017 00:00:00 GMT+0530 (India Standard Time)",40.5269805632661,50,70,30
"Mon Jan 01 2018 00:00:00 GMT+0530 (India Standard Time)",39.7374830000035,50,70,30
"Tue Jan 02 2018 00:00:00 GMT+0530 (India Standard Time)",44.3260582054262,50,70,30
"Wed Jan 03 2018 00:00:00 GMT+0530 (India Standard Time)",51.324040436365,50,70,30
"Thu Jan 04 2018 00:00:00 GMT+0530 (India Standard Time)",42.434341027109,50,70,30
"Fri Jan 05 2018 00:00:00 GMT+0530 (India Standard Time)",49.4310985138474,50,70,30
"Mon Jan 08 2018 00:00:00 GMT+0530 (India Standard Time)",44.5695459303543,50,70,30
"Tue Jan 09 2018 00:00:00 GMT+0530 (India Standard Time)",48.3383647096226,50,70,30
"Wed Jan 10 2018 00:00:00 GMT+0530 (India Standard Time)",40.2655700752339,50,70,30
"Thu Jan 11 2018 00:00:00 GMT+0530 (India Standard Time)",30.1585614817795,50,70,30
"Fri Jan 12 2018 00:00:00 GMT+0530 (India Standard Time)",24.7766093946607,50,70,30
"Mon Jan 15 2018 00:00:00 GMT+0530 (India Standard Time)",46.4585445421947,50,70,30
"Tue Jan 16 2018 00:00:00 GMT+0530 (India Standard Time)",34.4267840902529,50,70,30
"Wed Jan 17 2018 00:00:00 GMT+0530 (India Standard Time)",41.2254029675193,50,70,30
"Thu Jan 18 2018 00:00:00 GMT+0530 (India Standard Time)",39.6445049192912,50,70,30
"Fri Jan 19 2018 00:00:00 GMT+0530 (India Standard Time)",36.0549975515649,50,70,30
"Mon Jan 22 2018 00:00:00 GMT+0530 (India Standard Time)",32.9912950031132,50,70,30
"Tue Jan 23 2018 00:00:00 GMT+0530 (India Standard Time)",37.2228805100819,50,70,30
"Wed Jan 24 2018 00:00:00 GMT+0530 (India Standard Time)",38.0436905381841,50,70,30
"Thu Jan 25 2018 00:00:00 GMT+0530 (India Standard Time)",30.4610846490276,50,70,30
"Mon Jan 29 2018 00:00:00 GMT+0530 (India Standard Time)",29.8372776252644,50,70,30
"Tue Jan 30 2018 00:00:00 GMT+0530 (India Standard Time)",37.689823994285,50,70,30
"Wed Jan 31 2018 00:00:00 GMT+0530 (India Standard Time)",31.788724460277,50,70,30
"Thu Feb 01 2018 00:00:00 GMT+0530 (India Standard Time)",41.4469571659915,50,70,30
"Fri Feb 02 2018 00:00:00 GMT+0530 (India Standard Time)",31.7987816757567,50,70,30
"Mon Feb 05 2018 00:00:00 GMT+0530 (India Standard Time)",54.4070058885596,50,70,30
"Tue Feb 06 2018 00:00:00 GMT+0530 (India Standard Time)",46.7139632786105,50,70,30
"Wed Feb 07 2018 00:00:00 GMT+0530 (India Standard Time)",49.6300074356824,50,70,30
"Thu Feb 08 2018 00:00:00 GMT+0530 (India Standard Time)",39.2625505452807,50,70,30
"Fri Feb 09 2018 00:00:00 GMT+0530 (India Standard Time)",39.2625505452807,50,70,30
"Mon Feb 12 2018 00:00:00 GMT+0530 (India Standard Time)",62.9846660737778,50,70,30
"Wed Feb 14 2018 00:00:00 GMT+0530 (India Standard Time)",50.0140461612979,50,70,30
"Thu Feb 15 2018 00:00:00 GMT+0530 (India Standard Time)",58.0257207494442,50,70,30
"Fri Feb 16 2018 00:00:00 GMT+0530 (India Standard Time)",49.2834183410396,50,70,30
"Mon Feb 19 2018 00:00:00 GMT+0530 (India Standard Time)",44.6583704533515,50,70,30
"Tue Feb 20 2018 00:00:00 GMT+0530 (India Standard Time)",48.0722907069776,50,70,30
"Wed Feb 21 2018 00:00:00 GMT+0530 (India Standard Time)",44.1870764179337,50,70,30
"Thu Feb 22 2018 00:00:00 GMT+0530 (India Standard Time)",33.2581295912686,50,70,30
"Fri Feb 23 2018 00:00:00 GMT+0530 (India Standard Time)",45.799705913012,50,70,30
"Mon Feb 26 2018 00:00:00 GMT+0530 (India Standard Time)",55.1913256095501,50,70,30
"Tue Feb 27 2018 00:00:00 GMT+0530 (India Standard Time)",59.6430390528654,50,70,30
"Wed Feb 28 2018 00:00:00 GMT+0530 (India Standard Time)",59.4301419258332,50,70,30
"Thu Mar 01 2018 00:00:00 GMT+0530 (India Standard Time)",57.9969178084841,50,70,30
"Mon Mar 05 2018 00:00:00 GMT+0530 (India Standard Time)",55.6731522116756,50,70,30
"Tue Mar 06 2018 00:00:00 GMT+0530 (India Standard Time)",40.0411932942418,50,70,30
"Wed Mar 07 2018 00:00:00 GMT+0530 (India Standard Time)",41.0464383528186,50,70,30
"Thu Mar 08 2018 00:00:00 GMT+0530 (India Standard Time)",50.8017358478059,50,70,30
"Fri Mar 09 2018 00:00:00 GMT+0530 (India Standard Time)",41.2069552084264,50,70,30
"Mon Mar 12 2018 00:00:00 GMT+0530 (India Standard Time)",50.3040848446936,50,70,30
"Tue Mar 13 2018 00:00:00 GMT+0530 (India Standard Time)",50.5144411464764,50,70,30
"Wed Mar 14 2018 00:00:00 GMT+0530 (India Standard Time)",47.2814705667775,50,70,30
"Thu Mar 15 2018 00:00:00 GMT+0530 (India Standard Time)",49.6707609996225,50,70,30
"Fri Mar 16 2018 00:00:00 GMT+0530 (India Standard Time)",38.3163348448943,50,70,30
"Mon Mar 19 2018 00:00:00 GMT+0530 (India Standard Time)",48.6696798643949,50,70,30
"Tue Mar 20 2018 00:00:00 GMT+0530 (India Standard Time)",52.0062950971252,50,70,30
"Wed Mar 21 2018 00:00:00 GMT+0530 (India Standard Time)",48.3778028273867,50,70,30
"Thu Mar 22 2018 00:00:00 GMT+0530 (India Standard Time)",41.2600743296027,50,70,30
"Fri Mar 23 2018 00:00:00 GMT+0530 (India Standard Time)",50.0265143597098,50,70,30
"Mon Mar 26 2018 00:00:00 GMT+0530 (India Standard Time)",53.3922324722685,50,70,30
"Tue Mar 27 2018 00:00:00 GMT+0530 (India Standard Time)",58.5905351645345,50,70,30
"Wed Mar 28 2018 00:00:00 GMT+0530 (India Standard Time)",44.0225162252195,50,70,30
"Mon Apr 02 2018 00:00:00 GMT+0530 (India Standard Time)",52.3727171371478,50,70,30
"Tue Apr 03 2018 00:00:00 GMT+0530 (India Standard Time)",65.5062330389644,50,70,30
"Wed Apr 04 2018 00:00:00 GMT+0530 (India Standard Time)",53.7848200186565,50,70,30
"Thu Apr 05 2018 00:00:00 GMT+0530 (India Standard Time)",54.5357599066861,50,70,30
"Fri Apr 06 2018 00:00:00 GMT+0530 (India Standard Time)",53.0440099345864,50,70,30
"Mon Apr 09 2018 00:00:00 GMT+0530 (India Standard Time)",52.4917640483824,50,70,30
"Tue Apr 10 2018 00:00:00 GMT+0530 (India Standard Time)",58.0368108967387,50,70,30
"Wed Apr 11 2018 00:00:00 GMT+0530 (India Standard Time)",58.2921278039646,50,70,30
"Thu Apr 12 2018 00:00:00 GMT+0530 (India Standard Time)",53.4170428328244,50,70,30
"Fri Apr 13 2018 00:00:00 GMT+0530 (India Standard Time)",60.2102636694887,50,70,30
"Mon Apr 16 2018 00:00:00 GMT+0530 (India Standard Time)",68.1361218715022,50,70,30
"Tue Apr 17 2018 00:00:00 GMT+0530 (India Standard Time)",82.0042713499274,50,70,30
"Wed Apr 18 2018 00:00:00 GMT+0530 (India Standard Time)",82.1614352659595,50,70,30
"Thu Apr 19 2018 00:00:00 GMT+0530 (India Standard Time)",86.4075427378962,50,70,30
"Fri Apr 20 2018 00:00:00 GMT+0530 (India Standard Time)",80.0264732504707,50,70,30
"Mon Apr 23 2018 00:00:00 GMT+0530 (India Standard Time)",77.1063748069231,50,70,30
"Tue Apr 24 2018 00:00:00 GMT+0530 (India Standard Time)",74.3667044497996,50,70,30
"Wed Apr 25 2018 00:00:00 GMT+0530 (India Standard Time)",76.8112988931654,50,70,30
"Thu Apr 26 2018 00:00:00 GMT+0530 (India Standard Time)",73.6591792569892,50,70,30
"Fri Apr 27 2018 00:00:00 GMT+0530 (India Standard Time)",76.5182823583756,50,70,30
"Mon Apr 30 2018 00:00:00 GMT+0530 (India Standard Time)",75.9895573773769,50,70,30
"Wed May 02 2018 00:00:00 GMT+0530 (India Standard Time)",53.1197573670691,50,70,30
"Thu May 03 2018 00:00:00 GMT+0530 (India Standard Time)",59.8352915720443,50,70,30
"Fri May 04 2018 00:00:00 GMT+0530 (India Standard Time)",64.1638227537695,50,70,30
"Mon May 07 2018 00:00:00 GMT+0530 (India Standard Time)",71.3011857850383,50,70,30
"Tue May 08 2018 00:00:00 GMT+0530 (India Standard Time)",79.7508068790174,50,70,30
"Wed May 09 2018 00:00:00 GMT+0530 (India Standard Time)",73.2584507732939,50,70,30
"Thu May 10 2018 00:00:00 GMT+0530 (India Standard Time)",52.259464516871,50,70,30
"Fri May 11 2018 00:00:00 GMT+0530 (India Standard Time)",47.560796749416,50,70,30
"Mon May 14 2018 00:00:00 GMT+0530 (India Standard Time)",56.244670294893,50,70,30
"Tue May 15 2018 00:00:00 GMT+0530 (India Standard Time)",69.118803289564,50,70,30
"Wed May 16 2018 00:00:00 GMT+0530 (India Standard Time)",67.2171395812136,50,70,30
"Thu May 17 2018 00:00:00 GMT+0530 (India Standard Time)",67.2171395812136,50,70,30
"Fri May 18 2018 00:00:00 GMT+0530 (India Standard Time)",64.2742086281474,50,70,30
"Mon May 21 2018 00:00:00 GMT+0530 (India Standard Time)",62.3833126609791,50,70,30
"Tue May 22 2018 00:00:00 GMT+0530 (India Standard Time)",51.3448615692375,50,70,30
"Wed May 23 2018 00:00:00 GMT+0530 (India Standard Time)",54.0599747010865,50,70,30
"Thu May 24 2018 00:00:00 GMT+0530 (India Standard Time)",56.3590396872428,50,70,30
"Fri May 25 2018 00:00:00 GMT+0530 (India Standard Time)",57.9767698993061,50,70,30
"Mon May 28 2018 00:00:00 GMT+0530 (India Standard Time)",33.568384018086,50,70,30
"Tue May 29 2018 00:00:00 GMT+0530 (India Standard Time)",33.8832633749261,50,70,30
"Wed May 30 2018 00:00:00 GMT+0530 (India Standard Time)",48.0808584805422,50,70,30
"Thu May 31 2018 00:00:00 GMT+0530 (India Standard Time)",47.8437720534089,50,70,30
"Fri Jun 01 2018 00:00:00 GMT+0530 (India Standard Time)",34.2163410594914,50,70,30
"Mon Jun 04 2018 00:00:00 GMT+0530 (India Standard Time)",24.4563565435232,50,70,30
"Tue Jun 05 2018 00:00:00 GMT+0530 (India Standard Time)",20.0345562285131,50,70,30
"Wed Jun 06 2018 00:00:00 GMT+0530 (India Standard Time)",31.3424391746029,50,70,30
"Thu Jun 07 2018 00:00:00 GMT+0530 (India Standard Time)",38.6796788538469,50,70,30
"Fri Jun 08 2018 00:00:00 GMT+0530 (India Standard Time)",28.3897633384825,50,70,30
