"date","rsi","middle","overbought","oversold"
"Thu Jul 27 2017 00:00:00 GMT+0530 (India Standard Time)",63.7933925876237,50,70,30
"Fri Jul 28 2017 00:00:00 GMT+0530 (India Standard Time)",67.9852627496606,50,70,30
"Mon Jul 31 2017 00:00:00 GMT+0530 (India Standard Time)",72.4302522125933,50,70,30
"Tue Aug 01 2017 00:00:00 GMT+0530 (India Standard Time)",74.1128242710102,50,70,30
"Wed Aug 02 2017 00:00:00 GMT+0530 (India Standard Time)",71.6264200904535,50,70,30
"Thu Aug 03 2017 00:00:00 GMT+0530 (India Standard Time)",77.4994623394056,50,70,30
"Fri Aug 04 2017 00:00:00 GMT+0530 (India Standard Time)",86.9531794906123,50,70,30
"Mon Aug 07 2017 00:00:00 GMT+0530 (India Standard Time)",90.3020291057909,50,70,30
"Tue Aug 08 2017 00:00:00 GMT+0530 (India Standard Time)",71.9574088903635,50,70,30
"Wed Aug 09 2017 00:00:00 GMT+0530 (India Standard Time)",67.2868570406016,50,70,30
"Thu Aug 10 2017 00:00:00 GMT+0530 (India Standard Time)",56.1576418246067,50,70,30
"Fri Aug 11 2017 00:00:00 GMT+0530 (India Standard Time)",62.9768667558192,50,70,30
"Mon Aug 14 2017 00:00:00 GMT+0530 (India Standard Time)",66.4417138471179,50,70,30
"Wed Aug 16 2017 00:00:00 GMT+0530 (India Standard Time)",64.8290357724345,50,70,30
"Thu Aug 17 2017 00:00:00 GMT+0530 (India Standard Time)",62.8682526713907,50,70,30
"Fri Aug 18 2017 00:00:00 GMT+0530 (India Standard Time)",66.857441186679,50,70,30
"Mon Aug 21 2017 00:00:00 GMT+0530 (India Standard Time)",59.367512619178,50,70,30
"Tue Aug 22 2017 00:00:00 GMT+0530 (India Standard Time)",67.2050769837762,50,70,30
"Wed Aug 23 2017 00:00:00 GMT+0530 (India Standard Time)",70.5817512074183,50,70,30
"Thu Aug 24 2017 00:00:00 GMT+0530 (India Standard Time)",73.7396305047568,50,70,30
"Mon Aug 28 2017 00:00:00 GMT+0530 (India Standard Time)",70.6808501893416,50,70,30
"Tue Aug 29 2017 00:00:00 GMT+0530 (India Standard Time)",72.3467044289705,50,70,30
"Wed Aug 30 2017 00:00:00 GMT+0530 (India Standard Time)",79.3827060641254,50,70,30
"Thu Aug 31 2017 00:00:00 GMT+0530 (India Standard Time)",80.1199350178834,50,70,30
"Fri Sep 01 2017 00:00:00 GMT+0530 (India Standard Time)",72.6851247262489,50,70,30
"Mon Sep 04 2017 00:00:00 GMT+0530 (India Standard Time)",65.7086677885034,50,70,30
"Tue Sep 05 2017 00:00:00 GMT+0530 (India Standard Time)",68.8646383756437,50,70,30
"Wed Sep 06 2017 00:00:00 GMT+0530 (India Standard Time)",62.253719874776,50,70,30
"Thu Sep 07 2017 00:00:00 GMT+0530 (India Standard Time)",54.3397297848042,50,70,30
"Fri Sep 08 2017 00:00:00 GMT+0530 (India Standard Time)",47.0916938523974,50,70,30
"Mon Sep 11 2017 00:00:00 GMT+0530 (India Standard Time)",50.2277349249996,50,70,30
"Tue Sep 12 2017 00:00:00 GMT+0530 (India Standard Time)",64.0811494310731,50,70,30
"Wed Sep 13 2017 00:00:00 GMT+0530 (India Standard Time)",43.8552632532074,50,70,30
"Thu Sep 14 2017 00:00:00 GMT+0530 (India Standard Time)",45.0701283709014,50,70,30
"Fri Sep 15 2017 00:00:00 GMT+0530 (India Standard Time)",40.9777565240541,50,70,30
"Mon Sep 18 2017 00:00:00 GMT+0530 (India Standard Time)",38.3024733389271,50,70,30
"Tue Sep 19 2017 00:00:00 GMT+0530 (India Standard Time)",49.9062237898587,50,70,30
"Wed Sep 20 2017 00:00:00 GMT+0530 (India Standard Time)",42.8718061361975,50,70,30
"Thu Sep 21 2017 00:00:00 GMT+0530 (India Standard Time)",43.1699580694596,50,70,30
"Fri Sep 22 2017 00:00:00 GMT+0530 (India Standard Time)",33.8587627081933,50,70,30
"Mon Sep 25 2017 00:00:00 GMT+0530 (India Standard Time)",27.2502600576561,50,70,30
"Tue Sep 26 2017 00:00:00 GMT+0530 (India Standard Time)",23.4352511881884,50,70,30
"Wed Sep 27 2017 00:00:00 GMT+0530 (India Standard Time)",25.2496254214891,50,70,30
"Thu Sep 28 2017 00:00:00 GMT+0530 (India Standard Time)",24.80525492966,50,70,30
"Fri Sep 29 2017 00:00:00 GMT+0530 (India Standard Time)",38.8022236926458,50,70,30
"Tue Oct 03 2017 00:00:00 GMT+0530 (India Standard Time)",47.0867828178736,50,70,30
"Wed Oct 04 2017 00:00:00 GMT+0530 (India Standard Time)",55.5815886619148,50,70,30
"Thu Oct 05 2017 00:00:00 GMT+0530 (India Standard Time)",47.7146697707121,50,70,30
"Fri Oct 06 2017 00:00:00 GMT+0530 (India Standard Time)",55.9995444959803,50,70,30
"Mon Oct 09 2017 00:00:00 GMT+0530 (India Standard Time)",50.831164001577,50,70,30
"Tue Oct 10 2017 00:00:00 GMT+0530 (India Standard Time)",47.6209184618569,50,70,30
"Wed Oct 11 2017 00:00:00 GMT+0530 (India Standard Time)",62.3091451406945,50,70,30
"Thu Oct 12 2017 00:00:00 GMT+0530 (India Standard Time)",63.1492863333481,50,70,30
"Fri Oct 13 2017 00:00:00 GMT+0530 (India Standard Time)",65.4077523838893,50,70,30
"Mon Oct 16 2017 00:00:00 GMT+0530 (India Standard Time)",66.0265661989064,50,70,30
"Tue Oct 17 2017 00:00:00 GMT+0530 (India Standard Time)",72.8502185006918,50,70,30
"Wed Oct 18 2017 00:00:00 GMT+0530 (India Standard Time)",62.3751294223056,50,70,30
"Thu Oct 19 2017 00:00:00 GMT+0530 (India Standard Time)",58.5539971398903,50,70,30
"Mon Oct 23 2017 00:00:00 GMT+0530 (India Standard Time)",56.8512257311594,50,70,30
"Tue Oct 24 2017 00:00:00 GMT+0530 (India Standard Time)",63.594276806833,50,70,30
"Wed Oct 25 2017 00:00:00 GMT+0530 (India Standard Time)",58.2650638718511,50,70,30
"Thu Oct 26 2017 00:00:00 GMT+0530 (India Standard Time)",72.4815114080637,50,70,30
"Fri Oct 27 2017 00:00:00 GMT+0530 (India Standard Time)",47.416605327459,50,70,30
"Mon Oct 30 2017 00:00:00 GMT+0530 (India Standard Time)",46.4945420089769,50,70,30
"Tue Oct 31 2017 00:00:00 GMT+0530 (India Standard Time)",40.8808391910552,50,70,30
"Wed Nov 01 2017 00:00:00 GMT+0530 (India Standard Time)",38.2023798196403,50,70,30
"Thu Nov 02 2017 00:00:00 GMT+0530 (India Standard Time)",40.5937056864101,50,70,30
"Fri Nov 03 2017 00:00:00 GMT+0530 (India Standard Time)",40.9793494418896,50,70,30
"Mon Nov 06 2017 00:00:00 GMT+0530 (India Standard Time)",31.7761347932262,50,70,30
"Tue Nov 07 2017 00:00:00 GMT+0530 (India Standard Time)",44.8878954413572,50,70,30
"Wed Nov 08 2017 00:00:00 GMT+0530 (India Standard Time)",37.1841205180184,50,70,30
"Thu Nov 09 2017 00:00:00 GMT+0530 (India Standard Time)",34.9577732497585,50,70,30
"Fri Nov 10 2017 00:00:00 GMT+0530 (India Standard Time)",26.5362565601387,50,70,30
"Mon Nov 13 2017 00:00:00 GMT+0530 (India Standard Time)",30.7896128550301,50,70,30
"Tue Nov 14 2017 00:00:00 GMT+0530 (India Standard Time)",26.0280002034079,50,70,30
"Wed Nov 15 2017 00:00:00 GMT+0530 (India Standard Time)",29.6930456828105,50,70,30
"Thu Nov 16 2017 00:00:00 GMT+0530 (India Standard Time)",28.8678732527848,50,70,30
"Fri Nov 17 2017 00:00:00 GMT+0530 (India Standard Time)",32.6866440800435,50,70,30
"Mon Nov 20 2017 00:00:00 GMT+0530 (India Standard Time)",34.0194143690646,50,70,30
"Tue Nov 21 2017 00:00:00 GMT+0530 (India Standard Time)",39.7960653954687,50,70,30
"Wed Nov 22 2017 00:00:00 GMT+0530 (India Standard Time)",41.3020152039082,50,70,30
"Thu Nov 23 2017 00:00:00 GMT+0530 (India Standard Time)",50.9470755391371,50,70,30
"Fri Nov 24 2017 00:00:00 GMT+0530 (India Standard Time)",58.6441232140462,50,70,30
"Mon Nov 27 2017 00:00:00 GMT+0530 (India Standard Time)",47.9370930368544,50,70,30
"Tue Nov 28 2017 00:00:00 GMT+0530 (India Standard Time)",40.1782810604542,50,70,30
"Wed Nov 29 2017 00:00:00 GMT+0530 (India Standard Time)",38.6281674726554,50,70,30
"Thu Nov 30 2017 00:00:00 GMT+0530 (India Standard Time)",39.3550089555303,50,70,30
"Fri Dec 01 2017 00:00:00 GMT+0530 (India Standard Time)",30.7662396569984,50,70,30
"Mon Dec 04 2017 00:00:00 GMT+0530 (India Standard Time)",37.0815627493374,50,70,30
"Tue Dec 05 2017 00:00:00 GMT+0530 (India Standard Time)",36.5417660502422,50,70,30
"Wed Dec 06 2017 00:00:00 GMT+0530 (India Standard Time)",29.1879203368037,50,70,30
"Thu Dec 07 2017 00:00:00 GMT+0530 (India Standard Time)",43.681996345019,50,70,30
"Fri Dec 08 2017 00:00:00 GMT+0530 (India Standard Time)",63.924937892293,50,70,30
"Mon Dec 11 2017 00:00:00 GMT+0530 (India Standard Time)",67.4301682257557,50,70,30
"Tue Dec 12 2017 00:00:00 GMT+0530 (India Standard Time)",45.5219503101332,50,70,30
"Wed Dec 13 2017 00:00:00 GMT+0530 (India Standard Time)",53.7900036243235,50,70,30
"Thu Dec 14 2017 00:00:00 GMT+0530 (India Standard Time)",64.1721266005223,50,70,30
"Fri Dec 15 2017 00:00:00 GMT+0530 (India Standard Time)",68.0723668961163,50,70,30
"Mon Dec 18 2017 00:00:00 GMT+0530 (India Standard Time)",61.0481095980638,50,70,30
"Tue Dec 19 2017 00:00:00 GMT+0530 (India Standard Time)",59.3406649749049,50,70,30
"Wed Dec 20 2017 00:00:00 GMT+0530 (India Standard Time)",53.5055523444084,50,70,30
"Thu Dec 21 2017 00:00:00 GMT+0530 (India Standard Time)",48.3045218327844,50,70,30
"Fri Dec 22 2017 00:00:00 GMT+0530 (India Standard Time)",51.244532061559,50,70,30
"Tue Dec 26 2017 00:00:00 GMT+0530 (India Standard Time)",52.7333455428238,50,70,30
"Wed Dec 27 2017 00:00:00 GMT+0530 (India Standard Time)",46.3984424047916,50,70,30
"Thu Dec 28 2017 00:00:00 GMT+0530 (India Standard Time)",42.3579480920009,50,70,30
"Fri Dec 29 2017 00:00:00 GMT+0530 (India Standard Time)",37.5790297200164,50,70,30
"Mon Jan 01 2018 00:00:00 GMT+0530 (India Standard Time)",32.5107930748333,50,70,30
"Tue Jan 02 2018 00:00:00 GMT+0530 (India Standard Time)",26.3067821058135,50,70,30
"Wed Jan 03 2018 00:00:00 GMT+0530 (India Standard Time)",35.1467144344709,50,70,30
"Thu Jan 04 2018 00:00:00 GMT+0530 (India Standard Time)",47.712342638969,50,70,30
"Fri Jan 05 2018 00:00:00 GMT+0530 (India Standard Time)",43.0247280088998,50,70,30
"Mon Jan 08 2018 00:00:00 GMT+0530 (India Standard Time)",51.7602438776626,50,70,30
"Tue Jan 09 2018 00:00:00 GMT+0530 (India Standard Time)",46.5391879108304,50,70,30
"Wed Jan 10 2018 00:00:00 GMT+0530 (India Standard Time)",56.1024937309405,50,70,30
"Thu Jan 11 2018 00:00:00 GMT+0530 (India Standard Time)",50.9194622311475,50,70,30
"Fri Jan 12 2018 00:00:00 GMT+0530 (India Standard Time)",57.1936874680569,50,70,30
"Mon Jan 15 2018 00:00:00 GMT+0530 (India Standard Time)",57.3841702426438,50,70,30
"Tue Jan 16 2018 00:00:00 GMT+0530 (India Standard Time)",37.3668670632491,50,70,30
"Wed Jan 17 2018 00:00:00 GMT+0530 (India Standard Time)",50.0777652094442,50,70,30
"Thu Jan 18 2018 00:00:00 GMT+0530 (India Standard Time)",41.6539775919283,50,70,30
"Fri Jan 19 2018 00:00:00 GMT+0530 (India Standard Time)",47.0072655158272,50,70,30
"Mon Jan 22 2018 00:00:00 GMT+0530 (India Standard Time)",35.0126831854247,50,70,30
"Tue Jan 23 2018 00:00:00 GMT+0530 (India Standard Time)",31.2437323174787,50,70,30
"Wed Jan 24 2018 00:00:00 GMT+0530 (India Standard Time)",27.3563841192909,50,70,30
"Thu Jan 25 2018 00:00:00 GMT+0530 (India Standard Time)",24.7268792408303,50,70,30
"Mon Jan 29 2018 00:00:00 GMT+0530 (India Standard Time)",20.6120099607149,50,70,30
"Tue Jan 30 2018 00:00:00 GMT+0530 (India Standard Time)",42.5070208844691,50,70,30
"Wed Jan 31 2018 00:00:00 GMT+0530 (India Standard Time)",46.9519735012981,50,70,30
"Thu Feb 01 2018 00:00:00 GMT+0530 (India Standard Time)",42.623766913263,50,70,30
"Fri Feb 02 2018 00:00:00 GMT+0530 (India Standard Time)",31.4593466854497,50,70,30
"Mon Feb 05 2018 00:00:00 GMT+0530 (India Standard Time)",40.8269706196945,50,70,30
"Tue Feb 06 2018 00:00:00 GMT+0530 (India Standard Time)",36.9336534021975,50,70,30
"Wed Feb 07 2018 00:00:00 GMT+0530 (India Standard Time)",52.585158274477,50,70,30
"Thu Feb 08 2018 00:00:00 GMT+0530 (India Standard Time)",54.9583791908391,50,70,30
"Fri Feb 09 2018 00:00:00 GMT+0530 (India Standard Time)",51.4286479599716,50,70,30
"Mon Feb 12 2018 00:00:00 GMT+0530 (India Standard Time)",47.7598511009031,50,70,30
"Wed Feb 14 2018 00:00:00 GMT+0530 (India Standard Time)",40.8051949252485,50,70,30
"Thu Feb 15 2018 00:00:00 GMT+0530 (India Standard Time)",48.8606020389564,50,70,30
"Fri Feb 16 2018 00:00:00 GMT+0530 (India Standard Time)",45.4441674900245,50,70,30
"Mon Feb 19 2018 00:00:00 GMT+0530 (India Standard Time)",39.6532202710224,50,70,30
"Tue Feb 20 2018 00:00:00 GMT+0530 (India Standard Time)",40.9287160606468,50,70,30
"Wed Feb 21 2018 00:00:00 GMT+0530 (India Standard Time)",48.2067205973324,50,70,30
"Thu Feb 22 2018 00:00:00 GMT+0530 (India Standard Time)",45.2308038269147,50,70,30
"Fri Feb 23 2018 00:00:00 GMT+0530 (India Standard Time)",47.8824586133666,50,70,30
"Mon Feb 26 2018 00:00:00 GMT+0530 (India Standard Time)",54.9862778418418,50,70,30
"Tue Feb 27 2018 00:00:00 GMT+0530 (India Standard Time)",54.6062722572331,50,70,30
"Wed Feb 28 2018 00:00:00 GMT+0530 (India Standard Time)",40.0919540434771,50,70,30
"Thu Mar 01 2018 00:00:00 GMT+0530 (India Standard Time)",36.7185341061002,50,70,30
"Mon Mar 05 2018 00:00:00 GMT+0530 (India Standard Time)",28.5625093874336,50,70,30
"Tue Mar 06 2018 00:00:00 GMT+0530 (India Standard Time)",27.7447605659248,50,70,30
"Wed Mar 07 2018 00:00:00 GMT+0530 (India Standard Time)",22.666139658501,50,70,30
"Thu Mar 08 2018 00:00:00 GMT+0530 (India Standard Time)",28.0256896371084,50,70,30
"Fri Mar 09 2018 00:00:00 GMT+0530 (India Standard Time)",25.4368496091184,50,70,30
"Mon Mar 12 2018 00:00:00 GMT+0530 (India Standard Time)",42.4397549666769,50,70,30
"Tue Mar 13 2018 00:00:00 GMT+0530 (India Standard Time)",60.0117894077056,50,70,30
"Wed Mar 14 2018 00:00:00 GMT+0530 (India Standard Time)",51.5492348934659,50,70,30
"Thu Mar 15 2018 00:00:00 GMT+0530 (India Standard Time)",47.5998272363265,50,70,30
"Fri Mar 16 2018 00:00:00 GMT+0530 (India Standard Time)",41.1714418317308,50,70,30
"Mon Mar 19 2018 00:00:00 GMT+0530 (India Standard Time)",32.0610843953776,50,70,30
"Tue Mar 20 2018 00:00:00 GMT+0530 (India Standard Time)",35.3871037996607,50,70,30
"Wed Mar 21 2018 00:00:00 GMT+0530 (India Standard Time)",34.1896988750492,50,70,30
"Thu Mar 22 2018 00:00:00 GMT+0530 (India Standard Time)",27.0653891117609,50,70,30
"Fri Mar 23 2018 00:00:00 GMT+0530 (India Standard Time)",24.8630030610444,50,70,30
"Mon Mar 26 2018 00:00:00 GMT+0530 (India Standard Time)",21.8286379077576,50,70,30
"Tue Mar 27 2018 00:00:00 GMT+0530 (India Standard Time)",41.4880589415395,50,70,30
"Wed Mar 28 2018 00:00:00 GMT+0530 (India Standard Time)",39.7493920101571,50,70,30
"Mon Apr 02 2018 00:00:00 GMT+0530 (India Standard Time)",39.4239188654167,50,70,30
"Tue Apr 03 2018 00:00:00 GMT+0530 (India Standard Time)",51.5272278980509,50,70,30
"Wed Apr 04 2018 00:00:00 GMT+0530 (India Standard Time)",41.6206924993047,50,70,30
"Thu Apr 05 2018 00:00:00 GMT+0530 (India Standard Time)",46.7536480933133,50,70,30
"Fri Apr 06 2018 00:00:00 GMT+0530 (India Standard Time)",53.165224835104,50,70,30
"Mon Apr 09 2018 00:00:00 GMT+0530 (India Standard Time)",64.4872140692563,50,70,30
"Tue Apr 10 2018 00:00:00 GMT+0530 (India Standard Time)",61.6117934183229,50,70,30
"Wed Apr 11 2018 00:00:00 GMT+0530 (India Standard Time)",36.9190430219451,50,70,30
"Thu Apr 12 2018 00:00:00 GMT+0530 (India Standard Time)",37.4878940273037,50,70,30
"Fri Apr 13 2018 00:00:00 GMT+0530 (India Standard Time)",35.1598030282403,50,70,30
"Mon Apr 16 2018 00:00:00 GMT+0530 (India Standard Time)",33.545833893682,50,70,30
"Tue Apr 17 2018 00:00:00 GMT+0530 (India Standard Time)",32.5552668736824,50,70,30
"Wed Apr 18 2018 00:00:00 GMT+0530 (India Standard Time)",25.7610517833409,50,70,30
"Thu Apr 19 2018 00:00:00 GMT+0530 (India Standard Time)",18.1788587345668,50,70,30
"Fri Apr 20 2018 00:00:00 GMT+0530 (India Standard Time)",17.3799183132549,50,70,30
"Mon Apr 23 2018 00:00:00 GMT+0530 (India Standard Time)",25.477852900482,50,70,30
"Tue Apr 24 2018 00:00:00 GMT+0530 (India Standard Time)",28.1104940662205,50,70,30
"Wed Apr 25 2018 00:00:00 GMT+0530 (India Standard Time)",23.6099284856827,50,70,30
"Thu Apr 26 2018 00:00:00 GMT+0530 (India Standard Time)",22.7127118720833,50,70,30
"Fri Apr 27 2018 00:00:00 GMT+0530 (India Standard Time)",38.0518566969345,50,70,30
"Mon Apr 30 2018 00:00:00 GMT+0530 (India Standard Time)",36.7796849121714,50,70,30
"Wed May 02 2018 00:00:00 GMT+0530 (India Standard Time)",30.9361637882624,50,70,30
"Thu May 03 2018 00:00:00 GMT+0530 (India Standard Time)",29.0251210813048,50,70,30
"Fri May 04 2018 00:00:00 GMT+0530 (India Standard Time)",29.0251210813048,50,70,30
"Mon May 07 2018 00:00:00 GMT+0530 (India Standard Time)",33.627537971731,50,70,30
"Tue May 08 2018 00:00:00 GMT+0530 (India Standard Time)",50.7626050415107,50,70,30
"Wed May 09 2018 00:00:00 GMT+0530 (India Standard Time)",48.2474861102252,50,70,30
"Thu May 10 2018 00:00:00 GMT+0530 (India Standard Time)",52.3707759446331,50,70,30
"Fri May 11 2018 00:00:00 GMT+0530 (India Standard Time)",65.3956793531713,50,70,30
"Mon May 14 2018 00:00:00 GMT+0530 (India Standard Time)",67.520907585467,50,70,30
"Tue May 15 2018 00:00:00 GMT+0530 (India Standard Time)",69.8475484433247,50,70,30
"Wed May 16 2018 00:00:00 GMT+0530 (India Standard Time)",59.6797753536986,50,70,30
"Thu May 17 2018 00:00:00 GMT+0530 (India Standard Time)",57.9452077128217,50,70,30
"Fri May 18 2018 00:00:00 GMT+0530 (India Standard Time)",48.0896018222359,50,70,30
"Mon May 21 2018 00:00:00 GMT+0530 (India Standard Time)",49.6176886593804,50,70,30
"Tue May 22 2018 00:00:00 GMT+0530 (India Standard Time)",47.711162983385,50,70,30
"Wed May 23 2018 00:00:00 GMT+0530 (India Standard Time)",22.700756262051,50,70,30
"Thu May 24 2018 00:00:00 GMT+0530 (India Standard Time)",20.8020424438375,50,70,30
"Fri May 25 2018 00:00:00 GMT+0530 (India Standard Time)",39.4298708717053,50,70,30
"Mon May 28 2018 00:00:00 GMT+0530 (India Standard Time)",56.9361581754922,50,70,30
"Tue May 29 2018 00:00:00 GMT+0530 (India Standard Time)",58.4458202780371,50,70,30
"Wed May 30 2018 00:00:00 GMT+0530 (India Standard Time)",49.9495936437492,50,70,30
"Thu May 31 2018 00:00:00 GMT+0530 (India Standard Time)",54.5936092565964,50,70,30
"Fri Jun 01 2018 00:00:00 GMT+0530 (India Standard Time)",54.8834245821742,50,70,30
"Mon Jun 04 2018 00:00:00 GMT+0530 (India Standard Time)",54.9387346771541,50,70,30
"Tue Jun 05 2018 00:00:00 GMT+0530 (India Standard Time)",57.9707930331867,50,70,30
"Wed Jun 06 2018 00:00:00 GMT+0530 (India Standard Time)",51.7473961678043,50,70,30
"Thu Jun 07 2018 00:00:00 GMT+0530 (India Standard Time)",57.363097513179,50,70,30
"Fri Jun 08 2018 00:00:00 GMT+0530 (India Standard Time)",51.2949241283206,50,70,30
"Mon Jun 11 2018 00:00:00 GMT+0530 (India Standard Time)",55.8797236229036,50,70,30
"Tue Jun 12 2018 00:00:00 GMT+0530 (India Standard Time)",59.3166210915685,50,70,30
"Wed Jun 13 2018 00:00:00 GMT+0530 (India Standard Time)",53.4354855444061,50,70,30
"Thu Jun 14 2018 00:00:00 GMT+0530 (India Standard Time)",46.1344439251708,50,70,30
"Fri Jun 15 2018 00:00:00 GMT+0530 (India Standard Time)",40.8572514055769,50,70,30
"Mon Jun 18 2018 00:00:00 GMT+0530 (India Standard Time)",63.2973454222456,50,70,30
"Tue Jun 19 2018 00:00:00 GMT+0530 (India Standard Time)",50.5187174782198,50,70,30
"Wed Jun 20 2018 00:00:00 GMT+0530 (India Standard Time)",44.6850975609287,50,70,30
"Thu Jun 21 2018 00:00:00 GMT+0530 (India Standard Time)",53.5448274492317,50,70,30
"Fri Jun 22 2018 00:00:00 GMT+0530 (India Standard Time)",48.5653380027721,50,70,30
"Mon Jun 25 2018 00:00:00 GMT+0530 (India Standard Time)",36.7019415008361,50,70,30
"Tue Jun 26 2018 00:00:00 GMT+0530 (India Standard Time)",36.9205413825165,50,70,30
"Wed Jun 27 2018 00:00:00 GMT+0530 (India Standard Time)",23.1082495075423,50,70,30
"Thu Jun 28 2018 00:00:00 GMT+0530 (India Standard Time)",17.8777256523243,50,70,30
"Fri Jun 29 2018 00:00:00 GMT+0530 (India Standard Time)",17.2428287939586,50,70,30
"Mon Jul 02 2018 00:00:00 GMT+0530 (India Standard Time)",18.0240193449181,50,70,30
"Tue Jul 03 2018 00:00:00 GMT+0530 (India Standard Time)",17.6963529195419,50,70,30
"Wed Jul 04 2018 00:00:00 GMT+0530 (India Standard Time)",15.2339305351038,50,70,30
"Thu Jul 05 2018 00:00:00 GMT+0530 (India Standard Time)",23.0606864518682,50,70,30
"Fri Jul 06 2018 00:00:00 GMT+0530 (India Standard Time)",40.7153612313678,50,70,30
