"date","rsi","middle","overbought","oversold"
"Thu Jul 27 2017 00:00:00 GMT+0530 (India Standard Time)",92.706645056726,50,70,30
"Fri Jul 28 2017 00:00:00 GMT+0530 (India Standard Time)",67.324581258488,50,70,30
"Mon Jul 31 2017 00:00:00 GMT+0530 (India Standard Time)",73.2674282783966,50,70,30
"Tue Aug 01 2017 00:00:00 GMT+0530 (India Standard Time)",80.003671932502,50,70,30
"Wed Aug 02 2017 00:00:00 GMT+0530 (India Standard Time)",82.09462646145,50,70,30
"Thu Aug 03 2017 00:00:00 GMT+0530 (India Standard Time)",60.4954616121847,50,70,30
"Fri Aug 04 2017 00:00:00 GMT+0530 (India Standard Time)",66.5230838710989,50,70,30
"Mon Aug 07 2017 00:00:00 GMT+0530 (India Standard Time)",69.5183046985297,50,70,30
"Tue Aug 08 2017 00:00:00 GMT+0530 (India Standard Time)",76.7645007840791,50,70,30
"Wed Aug 09 2017 00:00:00 GMT+0530 (India Standard Time)",80.1769268118769,50,70,30
"Thu Aug 10 2017 00:00:00 GMT+0530 (India Standard Time)",76.0689931796154,50,70,30
"Fri Aug 11 2017 00:00:00 GMT+0530 (India Standard Time)",44.9285308425754,50,70,30
"Mon Aug 14 2017 00:00:00 GMT+0530 (India Standard Time)",55.0968809504779,50,70,30
"Wed Aug 16 2017 00:00:00 GMT+0530 (India Standard Time)",59.7759546258002,50,70,30
"Thu Aug 17 2017 00:00:00 GMT+0530 (India Standard Time)",54.8824634749486,50,70,30
"Fri Aug 18 2017 00:00:00 GMT+0530 (India Standard Time)",54.4925186654194,50,70,30
"Mon Aug 21 2017 00:00:00 GMT+0530 (India Standard Time)",46.6193293317619,50,70,30
"Tue Aug 22 2017 00:00:00 GMT+0530 (India Standard Time)",52.7388669912823,50,70,30
"Wed Aug 23 2017 00:00:00 GMT+0530 (India Standard Time)",55.6707262162555,50,70,30
"Thu Aug 24 2017 00:00:00 GMT+0530 (India Standard Time)",58.7695326437225,50,70,30
"Mon Aug 28 2017 00:00:00 GMT+0530 (India Standard Time)",59.622504131676,50,70,30
"Tue Aug 29 2017 00:00:00 GMT+0530 (India Standard Time)",46.9004209226885,50,70,30
"Wed Aug 30 2017 00:00:00 GMT+0530 (India Standard Time)",60.8555695561096,50,70,30
"Thu Aug 31 2017 00:00:00 GMT+0530 (India Standard Time)",62.9063816015444,50,70,30
"Fri Sep 01 2017 00:00:00 GMT+0530 (India Standard Time)",69.3608981513803,50,70,30
"Mon Sep 04 2017 00:00:00 GMT+0530 (India Standard Time)",66.349119191219,50,70,30
"Tue Sep 05 2017 00:00:00 GMT+0530 (India Standard Time)",64.9719058002667,50,70,30
"Wed Sep 06 2017 00:00:00 GMT+0530 (India Standard Time)",70.0571221825172,50,70,30
"Thu Sep 07 2017 00:00:00 GMT+0530 (India Standard Time)",74.58694487788,50,70,30
"Fri Sep 08 2017 00:00:00 GMT+0530 (India Standard Time)",73.3528055398893,50,70,30
"Mon Sep 11 2017 00:00:00 GMT+0530 (India Standard Time)",73.9739149952356,50,70,30
"Tue Sep 12 2017 00:00:00 GMT+0530 (India Standard Time)",75.1756664572794,50,70,30
"Wed Sep 13 2017 00:00:00 GMT+0530 (India Standard Time)",63.9991286924221,50,70,30
"Thu Sep 14 2017 00:00:00 GMT+0530 (India Standard Time)",61.1541950888054,50,70,30
"Fri Sep 15 2017 00:00:00 GMT+0530 (India Standard Time)",62.5931857228609,50,70,30
"Mon Sep 18 2017 00:00:00 GMT+0530 (India Standard Time)",66.633955812932,50,70,30
"Tue Sep 19 2017 00:00:00 GMT+0530 (India Standard Time)",54.6200153503499,50,70,30
"Wed Sep 20 2017 00:00:00 GMT+0530 (India Standard Time)",46.8267142206599,50,70,30
"Thu Sep 21 2017 00:00:00 GMT+0530 (India Standard Time)",48.4189557551307,50,70,30
"Fri Sep 22 2017 00:00:00 GMT+0530 (India Standard Time)",23.6414494723483,50,70,30
"Mon Sep 25 2017 00:00:00 GMT+0530 (India Standard Time)",21.933635514081,50,70,30
"Tue Sep 26 2017 00:00:00 GMT+0530 (India Standard Time)",37.7801429576039,50,70,30
"Wed Sep 27 2017 00:00:00 GMT+0530 (India Standard Time)",36.3111541731091,50,70,30
"Thu Sep 28 2017 00:00:00 GMT+0530 (India Standard Time)",48.0804690524592,50,70,30
"Fri Sep 29 2017 00:00:00 GMT+0530 (India Standard Time)",52.6068253210755,50,70,30
"Tue Oct 03 2017 00:00:00 GMT+0530 (India Standard Time)",54.7251123273656,50,70,30
"Wed Oct 04 2017 00:00:00 GMT+0530 (India Standard Time)",55.4149195181929,50,70,30
"Thu Oct 05 2017 00:00:00 GMT+0530 (India Standard Time)",51.9162860610429,50,70,30
"Fri Oct 06 2017 00:00:00 GMT+0530 (India Standard Time)",70.7335873488444,50,70,30
"Mon Oct 09 2017 00:00:00 GMT+0530 (India Standard Time)",66.5863899832761,50,70,30
"Tue Oct 10 2017 00:00:00 GMT+0530 (India Standard Time)",70.2520043975917,50,70,30
"Wed Oct 11 2017 00:00:00 GMT+0530 (India Standard Time)",62.3585469225177,50,70,30
"Thu Oct 12 2017 00:00:00 GMT+0530 (India Standard Time)",78.6137438864447,50,70,30
"Fri Oct 13 2017 00:00:00 GMT+0530 (India Standard Time)",80.0437870913283,50,70,30
"Mon Oct 16 2017 00:00:00 GMT+0530 (India Standard Time)",82.9761796400677,50,70,30
"Tue Oct 17 2017 00:00:00 GMT+0530 (India Standard Time)",85.5747991405377,50,70,30
"Wed Oct 18 2017 00:00:00 GMT+0530 (India Standard Time)",82.1694998680726,50,70,30
"Thu Oct 19 2017 00:00:00 GMT+0530 (India Standard Time)",77.9916557294908,50,70,30
"Mon Oct 23 2017 00:00:00 GMT+0530 (India Standard Time)",71.9606910850349,50,70,30
"Tue Oct 24 2017 00:00:00 GMT+0530 (India Standard Time)",63.341880345394,50,70,30
"Wed Oct 25 2017 00:00:00 GMT+0530 (India Standard Time)",57.8384204647194,50,70,30
"Thu Oct 26 2017 00:00:00 GMT+0530 (India Standard Time)",67.4074334190308,50,70,30
"Fri Oct 27 2017 00:00:00 GMT+0530 (India Standard Time)",60.1123295583818,50,70,30
"Mon Oct 30 2017 00:00:00 GMT+0530 (India Standard Time)",64.9498926378134,50,70,30
"Tue Oct 31 2017 00:00:00 GMT+0530 (India Standard Time)",51.6432893130811,50,70,30
"Wed Nov 01 2017 00:00:00 GMT+0530 (India Standard Time)",63.4211379401251,50,70,30
"Thu Nov 02 2017 00:00:00 GMT+0530 (India Standard Time)",54.6695294360185,50,70,30
"Fri Nov 03 2017 00:00:00 GMT+0530 (India Standard Time)",51.2257808890512,50,70,30
"Mon Nov 06 2017 00:00:00 GMT+0530 (India Standard Time)",57.7686781561581,50,70,30
"Tue Nov 07 2017 00:00:00 GMT+0530 (India Standard Time)",46.9198130842346,50,70,30
"Wed Nov 08 2017 00:00:00 GMT+0530 (India Standard Time)",41.2339076415304,50,70,30
"Thu Nov 09 2017 00:00:00 GMT+0530 (India Standard Time)",41.7626838398569,50,70,30
"Fri Nov 10 2017 00:00:00 GMT+0530 (India Standard Time)",43.5218022586022,50,70,30
"Mon Nov 13 2017 00:00:00 GMT+0530 (India Standard Time)",37.9644488035132,50,70,30
"Tue Nov 14 2017 00:00:00 GMT+0530 (India Standard Time)",38.2532590128095,50,70,30
"Wed Nov 15 2017 00:00:00 GMT+0530 (India Standard Time)",25.6471704317993,50,70,30
"Thu Nov 16 2017 00:00:00 GMT+0530 (India Standard Time)",33.5207090970123,50,70,30
"Fri Nov 17 2017 00:00:00 GMT+0530 (India Standard Time)",43.5621113634069,50,70,30
"Mon Nov 20 2017 00:00:00 GMT+0530 (India Standard Time)",49.1179052728473,50,70,30
"Tue Nov 21 2017 00:00:00 GMT+0530 (India Standard Time)",49.1179052728473,50,70,30
"Wed Nov 22 2017 00:00:00 GMT+0530 (India Standard Time)",41.3969969452784,50,70,30
"Thu Nov 23 2017 00:00:00 GMT+0530 (India Standard Time)",36.8776286286364,50,70,30
"Fri Nov 24 2017 00:00:00 GMT+0530 (India Standard Time)",31.2153911565736,50,70,30
"Mon Nov 27 2017 00:00:00 GMT+0530 (India Standard Time)",28.4183470879611,50,70,30
"Tue Nov 28 2017 00:00:00 GMT+0530 (India Standard Time)",31.9368697856687,50,70,30
"Wed Nov 29 2017 00:00:00 GMT+0530 (India Standard Time)",26.3356581207535,50,70,30
"Thu Nov 30 2017 00:00:00 GMT+0530 (India Standard Time)",19.5358308955801,50,70,30
"Fri Dec 01 2017 00:00:00 GMT+0530 (India Standard Time)",15.8112439978063,50,70,30
"Mon Dec 04 2017 00:00:00 GMT+0530 (India Standard Time)",28.7239400736565,50,70,30
"Tue Dec 05 2017 00:00:00 GMT+0530 (India Standard Time)",30.1946272582972,50,70,30
"Wed Dec 06 2017 00:00:00 GMT+0530 (India Standard Time)",21.9032009886653,50,70,30
"Thu Dec 07 2017 00:00:00 GMT+0530 (India Standard Time)",35.0956223621195,50,70,30
"Fri Dec 08 2017 00:00:00 GMT+0530 (India Standard Time)",40.7560950194127,50,70,30
"Mon Dec 11 2017 00:00:00 GMT+0530 (India Standard Time)",38.290095235036,50,70,30
"Tue Dec 12 2017 00:00:00 GMT+0530 (India Standard Time)",38.0411104339631,50,70,30
"Wed Dec 13 2017 00:00:00 GMT+0530 (India Standard Time)",32.3734917123004,50,70,30
"Thu Dec 14 2017 00:00:00 GMT+0530 (India Standard Time)",38.2844329013138,50,70,30
"Fri Dec 15 2017 00:00:00 GMT+0530 (India Standard Time)",53.5420506648617,50,70,30
"Mon Dec 18 2017 00:00:00 GMT+0530 (India Standard Time)",64.5350196443404,50,70,30
"Tue Dec 19 2017 00:00:00 GMT+0530 (India Standard Time)",70.0463504531264,50,70,30
"Wed Dec 20 2017 00:00:00 GMT+0530 (India Standard Time)",74.0924219137198,50,70,30
"Thu Dec 21 2017 00:00:00 GMT+0530 (India Standard Time)",78.2379646648213,50,70,30
"Fri Dec 22 2017 00:00:00 GMT+0530 (India Standard Time)",81.3953661823893,50,70,30
"Tue Dec 26 2017 00:00:00 GMT+0530 (India Standard Time)",81.9273264588291,50,70,30
"Wed Dec 27 2017 00:00:00 GMT+0530 (India Standard Time)",73.1758420605135,50,70,30
"Thu Dec 28 2017 00:00:00 GMT+0530 (India Standard Time)",80.8912479659605,50,70,30
"Fri Dec 29 2017 00:00:00 GMT+0530 (India Standard Time)",76.3565121932018,50,70,30
"Mon Jan 01 2018 00:00:00 GMT+0530 (India Standard Time)",69.9671856609602,50,70,30
"Tue Jan 02 2018 00:00:00 GMT+0530 (India Standard Time)",70.8468016932954,50,70,30
"Wed Jan 03 2018 00:00:00 GMT+0530 (India Standard Time)",75.8520139219168,50,70,30
"Thu Jan 04 2018 00:00:00 GMT+0530 (India Standard Time)",78.8567846411405,50,70,30
"Fri Jan 05 2018 00:00:00 GMT+0530 (India Standard Time)",68.6950316584923,50,70,30
"Mon Jan 08 2018 00:00:00 GMT+0530 (India Standard Time)",67.9521125479676,50,70,30
"Tue Jan 09 2018 00:00:00 GMT+0530 (India Standard Time)",55.1514131767974,50,70,30
"Wed Jan 10 2018 00:00:00 GMT+0530 (India Standard Time)",48.9708620631227,50,70,30
"Thu Jan 11 2018 00:00:00 GMT+0530 (India Standard Time)",46.6262320513339,50,70,30
"Fri Jan 12 2018 00:00:00 GMT+0530 (India Standard Time)",49.5462232635278,50,70,30
"Mon Jan 15 2018 00:00:00 GMT+0530 (India Standard Time)",44.1045690014412,50,70,30
"Tue Jan 16 2018 00:00:00 GMT+0530 (India Standard Time)",32.3703865220771,50,70,30
"Wed Jan 17 2018 00:00:00 GMT+0530 (India Standard Time)",39.0623065018054,50,70,30
"Thu Jan 18 2018 00:00:00 GMT+0530 (India Standard Time)",26.7681121640574,50,70,30
"Fri Jan 19 2018 00:00:00 GMT+0530 (India Standard Time)",37.3143760985296,50,70,30
"Mon Jan 22 2018 00:00:00 GMT+0530 (India Standard Time)",33.3899494546344,50,70,30
"Tue Jan 23 2018 00:00:00 GMT+0530 (India Standard Time)",52.8317325870502,50,70,30
"Wed Jan 24 2018 00:00:00 GMT+0530 (India Standard Time)",43.5297733739591,50,70,30
"Thu Jan 25 2018 00:00:00 GMT+0530 (India Standard Time)",43.9849627370053,50,70,30
"Mon Jan 29 2018 00:00:00 GMT+0530 (India Standard Time)",43.4195908065344,50,70,30
"Tue Jan 30 2018 00:00:00 GMT+0530 (India Standard Time)",35.7659072681744,50,70,30
"Wed Jan 31 2018 00:00:00 GMT+0530 (India Standard Time)",41.8546755904478,50,70,30
"Thu Feb 01 2018 00:00:00 GMT+0530 (India Standard Time)",42.0982491317029,50,70,30
"Fri Feb 02 2018 00:00:00 GMT+0530 (India Standard Time)",32.1521424978845,50,70,30
"Mon Feb 05 2018 00:00:00 GMT+0530 (India Standard Time)",28.242448904469,50,70,30
"Tue Feb 06 2018 00:00:00 GMT+0530 (India Standard Time)",25.7927243873144,50,70,30
"Wed Feb 07 2018 00:00:00 GMT+0530 (India Standard Time)",30.8276454316209,50,70,30
"Thu Feb 08 2018 00:00:00 GMT+0530 (India Standard Time)",29.6663873459459,50,70,30
"Fri Feb 09 2018 00:00:00 GMT+0530 (India Standard Time)",27.1580083562652,50,70,30
"Mon Feb 12 2018 00:00:00 GMT+0530 (India Standard Time)",26.773877880837,50,70,30
"Wed Feb 14 2018 00:00:00 GMT+0530 (India Standard Time)",26.773877880837,50,70,30
"Thu Feb 15 2018 00:00:00 GMT+0530 (India Standard Time)",54.8384903865261,50,70,30
"Fri Feb 16 2018 00:00:00 GMT+0530 (India Standard Time)",45.4574183715144,50,70,30
"Mon Feb 19 2018 00:00:00 GMT+0530 (India Standard Time)",45.2255518582707,50,70,30
"Tue Feb 20 2018 00:00:00 GMT+0530 (India Standard Time)",48.9790783305886,50,70,30
"Wed Feb 21 2018 00:00:00 GMT+0530 (India Standard Time)",32.3180418848679,50,70,30
"Thu Feb 22 2018 00:00:00 GMT+0530 (India Standard Time)",31.1914201735419,50,70,30
"Fri Feb 23 2018 00:00:00 GMT+0530 (India Standard Time)",49.2804955115209,50,70,30
"Mon Feb 26 2018 00:00:00 GMT+0530 (India Standard Time)",48.5060971748538,50,70,30
"Tue Feb 27 2018 00:00:00 GMT+0530 (India Standard Time)",44.1595222059695,50,70,30
"Wed Feb 28 2018 00:00:00 GMT+0530 (India Standard Time)",47.3133530314375,50,70,30
"Thu Mar 01 2018 00:00:00 GMT+0530 (India Standard Time)",37.1807602893724,50,70,30
"Mon Mar 05 2018 00:00:00 GMT+0530 (India Standard Time)",23.2140148809968,50,70,30
"Tue Mar 06 2018 00:00:00 GMT+0530 (India Standard Time)",20.2720601339543,50,70,30
"Wed Mar 07 2018 00:00:00 GMT+0530 (India Standard Time)",19.2226536452108,50,70,30
"Thu Mar 08 2018 00:00:00 GMT+0530 (India Standard Time)",17.8871504281373,50,70,30
"Fri Mar 09 2018 00:00:00 GMT+0530 (India Standard Time)",16.0491959758257,50,70,30
"Mon Mar 12 2018 00:00:00 GMT+0530 (India Standard Time)",37.9663847475308,50,70,30
"Tue Mar 13 2018 00:00:00 GMT+0530 (India Standard Time)",35.7953371793317,50,70,30
"Wed Mar 14 2018 00:00:00 GMT+0530 (India Standard Time)",37.3119481910701,50,70,30
"Thu Mar 15 2018 00:00:00 GMT+0530 (India Standard Time)",34.2562841069291,50,70,30
"Fri Mar 16 2018 00:00:00 GMT+0530 (India Standard Time)",29.329265029731,50,70,30
"Mon Mar 19 2018 00:00:00 GMT+0530 (India Standard Time)",21.3956190271344,50,70,30
"Tue Mar 20 2018 00:00:00 GMT+0530 (India Standard Time)",29.8203734465907,50,70,30
"Wed Mar 21 2018 00:00:00 GMT+0530 (India Standard Time)",26.6986890320254,50,70,30
"Thu Mar 22 2018 00:00:00 GMT+0530 (India Standard Time)",33.2142741423939,50,70,30
"Fri Mar 23 2018 00:00:00 GMT+0530 (India Standard Time)",21.8144467953144,50,70,30
"Mon Mar 26 2018 00:00:00 GMT+0530 (India Standard Time)",32.8707391355919,50,70,30
"Tue Mar 27 2018 00:00:00 GMT+0530 (India Standard Time)",48.0222380819289,50,70,30
"Wed Mar 28 2018 00:00:00 GMT+0530 (India Standard Time)",42.5202749884258,50,70,30
"Mon Apr 02 2018 00:00:00 GMT+0530 (India Standard Time)",38.2912559635496,50,70,30
"Tue Apr 03 2018 00:00:00 GMT+0530 (India Standard Time)",34.3493195106552,50,70,30
"Wed Apr 04 2018 00:00:00 GMT+0530 (India Standard Time)",27.3184882035095,50,70,30
"Thu Apr 05 2018 00:00:00 GMT+0530 (India Standard Time)",49.560797728683,50,70,30
"Fri Apr 06 2018 00:00:00 GMT+0530 (India Standard Time)",49.3649437158337,50,70,30
"Mon Apr 09 2018 00:00:00 GMT+0530 (India Standard Time)",58.6121585874874,50,70,30
"Tue Apr 10 2018 00:00:00 GMT+0530 (India Standard Time)",66.8364325561344,50,70,30
"Wed Apr 11 2018 00:00:00 GMT+0530 (India Standard Time)",70.1586244953028,50,70,30
"Thu Apr 12 2018 00:00:00 GMT+0530 (India Standard Time)",67.1995986633838,50,70,30
"Fri Apr 13 2018 00:00:00 GMT+0530 (India Standard Time)",71.6788892788639,50,70,30
"Mon Apr 16 2018 00:00:00 GMT+0530 (India Standard Time)",73.0274798419197,50,70,30
"Tue Apr 17 2018 00:00:00 GMT+0530 (India Standard Time)",72.9060941122787,50,70,30
"Wed Apr 18 2018 00:00:00 GMT+0530 (India Standard Time)",76.031962030041,50,70,30
"Thu Apr 19 2018 00:00:00 GMT+0530 (India Standard Time)",87.109898313437,50,70,30
"Fri Apr 20 2018 00:00:00 GMT+0530 (India Standard Time)",81.8405811521469,50,70,30
"Mon Apr 23 2018 00:00:00 GMT+0530 (India Standard Time)",69.8775815559744,50,70,30
"Tue Apr 24 2018 00:00:00 GMT+0530 (India Standard Time)",46.9253538349458,50,70,30
"Wed Apr 25 2018 00:00:00 GMT+0530 (India Standard Time)",42.8738702997929,50,70,30
"Thu Apr 26 2018 00:00:00 GMT+0530 (India Standard Time)",45.1413143555842,50,70,30
"Fri Apr 27 2018 00:00:00 GMT+0530 (India Standard Time)",46.3386078296413,50,70,30
"Mon Apr 30 2018 00:00:00 GMT+0530 (India Standard Time)",47.3161932296725,50,70,30
"Wed May 02 2018 00:00:00 GMT+0530 (India Standard Time)",38.524158560721,50,70,30
"Thu May 03 2018 00:00:00 GMT+0530 (India Standard Time)",44.0486525334432,50,70,30
"Fri May 04 2018 00:00:00 GMT+0530 (India Standard Time)",43.7891958572011,50,70,30
"Mon May 07 2018 00:00:00 GMT+0530 (India Standard Time)",53.958916548796,50,70,30
"Tue May 08 2018 00:00:00 GMT+0530 (India Standard Time)",55.1823813512061,50,70,30
"Wed May 09 2018 00:00:00 GMT+0530 (India Standard Time)",54.1088713607614,50,70,30
"Thu May 10 2018 00:00:00 GMT+0530 (India Standard Time)",59.3365154807028,50,70,30
"Fri May 11 2018 00:00:00 GMT+0530 (India Standard Time)",61.5808638048198,50,70,30
"Mon May 14 2018 00:00:00 GMT+0530 (India Standard Time)",59.944770407877,50,70,30
"Tue May 15 2018 00:00:00 GMT+0530 (India Standard Time)",63.3182744439581,50,70,30
"Wed May 16 2018 00:00:00 GMT+0530 (India Standard Time)",51.7284911008218,50,70,30
"Thu May 17 2018 00:00:00 GMT+0530 (India Standard Time)",38.5753216468979,50,70,30
"Fri May 18 2018 00:00:00 GMT+0530 (India Standard Time)",36.1234664061153,50,70,30
"Mon May 21 2018 00:00:00 GMT+0530 (India Standard Time)",31.3089435505786,50,70,30
"Tue May 22 2018 00:00:00 GMT+0530 (India Standard Time)",47.8440513831401,50,70,30
"Wed May 23 2018 00:00:00 GMT+0530 (India Standard Time)",39.6297399160117,50,70,30
"Thu May 24 2018 00:00:00 GMT+0530 (India Standard Time)",48.1544682937235,50,70,30
"Fri May 25 2018 00:00:00 GMT+0530 (India Standard Time)",64.1844694441544,50,70,30
"Mon May 28 2018 00:00:00 GMT+0530 (India Standard Time)",57.282855468618,50,70,30
"Tue May 29 2018 00:00:00 GMT+0530 (India Standard Time)",58.4217742754121,50,70,30
"Wed May 30 2018 00:00:00 GMT+0530 (India Standard Time)",50.3962975555118,50,70,30
"Thu May 31 2018 00:00:00 GMT+0530 (India Standard Time)",44.1881534711779,50,70,30
"Fri Jun 01 2018 00:00:00 GMT+0530 (India Standard Time)",51.7497647363888,50,70,30
"Mon Jun 04 2018 00:00:00 GMT+0530 (India Standard Time)",56.6368500743531,50,70,30
"Tue Jun 05 2018 00:00:00 GMT+0530 (India Standard Time)",57.3602260936982,50,70,30
"Wed Jun 06 2018 00:00:00 GMT+0530 (India Standard Time)",66.1261646968597,50,70,30
"Thu Jun 07 2018 00:00:00 GMT+0530 (India Standard Time)",66.7774614038799,50,70,30
"Fri Jun 08 2018 00:00:00 GMT+0530 (India Standard Time)",51.9188774700703,50,70,30
"Mon Jun 11 2018 00:00:00 GMT+0530 (India Standard Time)",56.3495033397588,50,70,30
"Tue Jun 12 2018 00:00:00 GMT+0530 (India Standard Time)",48.2085173866825,50,70,30
"Wed Jun 13 2018 00:00:00 GMT+0530 (India Standard Time)",56.0734675468229,50,70,30
"Thu Jun 14 2018 00:00:00 GMT+0530 (India Standard Time)",55.5144284742295,50,70,30
"Fri Jun 15 2018 00:00:00 GMT+0530 (India Standard Time)",41.4842491841348,50,70,30
"Mon Jun 18 2018 00:00:00 GMT+0530 (India Standard Time)",33.0836339059605,50,70,30
"Tue Jun 19 2018 00:00:00 GMT+0530 (India Standard Time)",27.804994950046,50,70,30
"Wed Jun 20 2018 00:00:00 GMT+0530 (India Standard Time)",28.813117388955,50,70,30
"Thu Jun 21 2018 00:00:00 GMT+0530 (India Standard Time)",24.9012836497593,50,70,30
"Fri Jun 22 2018 00:00:00 GMT+0530 (India Standard Time)",24.604790701224,50,70,30
"Mon Jun 25 2018 00:00:00 GMT+0530 (India Standard Time)",21.1224856678325,50,70,30
"Tue Jun 26 2018 00:00:00 GMT+0530 (India Standard Time)",34.6172967897876,50,70,30
"Wed Jun 27 2018 00:00:00 GMT+0530 (India Standard Time)",28.3957916607777,50,70,30
"Thu Jun 28 2018 00:00:00 GMT+0530 (India Standard Time)",36.5970226972817,50,70,30
"Fri Jun 29 2018 00:00:00 GMT+0530 (India Standard Time)",54.5976604689491,50,70,30
"Mon Jul 02 2018 00:00:00 GMT+0530 (India Standard Time)",43.6319460984745,50,70,30
"Tue Jul 03 2018 00:00:00 GMT+0530 (India Standard Time)",48.338317557814,50,70,30
"Wed Jul 04 2018 00:00:00 GMT+0530 (India Standard Time)",45.2772940373332,50,70,30
"Thu Jul 05 2018 00:00:00 GMT+0530 (India Standard Time)",39.7578031240165,50,70,30
"Fri Jul 06 2018 00:00:00 GMT+0530 (India Standard Time)",40.0904398971145,50,70,30
