"date","rsi","middle","overbought","oversold"
"Wed Jun 28 2017 00:00:00 GMT+0530 (India Standard Time)",17.4593825160752,50,70,30
"Thu Jun 29 2017 00:00:00 GMT+0530 (India Standard Time)",16.033800628994,50,70,30
"Fri Jun 30 2017 00:00:00 GMT+0530 (India Standard Time)",27.8087986715837,50,70,30
"Mon Jul 03 2017 00:00:00 GMT+0530 (India Standard Time)",32.0525723519355,50,70,30
"Tue Jul 04 2017 00:00:00 GMT+0530 (India Standard Time)",30.7998410940969,50,70,30
"Wed Jul 05 2017 00:00:00 GMT+0530 (India Standard Time)",28.7134387257764,50,70,30
"Thu Jul 06 2017 00:00:00 GMT+0530 (India Standard Time)",27.0691262320005,50,70,30
"Fri Jul 07 2017 00:00:00 GMT+0530 (India Standard Time)",24.119578954406,50,70,30
"Mon Jul 10 2017 00:00:00 GMT+0530 (India Standard Time)",58.5139474304592,50,70,30
"Tue Jul 11 2017 00:00:00 GMT+0530 (India Standard Time)",65.6423212515957,50,70,30
"Wed Jul 12 2017 00:00:00 GMT+0530 (India Standard Time)",55.7981035238896,50,70,30
"Thu Jul 13 2017 00:00:00 GMT+0530 (India Standard Time)",57.2152651911578,50,70,30
"Fri Jul 14 2017 00:00:00 GMT+0530 (India Standard Time)",45.4006271288418,50,70,30
"Mon Jul 17 2017 00:00:00 GMT+0530 (India Standard Time)",44.9630039482525,50,70,30
"Tue Jul 18 2017 00:00:00 GMT+0530 (India Standard Time)",48.6522713029879,50,70,30
"Wed Jul 19 2017 00:00:00 GMT+0530 (India Standard Time)",58.8190959535576,50,70,30
"Thu Jul 20 2017 00:00:00 GMT+0530 (India Standard Time)",57.2646485729634,50,70,30
"Fri Jul 21 2017 00:00:00 GMT+0530 (India Standard Time)",66.8557872055739,50,70,30
"Mon Jul 24 2017 00:00:00 GMT+0530 (India Standard Time)",72.8320739249378,50,70,30
"Tue Jul 25 2017 00:00:00 GMT+0530 (India Standard Time)",77.6377107907506,50,70,30
"Wed Jul 26 2017 00:00:00 GMT+0530 (India Standard Time)",72.0510271151241,50,70,30
"Thu Jul 27 2017 00:00:00 GMT+0530 (India Standard Time)",51.5385341532169,50,70,30
"Fri Jul 28 2017 00:00:00 GMT+0530 (India Standard Time)",52.0892701914961,50,70,30
"Mon Jul 31 2017 00:00:00 GMT+0530 (India Standard Time)",53.8354593615696,50,70,30
"Tue Aug 01 2017 00:00:00 GMT+0530 (India Standard Time)",56.2493877424971,50,70,30
"Wed Aug 02 2017 00:00:00 GMT+0530 (India Standard Time)",48.0475826560355,50,70,30
"Thu Aug 03 2017 00:00:00 GMT+0530 (India Standard Time)",52.5339059305457,50,70,30
"Fri Aug 04 2017 00:00:00 GMT+0530 (India Standard Time)",60.8537023350587,50,70,30
"Mon Aug 07 2017 00:00:00 GMT+0530 (India Standard Time)",54.4615591954623,50,70,30
"Tue Aug 08 2017 00:00:00 GMT+0530 (India Standard Time)",54.3323052620563,50,70,30
"Wed Aug 09 2017 00:00:00 GMT+0530 (India Standard Time)",57.0963780990928,50,70,30
"Thu Aug 10 2017 00:00:00 GMT+0530 (India Standard Time)",56.8476919225734,50,70,30
"Fri Aug 11 2017 00:00:00 GMT+0530 (India Standard Time)",49.9529161449229,50,70,30
"Mon Aug 14 2017 00:00:00 GMT+0530 (India Standard Time)",40.2008929269464,50,70,30
"Wed Aug 16 2017 00:00:00 GMT+0530 (India Standard Time)",49.9168420246376,50,70,30
"Thu Aug 17 2017 00:00:00 GMT+0530 (India Standard Time)",47.320368232524,50,70,30
"Fri Aug 18 2017 00:00:00 GMT+0530 (India Standard Time)",57.9070038460632,50,70,30
"Mon Aug 21 2017 00:00:00 GMT+0530 (India Standard Time)",62.5345684389883,50,70,30
"Tue Aug 22 2017 00:00:00 GMT+0530 (India Standard Time)",49.4662594666757,50,70,30
"Wed Aug 23 2017 00:00:00 GMT+0530 (India Standard Time)",46.548826510454,50,70,30
"Thu Aug 24 2017 00:00:00 GMT+0530 (India Standard Time)",49.5746634382881,50,70,30
"Mon Aug 28 2017 00:00:00 GMT+0530 (India Standard Time)",45.6976280435689,50,70,30
"Tue Aug 29 2017 00:00:00 GMT+0530 (India Standard Time)",39.410919453592,50,70,30
"Wed Aug 30 2017 00:00:00 GMT+0530 (India Standard Time)",46.4893440035684,50,70,30
"Thu Aug 31 2017 00:00:00 GMT+0530 (India Standard Time)",52.055902072003,50,70,30
"Fri Sep 01 2017 00:00:00 GMT+0530 (India Standard Time)",37.02222008974,50,70,30
"Mon Sep 04 2017 00:00:00 GMT+0530 (India Standard Time)",36.948198694207,50,70,30
"Tue Sep 05 2017 00:00:00 GMT+0530 (India Standard Time)",50.3796745140305,50,70,30
"Wed Sep 06 2017 00:00:00 GMT+0530 (India Standard Time)",39.6072466524951,50,70,30
"Thu Sep 07 2017 00:00:00 GMT+0530 (India Standard Time)",42.7357823675724,50,70,30
"Fri Sep 08 2017 00:00:00 GMT+0530 (India Standard Time)",47.5101890673922,50,70,30
"Mon Sep 11 2017 00:00:00 GMT+0530 (India Standard Time)",41.3830401497868,50,70,30
"Tue Sep 12 2017 00:00:00 GMT+0530 (India Standard Time)",55.3592307376926,50,70,30
"Wed Sep 13 2017 00:00:00 GMT+0530 (India Standard Time)",55.6320764978999,50,70,30
"Thu Sep 14 2017 00:00:00 GMT+0530 (India Standard Time)",54.4893561270984,50,70,30
"Fri Sep 15 2017 00:00:00 GMT+0530 (India Standard Time)",62.0906626750261,50,70,30
"Mon Sep 18 2017 00:00:00 GMT+0530 (India Standard Time)",57.9985246611002,50,70,30
"Tue Sep 19 2017 00:00:00 GMT+0530 (India Standard Time)",57.4864267418711,50,70,30
"Wed Sep 20 2017 00:00:00 GMT+0530 (India Standard Time)",54.3275265444544,50,70,30
"Thu Sep 21 2017 00:00:00 GMT+0530 (India Standard Time)",67.9399583819717,50,70,30
"Fri Sep 22 2017 00:00:00 GMT+0530 (India Standard Time)",55.0688556694341,50,70,30
"Mon Sep 25 2017 00:00:00 GMT+0530 (India Standard Time)",58.1444223360071,50,70,30
"Tue Sep 26 2017 00:00:00 GMT+0530 (India Standard Time)",41.5781320793582,50,70,30
"Wed Sep 27 2017 00:00:00 GMT+0530 (India Standard Time)",50.711673765748,50,70,30
"Thu Sep 28 2017 00:00:00 GMT+0530 (India Standard Time)",43.5502052372484,50,70,30
"Fri Sep 29 2017 00:00:00 GMT+0530 (India Standard Time)",32.1269748821001,50,70,30
"Tue Oct 03 2017 00:00:00 GMT+0530 (India Standard Time)",37.9254671827039,50,70,30
"Wed Oct 04 2017 00:00:00 GMT+0530 (India Standard Time)",36.173928168527,50,70,30
"Thu Oct 05 2017 00:00:00 GMT+0530 (India Standard Time)",32.5825793121687,50,70,30
"Fri Oct 06 2017 00:00:00 GMT+0530 (India Standard Time)",41.564199678499,50,70,30
"Mon Oct 09 2017 00:00:00 GMT+0530 (India Standard Time)",45.2488235442376,50,70,30
"Tue Oct 10 2017 00:00:00 GMT+0530 (India Standard Time)",47.8624125461754,50,70,30
"Wed Oct 11 2017 00:00:00 GMT+0530 (India Standard Time)",63.8093710197184,50,70,30
"Thu Oct 12 2017 00:00:00 GMT+0530 (India Standard Time)",74.3437008929502,50,70,30
"Fri Oct 13 2017 00:00:00 GMT+0530 (India Standard Time)",76.0894822000166,50,70,30
"Mon Oct 16 2017 00:00:00 GMT+0530 (India Standard Time)",79.9874070687616,50,70,30
"Tue Oct 17 2017 00:00:00 GMT+0530 (India Standard Time)",81.3675863650656,50,70,30
"Wed Oct 18 2017 00:00:00 GMT+0530 (India Standard Time)",76.5924541747345,50,70,30
"Thu Oct 19 2017 00:00:00 GMT+0530 (India Standard Time)",74.8727399072273,50,70,30
"Mon Oct 23 2017 00:00:00 GMT+0530 (India Standard Time)",75.8014986463128,50,70,30
"Tue Oct 24 2017 00:00:00 GMT+0530 (India Standard Time)",68.8296950475887,50,70,30
"Wed Oct 25 2017 00:00:00 GMT+0530 (India Standard Time)",57.0413423920563,50,70,30
"Thu Oct 26 2017 00:00:00 GMT+0530 (India Standard Time)",46.573876091268,50,70,30
"Fri Oct 27 2017 00:00:00 GMT+0530 (India Standard Time)",63.3387315908073,50,70,30
"Mon Oct 30 2017 00:00:00 GMT+0530 (India Standard Time)",70.768803363518,50,70,30
"Tue Oct 31 2017 00:00:00 GMT+0530 (India Standard Time)",72.3498161146262,50,70,30
"Wed Nov 01 2017 00:00:00 GMT+0530 (India Standard Time)",61.8829210404326,50,70,30
"Thu Nov 02 2017 00:00:00 GMT+0530 (India Standard Time)",67.8017824273714,50,70,30
"Fri Nov 03 2017 00:00:00 GMT+0530 (India Standard Time)",64.7899681119407,50,70,30
"Mon Nov 06 2017 00:00:00 GMT+0530 (India Standard Time)",74.5917044190687,50,70,30
"Tue Nov 07 2017 00:00:00 GMT+0530 (India Standard Time)",80.669628629453,50,70,30
"Wed Nov 08 2017 00:00:00 GMT+0530 (India Standard Time)",83.2592641114058,50,70,30
"Thu Nov 09 2017 00:00:00 GMT+0530 (India Standard Time)",83.4032766438663,50,70,30
"Fri Nov 10 2017 00:00:00 GMT+0530 (India Standard Time)",69.7370866875858,50,70,30
"Mon Nov 13 2017 00:00:00 GMT+0530 (India Standard Time)",77.470303764057,50,70,30
"Tue Nov 14 2017 00:00:00 GMT+0530 (India Standard Time)",61.4583799793777,50,70,30
"Wed Nov 15 2017 00:00:00 GMT+0530 (India Standard Time)",58.530677291028,50,70,30
"Thu Nov 16 2017 00:00:00 GMT+0530 (India Standard Time)",66.6734400360311,50,70,30
"Fri Nov 17 2017 00:00:00 GMT+0530 (India Standard Time)",54.8479974393026,50,70,30
"Mon Nov 20 2017 00:00:00 GMT+0530 (India Standard Time)",53.7683252705107,50,70,30
"Tue Nov 21 2017 00:00:00 GMT+0530 (India Standard Time)",45.5868574387903,50,70,30
"Wed Nov 22 2017 00:00:00 GMT+0530 (India Standard Time)",47.8963249988567,50,70,30
"Thu Nov 23 2017 00:00:00 GMT+0530 (India Standard Time)",48.0944004716275,50,70,30
"Fri Nov 24 2017 00:00:00 GMT+0530 (India Standard Time)",50.5594555130153,50,70,30
"Mon Nov 27 2017 00:00:00 GMT+0530 (India Standard Time)",49.6812599799166,50,70,30
"Tue Nov 28 2017 00:00:00 GMT+0530 (India Standard Time)",49.429095014557,50,70,30
"Wed Nov 29 2017 00:00:00 GMT+0530 (India Standard Time)",38.4949358480387,50,70,30
"Thu Nov 30 2017 00:00:00 GMT+0530 (India Standard Time)",32.1147858777971,50,70,30
"Fri Dec 01 2017 00:00:00 GMT+0530 (India Standard Time)",30.1868494858385,50,70,30
"Mon Dec 04 2017 00:00:00 GMT+0530 (India Standard Time)",31.8060188837535,50,70,30
"Tue Dec 05 2017 00:00:00 GMT+0530 (India Standard Time)",34.1366906615225,50,70,30
"Wed Dec 06 2017 00:00:00 GMT+0530 (India Standard Time)",33.2117099505212,50,70,30
"Thu Dec 07 2017 00:00:00 GMT+0530 (India Standard Time)",27.1742548701762,50,70,30
"Fri Dec 08 2017 00:00:00 GMT+0530 (India Standard Time)",22.5404976995529,50,70,30
"Mon Dec 11 2017 00:00:00 GMT+0530 (India Standard Time)",55.6109840778265,50,70,30
"Tue Dec 12 2017 00:00:00 GMT+0530 (India Standard Time)",39.5898621452912,50,70,30
"Wed Dec 13 2017 00:00:00 GMT+0530 (India Standard Time)",45.5959367330824,50,70,30
"Thu Dec 14 2017 00:00:00 GMT+0530 (India Standard Time)",30.4359266574655,50,70,30
"Fri Dec 15 2017 00:00:00 GMT+0530 (India Standard Time)",28.5436448542273,50,70,30
"Mon Dec 18 2017 00:00:00 GMT+0530 (India Standard Time)",40.7107844656167,50,70,30
"Tue Dec 19 2017 00:00:00 GMT+0530 (India Standard Time)",39.552934816249,50,70,30
"Wed Dec 20 2017 00:00:00 GMT+0530 (India Standard Time)",44.3438125139249,50,70,30
"Thu Dec 21 2017 00:00:00 GMT+0530 (India Standard Time)",46.7569550840876,50,70,30
"Fri Dec 22 2017 00:00:00 GMT+0530 (India Standard Time)",61.3586639007408,50,70,30
"Tue Dec 26 2017 00:00:00 GMT+0530 (India Standard Time)",61.9899713107884,50,70,30
"Wed Dec 27 2017 00:00:00 GMT+0530 (India Standard Time)",51.3253736468298,50,70,30
"Thu Dec 28 2017 00:00:00 GMT+0530 (India Standard Time)",53.5240504134922,50,70,30
"Fri Dec 29 2017 00:00:00 GMT+0530 (India Standard Time)",70.0112603320037,50,70,30
"Mon Jan 01 2018 00:00:00 GMT+0530 (India Standard Time)",53.5881499184735,50,70,30
"Tue Jan 02 2018 00:00:00 GMT+0530 (India Standard Time)",50.0776643722301,50,70,30
"Wed Jan 03 2018 00:00:00 GMT+0530 (India Standard Time)",51.9540145020788,50,70,30
"Thu Jan 04 2018 00:00:00 GMT+0530 (India Standard Time)",56.6216669648525,50,70,30
"Fri Jan 05 2018 00:00:00 GMT+0530 (India Standard Time)",63.6977946131781,50,70,30
"Mon Jan 08 2018 00:00:00 GMT+0530 (India Standard Time)",68.3713450923108,50,70,30
"Tue Jan 09 2018 00:00:00 GMT+0530 (India Standard Time)",66.2621319953641,50,70,30
"Wed Jan 10 2018 00:00:00 GMT+0530 (India Standard Time)",79.470120832736,50,70,30
"Thu Jan 11 2018 00:00:00 GMT+0530 (India Standard Time)",73.9590694313551,50,70,30
"Fri Jan 12 2018 00:00:00 GMT+0530 (India Standard Time)",69.1028532865042,50,70,30
"Mon Jan 15 2018 00:00:00 GMT+0530 (India Standard Time)",59.4620376301208,50,70,30
"Tue Jan 16 2018 00:00:00 GMT+0530 (India Standard Time)",73.9691424100238,50,70,30
"Wed Jan 17 2018 00:00:00 GMT+0530 (India Standard Time)",77.3663547571046,50,70,30
"Thu Jan 18 2018 00:00:00 GMT+0530 (India Standard Time)",79.713629178788,50,70,30
"Fri Jan 19 2018 00:00:00 GMT+0530 (India Standard Time)",82.6327716013234,50,70,30
"Mon Jan 22 2018 00:00:00 GMT+0530 (India Standard Time)",89.3755572625013,50,70,30
"Tue Jan 23 2018 00:00:00 GMT+0530 (India Standard Time)",85.8503463626885,50,70,30
"Wed Jan 24 2018 00:00:00 GMT+0530 (India Standard Time)",88.4910718431679,50,70,30
"Thu Jan 25 2018 00:00:00 GMT+0530 (India Standard Time)",76.3640043775436,50,70,30
"Mon Jan 29 2018 00:00:00 GMT+0530 (India Standard Time)",80.780249912273,50,70,30
"Tue Jan 30 2018 00:00:00 GMT+0530 (India Standard Time)",71.6474080893344,50,70,30
"Wed Jan 31 2018 00:00:00 GMT+0530 (India Standard Time)",64.2661845419105,50,70,30
"Thu Feb 01 2018 00:00:00 GMT+0530 (India Standard Time)",66.8214825961512,50,70,30
"Fri Feb 02 2018 00:00:00 GMT+0530 (India Standard Time)",68.3197281117863,50,70,30
"Mon Feb 05 2018 00:00:00 GMT+0530 (India Standard Time)",58.1571424623399,50,70,30
"Tue Feb 06 2018 00:00:00 GMT+0530 (India Standard Time)",42.7451258617453,50,70,30
"Wed Feb 07 2018 00:00:00 GMT+0530 (India Standard Time)",38.1067032110918,50,70,30
"Thu Feb 08 2018 00:00:00 GMT+0530 (India Standard Time)",41.4341522842289,50,70,30
"Fri Feb 09 2018 00:00:00 GMT+0530 (India Standard Time)",41.1011343738677,50,70,30
"Mon Feb 12 2018 00:00:00 GMT+0530 (India Standard Time)",40.4410609481906,50,70,30
"Wed Feb 14 2018 00:00:00 GMT+0530 (India Standard Time)",32.7793324460187,50,70,30
"Thu Feb 15 2018 00:00:00 GMT+0530 (India Standard Time)",36.3066037800962,50,70,30
"Fri Feb 16 2018 00:00:00 GMT+0530 (India Standard Time)",38.2220271582999,50,70,30
"Mon Feb 19 2018 00:00:00 GMT+0530 (India Standard Time)",36.5554366660941,50,70,30
"Tue Feb 20 2018 00:00:00 GMT+0530 (India Standard Time)",42.9729731552714,50,70,30
"Wed Feb 21 2018 00:00:00 GMT+0530 (India Standard Time)",62.9215076382321,50,70,30
"Thu Feb 22 2018 00:00:00 GMT+0530 (India Standard Time)",64.0952542941301,50,70,30
"Fri Feb 23 2018 00:00:00 GMT+0530 (India Standard Time)",67.8952442742676,50,70,30
"Mon Feb 26 2018 00:00:00 GMT+0530 (India Standard Time)",56.0947691828733,50,70,30
"Tue Feb 27 2018 00:00:00 GMT+0530 (India Standard Time)",58.1247149517259,50,70,30
"Wed Feb 28 2018 00:00:00 GMT+0530 (India Standard Time)",56.0761036559495,50,70,30
"Thu Mar 01 2018 00:00:00 GMT+0530 (India Standard Time)",56.7127347548754,50,70,30
"Mon Mar 05 2018 00:00:00 GMT+0530 (India Standard Time)",69.7667767273464,50,70,30
"Tue Mar 06 2018 00:00:00 GMT+0530 (India Standard Time)",52.776580497887,50,70,30
"Wed Mar 07 2018 00:00:00 GMT+0530 (India Standard Time)",49.3957421412934,50,70,30
"Thu Mar 08 2018 00:00:00 GMT+0530 (India Standard Time)",44.3773034649156,50,70,30
"Fri Mar 09 2018 00:00:00 GMT+0530 (India Standard Time)",51.6513320269468,50,70,30
"Mon Mar 12 2018 00:00:00 GMT+0530 (India Standard Time)",55.6538389807818,50,70,30
"Tue Mar 13 2018 00:00:00 GMT+0530 (India Standard Time)",29.6747487303597,50,70,30
"Wed Mar 14 2018 00:00:00 GMT+0530 (India Standard Time)",29.6976504779819,50,70,30
"Thu Mar 15 2018 00:00:00 GMT+0530 (India Standard Time)",27.8948108081744,50,70,30
"Fri Mar 16 2018 00:00:00 GMT+0530 (India Standard Time)",23.6559633407997,50,70,30
"Mon Mar 19 2018 00:00:00 GMT+0530 (India Standard Time)",25.2350056739205,50,70,30
"Tue Mar 20 2018 00:00:00 GMT+0530 (India Standard Time)",35.1261653809308,50,70,30
"Wed Mar 21 2018 00:00:00 GMT+0530 (India Standard Time)",33.8886540014743,50,70,30
"Thu Mar 22 2018 00:00:00 GMT+0530 (India Standard Time)",30.0572002424146,50,70,30
"Fri Mar 23 2018 00:00:00 GMT+0530 (India Standard Time)",28.1461425546501,50,70,30
"Mon Mar 26 2018 00:00:00 GMT+0530 (India Standard Time)",27.9692022969528,50,70,30
"Tue Mar 27 2018 00:00:00 GMT+0530 (India Standard Time)",39.7402819541749,50,70,30
"Wed Mar 28 2018 00:00:00 GMT+0530 (India Standard Time)",40.2685726843081,50,70,30
"Mon Apr 02 2018 00:00:00 GMT+0530 (India Standard Time)",58.0831442542684,50,70,30
"Tue Apr 03 2018 00:00:00 GMT+0530 (India Standard Time)",58.4611854281084,50,70,30
"Wed Apr 04 2018 00:00:00 GMT+0530 (India Standard Time)",58.3321926051539,50,70,30
"Thu Apr 05 2018 00:00:00 GMT+0530 (India Standard Time)",69.1860037011612,50,70,30
"Fri Apr 06 2018 00:00:00 GMT+0530 (India Standard Time)",65.9658632602853,50,70,30
"Mon Apr 09 2018 00:00:00 GMT+0530 (India Standard Time)",55.6404854258901,50,70,30
"Tue Apr 10 2018 00:00:00 GMT+0530 (India Standard Time)",59.4417688794518,50,70,30
"Wed Apr 11 2018 00:00:00 GMT+0530 (India Standard Time)",73.8739724941639,50,70,30
"Thu Apr 12 2018 00:00:00 GMT+0530 (India Standard Time)",84.3657265860608,50,70,30
"Fri Apr 13 2018 00:00:00 GMT+0530 (India Standard Time)",85.1396189927314,50,70,30
"Mon Apr 16 2018 00:00:00 GMT+0530 (India Standard Time)",86.9588272092089,50,70,30
"Tue Apr 17 2018 00:00:00 GMT+0530 (India Standard Time)",80.0323650378677,50,70,30
"Wed Apr 18 2018 00:00:00 GMT+0530 (India Standard Time)",77.4935742157793,50,70,30
"Thu Apr 19 2018 00:00:00 GMT+0530 (India Standard Time)",80.5369241670534,50,70,30
"Fri Apr 20 2018 00:00:00 GMT+0530 (India Standard Time)",90.4073832611153,50,70,30
"Mon Apr 23 2018 00:00:00 GMT+0530 (India Standard Time)",90.5693066559946,50,70,30
"Tue Apr 24 2018 00:00:00 GMT+0530 (India Standard Time)",84.4663499619537,50,70,30
"Wed Apr 25 2018 00:00:00 GMT+0530 (India Standard Time)",87.9208552672923,50,70,30
"Thu Apr 26 2018 00:00:00 GMT+0530 (India Standard Time)",90.0113368646623,50,70,30
"Fri Apr 27 2018 00:00:00 GMT+0530 (India Standard Time)",71.8566023716189,50,70,30
"Mon Apr 30 2018 00:00:00 GMT+0530 (India Standard Time)",76.8117071095962,50,70,30
"Wed May 02 2018 00:00:00 GMT+0530 (India Standard Time)",70.9930550107342,50,70,30
"Thu May 03 2018 00:00:00 GMT+0530 (India Standard Time)",67.716982586271,50,70,30
"Fri May 04 2018 00:00:00 GMT+0530 (India Standard Time)",67.4961292027222,50,70,30
"Mon May 07 2018 00:00:00 GMT+0530 (India Standard Time)",56.0297396126118,50,70,30
"Tue May 08 2018 00:00:00 GMT+0530 (India Standard Time)",58.7671039467173,50,70,30
"Wed May 09 2018 00:00:00 GMT+0530 (India Standard Time)",64.7744764892066,50,70,30
"Thu May 10 2018 00:00:00 GMT+0530 (India Standard Time)",57.169826739443,50,70,30
"Fri May 11 2018 00:00:00 GMT+0530 (India Standard Time)",58.021467685176,50,70,30
"Mon May 14 2018 00:00:00 GMT+0530 (India Standard Time)",53.0308652590009,50,70,30
"Tue May 15 2018 00:00:00 GMT+0530 (India Standard Time)",61.0963991280689,50,70,30
"Wed May 16 2018 00:00:00 GMT+0530 (India Standard Time)",62.8305114973898,50,70,30
"Thu May 17 2018 00:00:00 GMT+0530 (India Standard Time)",62.245899740437,50,70,30
"Fri May 18 2018 00:00:00 GMT+0530 (India Standard Time)",64.1275296503391,50,70,30
"Mon May 21 2018 00:00:00 GMT+0530 (India Standard Time)",72.5449674864639,50,70,30
"Tue May 22 2018 00:00:00 GMT+0530 (India Standard Time)",58.6509728381217,50,70,30
"Wed May 23 2018 00:00:00 GMT+0530 (India Standard Time)",55.137617075742,50,70,30
"Thu May 24 2018 00:00:00 GMT+0530 (India Standard Time)",70.9427950549534,50,70,30
"Fri May 25 2018 00:00:00 GMT+0530 (India Standard Time)",66.4879643762295,50,70,30
"Mon May 28 2018 00:00:00 GMT+0530 (India Standard Time)",49.6563569493865,50,70,30
"Tue May 29 2018 00:00:00 GMT+0530 (India Standard Time)",53.1593944673012,50,70,30
"Wed May 30 2018 00:00:00 GMT+0530 (India Standard Time)",51.3517766948375,50,70,30
"Thu May 31 2018 00:00:00 GMT+0530 (India Standard Time)",45.3010826880554,50,70,30
"Fri Jun 01 2018 00:00:00 GMT+0530 (India Standard Time)",42.2160902664799,50,70,30
"Mon Jun 04 2018 00:00:00 GMT+0530 (India Standard Time)",47.8397220827321,50,70,30
"Tue Jun 05 2018 00:00:00 GMT+0530 (India Standard Time)",39.3565049091948,50,70,30
"Wed Jun 06 2018 00:00:00 GMT+0530 (India Standard Time)",41.5477986876936,50,70,30
"Thu Jun 07 2018 00:00:00 GMT+0530 (India Standard Time)",46.7869442746963,50,70,30
"Fri Jun 08 2018 00:00:00 GMT+0530 (India Standard Time)",52.5683285860798,50,70,30
