"date","rsi","middle","overbought","oversold"
"Thu Jul 27 2017 00:00:00 GMT+0530 (India Standard Time)",79.3655499555292,50,70,30
"Fri Jul 28 2017 00:00:00 GMT+0530 (India Standard Time)",88.0716649308531,50,70,30
"Mon Jul 31 2017 00:00:00 GMT+0530 (India Standard Time)",88.4552077883965,50,70,30
"Tue Aug 01 2017 00:00:00 GMT+0530 (India Standard Time)",80.6663165779361,50,70,30
"Wed Aug 02 2017 00:00:00 GMT+0530 (India Standard Time)",71.5680807943904,50,70,30
"Thu Aug 03 2017 00:00:00 GMT+0530 (India Standard Time)",54.8905595503923,50,70,30
"Fri Aug 04 2017 00:00:00 GMT+0530 (India Standard Time)",52.3280603570595,50,70,30
"Mon Aug 07 2017 00:00:00 GMT+0530 (India Standard Time)",49.3962799679613,50,70,30
"Tue Aug 08 2017 00:00:00 GMT+0530 (India Standard Time)",46.6109395201724,50,70,30
"Wed Aug 09 2017 00:00:00 GMT+0530 (India Standard Time)",53.1262725141297,50,70,30
"Thu Aug 10 2017 00:00:00 GMT+0530 (India Standard Time)",42.1020280256795,50,70,30
"Fri Aug 11 2017 00:00:00 GMT+0530 (India Standard Time)",36.3467147803229,50,70,30
"Mon Aug 14 2017 00:00:00 GMT+0530 (India Standard Time)",47.0891695100145,50,70,30
"Wed Aug 16 2017 00:00:00 GMT+0530 (India Standard Time)",59.0171011567882,50,70,30
"Thu Aug 17 2017 00:00:00 GMT+0530 (India Standard Time)",64.7835369259218,50,70,30
"Fri Aug 18 2017 00:00:00 GMT+0530 (India Standard Time)",52.9058090994464,50,70,30
"Mon Aug 21 2017 00:00:00 GMT+0530 (India Standard Time)",54.1483701238579,50,70,30
"Tue Aug 22 2017 00:00:00 GMT+0530 (India Standard Time)",59.0720790668716,50,70,30
"Wed Aug 23 2017 00:00:00 GMT+0530 (India Standard Time)",64.4167554219318,50,70,30
"Thu Aug 24 2017 00:00:00 GMT+0530 (India Standard Time)",59.6363846780606,50,70,30
"Mon Aug 28 2017 00:00:00 GMT+0530 (India Standard Time)",63.2601671308547,50,70,30
"Tue Aug 29 2017 00:00:00 GMT+0530 (India Standard Time)",43.9314320958837,50,70,30
"Wed Aug 30 2017 00:00:00 GMT+0530 (India Standard Time)",56.3685817001973,50,70,30
"Thu Aug 31 2017 00:00:00 GMT+0530 (India Standard Time)",61.9337420985389,50,70,30
"Fri Sep 01 2017 00:00:00 GMT+0530 (India Standard Time)",54.182886303066,50,70,30
"Mon Sep 04 2017 00:00:00 GMT+0530 (India Standard Time)",52.3739060553439,50,70,30
"Tue Sep 05 2017 00:00:00 GMT+0530 (India Standard Time)",57.1115145642546,50,70,30
"Wed Sep 06 2017 00:00:00 GMT+0530 (India Standard Time)",60.076575752668,50,70,30
"Thu Sep 07 2017 00:00:00 GMT+0530 (India Standard Time)",62.6678196358961,50,70,30
"Fri Sep 08 2017 00:00:00 GMT+0530 (India Standard Time)",60.9310879677773,50,70,30
"Mon Sep 11 2017 00:00:00 GMT+0530 (India Standard Time)",62.1416788438926,50,70,30
"Tue Sep 12 2017 00:00:00 GMT+0530 (India Standard Time)",69.2194170399795,50,70,30
"Wed Sep 13 2017 00:00:00 GMT+0530 (India Standard Time)",54.8026269739997,50,70,30
"Thu Sep 14 2017 00:00:00 GMT+0530 (India Standard Time)",50.9459871683114,50,70,30
"Fri Sep 15 2017 00:00:00 GMT+0530 (India Standard Time)",49.1408805679008,50,70,30
"Mon Sep 18 2017 00:00:00 GMT+0530 (India Standard Time)",51.1047848274603,50,70,30
"Tue Sep 19 2017 00:00:00 GMT+0530 (India Standard Time)",39.168965617913,50,70,30
"Wed Sep 20 2017 00:00:00 GMT+0530 (India Standard Time)",49.5075135832839,50,70,30
"Thu Sep 21 2017 00:00:00 GMT+0530 (India Standard Time)",60.8311795297459,50,70,30
"Fri Sep 22 2017 00:00:00 GMT+0530 (India Standard Time)",55.6915518781819,50,70,30
"Mon Sep 25 2017 00:00:00 GMT+0530 (India Standard Time)",41.871488012768,50,70,30
"Tue Sep 26 2017 00:00:00 GMT+0530 (India Standard Time)",36.3290372022584,50,70,30
"Wed Sep 27 2017 00:00:00 GMT+0530 (India Standard Time)",29.2414910283413,50,70,30
"Thu Sep 28 2017 00:00:00 GMT+0530 (India Standard Time)",43.7071719384692,50,70,30
"Fri Sep 29 2017 00:00:00 GMT+0530 (India Standard Time)",42.8183380718226,50,70,30
"Tue Oct 03 2017 00:00:00 GMT+0530 (India Standard Time)",52.6426119346523,50,70,30
"Wed Oct 04 2017 00:00:00 GMT+0530 (India Standard Time)",55.5850956994254,50,70,30
"Thu Oct 05 2017 00:00:00 GMT+0530 (India Standard Time)",47.0706741159642,50,70,30
"Fri Oct 06 2017 00:00:00 GMT+0530 (India Standard Time)",41.8000341659167,50,70,30
"Mon Oct 09 2017 00:00:00 GMT+0530 (India Standard Time)",47.4309242772688,50,70,30
"Tue Oct 10 2017 00:00:00 GMT+0530 (India Standard Time)",44.8744867278585,50,70,30
"Wed Oct 11 2017 00:00:00 GMT+0530 (India Standard Time)",48.7386676188352,50,70,30
"Thu Oct 12 2017 00:00:00 GMT+0530 (India Standard Time)",51.8539900174528,50,70,30
"Fri Oct 13 2017 00:00:00 GMT+0530 (India Standard Time)",58.4675306748116,50,70,30
"Mon Oct 16 2017 00:00:00 GMT+0530 (India Standard Time)",55.5975489332252,50,70,30
"Tue Oct 17 2017 00:00:00 GMT+0530 (India Standard Time)",52.9371017026872,50,70,30
"Wed Oct 18 2017 00:00:00 GMT+0530 (India Standard Time)",46.2845768402995,50,70,30
"Thu Oct 19 2017 00:00:00 GMT+0530 (India Standard Time)",41.9790976610884,50,70,30
"Mon Oct 23 2017 00:00:00 GMT+0530 (India Standard Time)",29.312807963853,50,70,30
"Tue Oct 24 2017 00:00:00 GMT+0530 (India Standard Time)",29.2691676654148,50,70,30
"Wed Oct 25 2017 00:00:00 GMT+0530 (India Standard Time)",16.5642569423702,50,70,30
"Thu Oct 26 2017 00:00:00 GMT+0530 (India Standard Time)",28.374823434791,50,70,30
"Fri Oct 27 2017 00:00:00 GMT+0530 (India Standard Time)",33.3373892959631,50,70,30
"Mon Oct 30 2017 00:00:00 GMT+0530 (India Standard Time)",38.3062690820131,50,70,30
"Tue Oct 31 2017 00:00:00 GMT+0530 (India Standard Time)",39.5388534821126,50,70,30
"Wed Nov 01 2017 00:00:00 GMT+0530 (India Standard Time)",63.9196248977378,50,70,30
"Thu Nov 02 2017 00:00:00 GMT+0530 (India Standard Time)",66.5572622269343,50,70,30
"Fri Nov 03 2017 00:00:00 GMT+0530 (India Standard Time)",70.8959166914047,50,70,30
"Mon Nov 06 2017 00:00:00 GMT+0530 (India Standard Time)",74.650103004475,50,70,30
"Tue Nov 07 2017 00:00:00 GMT+0530 (India Standard Time)",58.6143354136129,50,70,30
"Wed Nov 08 2017 00:00:00 GMT+0530 (India Standard Time)",50.232657867105,50,70,30
"Thu Nov 09 2017 00:00:00 GMT+0530 (India Standard Time)",41.6107092038958,50,70,30
"Fri Nov 10 2017 00:00:00 GMT+0530 (India Standard Time)",36.1860510110035,50,70,30
"Mon Nov 13 2017 00:00:00 GMT+0530 (India Standard Time)",26.594719670672,50,70,30
"Tue Nov 14 2017 00:00:00 GMT+0530 (India Standard Time)",24.8679681316675,50,70,30
"Wed Nov 15 2017 00:00:00 GMT+0530 (India Standard Time)",22.848490071446,50,70,30
"Thu Nov 16 2017 00:00:00 GMT+0530 (India Standard Time)",31.1438280939108,50,70,30
"Fri Nov 17 2017 00:00:00 GMT+0530 (India Standard Time)",50.0208816638142,50,70,30
"Mon Nov 20 2017 00:00:00 GMT+0530 (India Standard Time)",44.4450640467956,50,70,30
"Tue Nov 21 2017 00:00:00 GMT+0530 (India Standard Time)",46.675157046469,50,70,30
"Wed Nov 22 2017 00:00:00 GMT+0530 (India Standard Time)",55.8087175595246,50,70,30
"Thu Nov 23 2017 00:00:00 GMT+0530 (India Standard Time)",50.1321840290468,50,70,30
"Fri Nov 24 2017 00:00:00 GMT+0530 (India Standard Time)",52.7707073208018,50,70,30
"Mon Nov 27 2017 00:00:00 GMT+0530 (India Standard Time)",52.7457449281135,50,70,30
"Tue Nov 28 2017 00:00:00 GMT+0530 (India Standard Time)",59.203250146321,50,70,30
"Wed Nov 29 2017 00:00:00 GMT+0530 (India Standard Time)",48.0480494070926,50,70,30
"Thu Nov 30 2017 00:00:00 GMT+0530 (India Standard Time)",37.2549124919315,50,70,30
"Fri Dec 01 2017 00:00:00 GMT+0530 (India Standard Time)",32.284243139971,50,70,30
"Mon Dec 04 2017 00:00:00 GMT+0530 (India Standard Time)",43.4176324587163,50,70,30
"Tue Dec 05 2017 00:00:00 GMT+0530 (India Standard Time)",43.0771293522448,50,70,30
"Wed Dec 06 2017 00:00:00 GMT+0530 (India Standard Time)",32.8157982744484,50,70,30
"Thu Dec 07 2017 00:00:00 GMT+0530 (India Standard Time)",36.8088658117307,50,70,30
"Fri Dec 08 2017 00:00:00 GMT+0530 (India Standard Time)",49.9596646286005,50,70,30
"Mon Dec 11 2017 00:00:00 GMT+0530 (India Standard Time)",59.5346905351936,50,70,30
"Tue Dec 12 2017 00:00:00 GMT+0530 (India Standard Time)",59.8140076271187,50,70,30
"Wed Dec 13 2017 00:00:00 GMT+0530 (India Standard Time)",52.8337113214824,50,70,30
"Thu Dec 14 2017 00:00:00 GMT+0530 (India Standard Time)",56.1035319632965,50,70,30
"Fri Dec 15 2017 00:00:00 GMT+0530 (India Standard Time)",63.1035863385154,50,70,30
"Mon Dec 18 2017 00:00:00 GMT+0530 (India Standard Time)",61.2456820844418,50,70,30
"Tue Dec 19 2017 00:00:00 GMT+0530 (India Standard Time)",54.6693326350459,50,70,30
"Wed Dec 20 2017 00:00:00 GMT+0530 (India Standard Time)",46.4385570848942,50,70,30
"Thu Dec 21 2017 00:00:00 GMT+0530 (India Standard Time)",50.9600349951032,50,70,30
"Fri Dec 22 2017 00:00:00 GMT+0530 (India Standard Time)",54.9469980084443,50,70,30
"Tue Dec 26 2017 00:00:00 GMT+0530 (India Standard Time)",57.0300918915121,50,70,30
"Wed Dec 27 2017 00:00:00 GMT+0530 (India Standard Time)",53.1282165230812,50,70,30
"Thu Dec 28 2017 00:00:00 GMT+0530 (India Standard Time)",45.2148649070481,50,70,30
"Fri Dec 29 2017 00:00:00 GMT+0530 (India Standard Time)",54.6642029539795,50,70,30
"Mon Jan 01 2018 00:00:00 GMT+0530 (India Standard Time)",39.837092099895,50,70,30
"Tue Jan 02 2018 00:00:00 GMT+0530 (India Standard Time)",51.0473378611547,50,70,30
"Wed Jan 03 2018 00:00:00 GMT+0530 (India Standard Time)",49.7046871720564,50,70,30
"Thu Jan 04 2018 00:00:00 GMT+0530 (India Standard Time)",51.1567569838058,50,70,30
"Fri Jan 05 2018 00:00:00 GMT+0530 (India Standard Time)",62.5826943753717,50,70,30
"Mon Jan 08 2018 00:00:00 GMT+0530 (India Standard Time)",68.6422178337162,50,70,30
"Tue Jan 09 2018 00:00:00 GMT+0530 (India Standard Time)",64.1517283701935,50,70,30
"Wed Jan 10 2018 00:00:00 GMT+0530 (India Standard Time)",57.7929777536605,50,70,30
"Thu Jan 11 2018 00:00:00 GMT+0530 (India Standard Time)",64.773241561228,50,70,30
"Fri Jan 12 2018 00:00:00 GMT+0530 (India Standard Time)",71.841525091942,50,70,30
"Mon Jan 15 2018 00:00:00 GMT+0530 (India Standard Time)",87.7694261398981,50,70,30
"Tue Jan 16 2018 00:00:00 GMT+0530 (India Standard Time)",76.3558343034178,50,70,30
"Wed Jan 17 2018 00:00:00 GMT+0530 (India Standard Time)",77.978517854625,50,70,30
"Thu Jan 18 2018 00:00:00 GMT+0530 (India Standard Time)",82.3198125740357,50,70,30
"Fri Jan 19 2018 00:00:00 GMT+0530 (India Standard Time)",82.7733215074264,50,70,30
"Mon Jan 22 2018 00:00:00 GMT+0530 (India Standard Time)",69.2929516190163,50,70,30
"Tue Jan 23 2018 00:00:00 GMT+0530 (India Standard Time)",71.6009121579736,50,70,30
"Wed Jan 24 2018 00:00:00 GMT+0530 (India Standard Time)",75.9740467186272,50,70,30
"Thu Jan 25 2018 00:00:00 GMT+0530 (India Standard Time)",74.5276505608164,50,70,30
"Mon Jan 29 2018 00:00:00 GMT+0530 (India Standard Time)",82.4229999846581,50,70,30
"Tue Jan 30 2018 00:00:00 GMT+0530 (India Standard Time)",69.7592121106761,50,70,30
"Wed Jan 31 2018 00:00:00 GMT+0530 (India Standard Time)",72.7738846823373,50,70,30
"Thu Feb 01 2018 00:00:00 GMT+0530 (India Standard Time)",74.527223744543,50,70,30
"Fri Feb 02 2018 00:00:00 GMT+0530 (India Standard Time)",52.4565793779164,50,70,30
"Mon Feb 05 2018 00:00:00 GMT+0530 (India Standard Time)",36.6362521133286,50,70,30
"Tue Feb 06 2018 00:00:00 GMT+0530 (India Standard Time)",31.8515691769691,50,70,30
"Wed Feb 07 2018 00:00:00 GMT+0530 (India Standard Time)",31.4089080132434,50,70,30
"Thu Feb 08 2018 00:00:00 GMT+0530 (India Standard Time)",39.327092527741,50,70,30
"Fri Feb 09 2018 00:00:00 GMT+0530 (India Standard Time)",32.9057772776333,50,70,30
"Mon Feb 12 2018 00:00:00 GMT+0530 (India Standard Time)",42.0365510195817,50,70,30
"Wed Feb 14 2018 00:00:00 GMT+0530 (India Standard Time)",44.3428338020717,50,70,30
"Thu Feb 15 2018 00:00:00 GMT+0530 (India Standard Time)",48.6191800166031,50,70,30
"Fri Feb 16 2018 00:00:00 GMT+0530 (India Standard Time)",45.014640441863,50,70,30
"Mon Feb 19 2018 00:00:00 GMT+0530 (India Standard Time)",44.6193166466445,50,70,30
"Tue Feb 20 2018 00:00:00 GMT+0530 (India Standard Time)",43.9134790994379,50,70,30
"Wed Feb 21 2018 00:00:00 GMT+0530 (India Standard Time)",49.1769601359155,50,70,30
"Thu Feb 22 2018 00:00:00 GMT+0530 (India Standard Time)",47.0119820665166,50,70,30
"Fri Feb 23 2018 00:00:00 GMT+0530 (India Standard Time)",49.3085872444294,50,70,30
"Mon Feb 26 2018 00:00:00 GMT+0530 (India Standard Time)",57.4901446197287,50,70,30
"Tue Feb 27 2018 00:00:00 GMT+0530 (India Standard Time)",50.3095877460892,50,70,30
"Wed Feb 28 2018 00:00:00 GMT+0530 (India Standard Time)",42.0323353750862,50,70,30
"Thu Mar 01 2018 00:00:00 GMT+0530 (India Standard Time)",44.890350959466,50,70,30
"Mon Mar 05 2018 00:00:00 GMT+0530 (India Standard Time)",35.7333136968516,50,70,30
"Tue Mar 06 2018 00:00:00 GMT+0530 (India Standard Time)",33.546297980343,50,70,30
"Wed Mar 07 2018 00:00:00 GMT+0530 (India Standard Time)",27.5283334182546,50,70,30
"Thu Mar 08 2018 00:00:00 GMT+0530 (India Standard Time)",46.8617890091757,50,70,30
"Fri Mar 09 2018 00:00:00 GMT+0530 (India Standard Time)",54.3932176164,50,70,30
"Mon Mar 12 2018 00:00:00 GMT+0530 (India Standard Time)",65.580204398211,50,70,30
"Tue Mar 13 2018 00:00:00 GMT+0530 (India Standard Time)",67.9807606742461,50,70,30
"Wed Mar 14 2018 00:00:00 GMT+0530 (India Standard Time)",57.451178878638,50,70,30
"Thu Mar 15 2018 00:00:00 GMT+0530 (India Standard Time)",51.7398336154423,50,70,30
"Fri Mar 16 2018 00:00:00 GMT+0530 (India Standard Time)",39.7631171199286,50,70,30
"Mon Mar 19 2018 00:00:00 GMT+0530 (India Standard Time)",35.6000736588837,50,70,30
"Tue Mar 20 2018 00:00:00 GMT+0530 (India Standard Time)",45.5453644270181,50,70,30
"Wed Mar 21 2018 00:00:00 GMT+0530 (India Standard Time)",51.5588166245913,50,70,30
"Thu Mar 22 2018 00:00:00 GMT+0530 (India Standard Time)",48.6672587536133,50,70,30
"Fri Mar 23 2018 00:00:00 GMT+0530 (India Standard Time)",42.116469596545,50,70,30
"Mon Mar 26 2018 00:00:00 GMT+0530 (India Standard Time)",56.004991011783,50,70,30
"Tue Mar 27 2018 00:00:00 GMT+0530 (India Standard Time)",53.4504804491023,50,70,30
"Wed Mar 28 2018 00:00:00 GMT+0530 (India Standard Time)",54.2924280687063,50,70,30
"Mon Apr 02 2018 00:00:00 GMT+0530 (India Standard Time)",58.6750442836034,50,70,30
"Tue Apr 03 2018 00:00:00 GMT+0530 (India Standard Time)",52.8724736930617,50,70,30
"Wed Apr 04 2018 00:00:00 GMT+0530 (India Standard Time)",43.806152778319,50,70,30
"Thu Apr 05 2018 00:00:00 GMT+0530 (India Standard Time)",52.6515524652264,50,70,30
"Fri Apr 06 2018 00:00:00 GMT+0530 (India Standard Time)",54.4320331972267,50,70,30
"Mon Apr 09 2018 00:00:00 GMT+0530 (India Standard Time)",57.549097070298,50,70,30
"Tue Apr 10 2018 00:00:00 GMT+0530 (India Standard Time)",48.0854571060436,50,70,30
"Wed Apr 11 2018 00:00:00 GMT+0530 (India Standard Time)",45.7782036939278,50,70,30
"Thu Apr 12 2018 00:00:00 GMT+0530 (India Standard Time)",54.0784350271603,50,70,30
"Fri Apr 13 2018 00:00:00 GMT+0530 (India Standard Time)",59.0909053768841,50,70,30
"Mon Apr 16 2018 00:00:00 GMT+0530 (India Standard Time)",69.136760375997,50,70,30
"Tue Apr 17 2018 00:00:00 GMT+0530 (India Standard Time)",73.9050053023016,50,70,30
"Wed Apr 18 2018 00:00:00 GMT+0530 (India Standard Time)",66.5136168376571,50,70,30
"Thu Apr 19 2018 00:00:00 GMT+0530 (India Standard Time)",56.2152579224771,50,70,30
"Fri Apr 20 2018 00:00:00 GMT+0530 (India Standard Time)",45.7123409415428,50,70,30
"Mon Apr 23 2018 00:00:00 GMT+0530 (India Standard Time)",44.4224471088913,50,70,30
"Tue Apr 24 2018 00:00:00 GMT+0530 (India Standard Time)",56.687064102488,50,70,30
"Wed Apr 25 2018 00:00:00 GMT+0530 (India Standard Time)",52.0464274514551,50,70,30
"Thu Apr 26 2018 00:00:00 GMT+0530 (India Standard Time)",52.4708118862985,50,70,30
"Fri Apr 27 2018 00:00:00 GMT+0530 (India Standard Time)",54.0989793183675,50,70,30
"Mon Apr 30 2018 00:00:00 GMT+0530 (India Standard Time)",66.0831943564302,50,70,30
"Wed May 02 2018 00:00:00 GMT+0530 (India Standard Time)",73.4879906556165,50,70,30
"Thu May 03 2018 00:00:00 GMT+0530 (India Standard Time)",76.1464341298429,50,70,30
"Fri May 04 2018 00:00:00 GMT+0530 (India Standard Time)",68.1040101337368,50,70,30
"Mon May 07 2018 00:00:00 GMT+0530 (India Standard Time)",70.5320444761696,50,70,30
"Tue May 08 2018 00:00:00 GMT+0530 (India Standard Time)",60.7265954707164,50,70,30
"Wed May 09 2018 00:00:00 GMT+0530 (India Standard Time)",57.3127293455628,50,70,30
"Thu May 10 2018 00:00:00 GMT+0530 (India Standard Time)",55.2080412277568,50,70,30
"Fri May 11 2018 00:00:00 GMT+0530 (India Standard Time)",66.1317991073425,50,70,30
"Mon May 14 2018 00:00:00 GMT+0530 (India Standard Time)",69.7383799156544,50,70,30
"Tue May 15 2018 00:00:00 GMT+0530 (India Standard Time)",68.915130233487,50,70,30
"Wed May 16 2018 00:00:00 GMT+0530 (India Standard Time)",57.6895946302559,50,70,30
"Thu May 17 2018 00:00:00 GMT+0530 (India Standard Time)",38.6062714377386,50,70,30
"Fri May 18 2018 00:00:00 GMT+0530 (India Standard Time)",31.8055807689967,50,70,30
"Mon May 21 2018 00:00:00 GMT+0530 (India Standard Time)",24.2631056781275,50,70,30
"Tue May 22 2018 00:00:00 GMT+0530 (India Standard Time)",22.5812902173027,50,70,30
"Wed May 23 2018 00:00:00 GMT+0530 (India Standard Time)",18.3726291009631,50,70,30
"Thu May 24 2018 00:00:00 GMT+0530 (India Standard Time)",31.0126625067936,50,70,30
"Fri May 25 2018 00:00:00 GMT+0530 (India Standard Time)",37.7728190453961,50,70,30
"Mon May 28 2018 00:00:00 GMT+0530 (India Standard Time)",42.44492142396,50,70,30
"Tue May 29 2018 00:00:00 GMT+0530 (India Standard Time)",36.1223314466103,50,70,30
"Wed May 30 2018 00:00:00 GMT+0530 (India Standard Time)",31.0196535120048,50,70,30
"Thu May 31 2018 00:00:00 GMT+0530 (India Standard Time)",49.3897677887366,50,70,30
"Fri Jun 01 2018 00:00:00 GMT+0530 (India Standard Time)",53.2217088232429,50,70,30
"Mon Jun 04 2018 00:00:00 GMT+0530 (India Standard Time)",48.9981501213901,50,70,30
"Tue Jun 05 2018 00:00:00 GMT+0530 (India Standard Time)",54.6972825116657,50,70,30
"Wed Jun 06 2018 00:00:00 GMT+0530 (India Standard Time)",58.2451987845675,50,70,30
"Thu Jun 07 2018 00:00:00 GMT+0530 (India Standard Time)",61.8628876959486,50,70,30
"Fri Jun 08 2018 00:00:00 GMT+0530 (India Standard Time)",48.6903546722737,50,70,30
"Mon Jun 11 2018 00:00:00 GMT+0530 (India Standard Time)",48.2749202614255,50,70,30
"Tue Jun 12 2018 00:00:00 GMT+0530 (India Standard Time)",52.1604353749034,50,70,30
"Wed Jun 13 2018 00:00:00 GMT+0530 (India Standard Time)",44.896462179808,50,70,30
"Thu Jun 14 2018 00:00:00 GMT+0530 (India Standard Time)",45.7177326230227,50,70,30
"Fri Jun 15 2018 00:00:00 GMT+0530 (India Standard Time)",44.9186267101655,50,70,30
"Mon Jun 18 2018 00:00:00 GMT+0530 (India Standard Time)",40.2145075338187,50,70,30
"Tue Jun 19 2018 00:00:00 GMT+0530 (India Standard Time)",43.6945983060281,50,70,30
"Wed Jun 20 2018 00:00:00 GMT+0530 (India Standard Time)",56.2428963483416,50,70,30
"Thu Jun 21 2018 00:00:00 GMT+0530 (India Standard Time)",62.3126568282452,50,70,30
"Fri Jun 22 2018 00:00:00 GMT+0530 (India Standard Time)",77.0700362120214,50,70,30
"Mon Jun 25 2018 00:00:00 GMT+0530 (India Standard Time)",68.6728372411491,50,70,30
"Tue Jun 26 2018 00:00:00 GMT+0530 (India Standard Time)",74.1963646028129,50,70,30
"Wed Jun 27 2018 00:00:00 GMT+0530 (India Standard Time)",67.3599384627597,50,70,30
"Thu Jun 28 2018 00:00:00 GMT+0530 (India Standard Time)",53.4812719935187,50,70,30
"Fri Jun 29 2018 00:00:00 GMT+0530 (India Standard Time)",63.270192856674,50,70,30
"Mon Jul 02 2018 00:00:00 GMT+0530 (India Standard Time)",58.1136434051026,50,70,30
"Tue Jul 03 2018 00:00:00 GMT+0530 (India Standard Time)",50.5884770675544,50,70,30
"Wed Jul 04 2018 00:00:00 GMT+0530 (India Standard Time)",63.8677754159318,50,70,30
"Thu Jul 05 2018 00:00:00 GMT+0530 (India Standard Time)",65.975477295567,50,70,30
"Fri Jul 06 2018 00:00:00 GMT+0530 (India Standard Time)",59.3419237449749,50,70,30
