"date","rsi","middle","overbought","oversold"
"Thu Oct 19 2017 00:00:00 GMT+0530 (India Standard Time)",87.5499001996008,50,70,30
"Mon Oct 23 2017 00:00:00 GMT+0530 (India Standard Time)",70.2275386415419,50,70,30
"Tue Oct 24 2017 00:00:00 GMT+0530 (India Standard Time)",71.5843381392215,50,70,30
"Wed Oct 25 2017 00:00:00 GMT+0530 (India Standard Time)",41.5854648740754,50,70,30
"Thu Oct 26 2017 00:00:00 GMT+0530 (India Standard Time)",34.3991117204876,50,70,30
"Fri Oct 27 2017 00:00:00 GMT+0530 (India Standard Time)",41.0322935701017,50,70,30
"Mon Oct 30 2017 00:00:00 GMT+0530 (India Standard Time)",40.0995242523529,50,70,30
"Tue Oct 31 2017 00:00:00 GMT+0530 (India Standard Time)",35.1825485100759,50,70,30
"Wed Nov 01 2017 00:00:00 GMT+0530 (India Standard Time)",35.9531820886906,50,70,30
"Thu Nov 02 2017 00:00:00 GMT+0530 (India Standard Time)",31.2648206060949,50,70,30
"Fri Nov 03 2017 00:00:00 GMT+0530 (India Standard Time)",28.4064100182701,50,70,30
"Mon Nov 06 2017 00:00:00 GMT+0530 (India Standard Time)",33.6248792557112,50,70,30
"Tue Nov 07 2017 00:00:00 GMT+0530 (India Standard Time)",25.1304559319521,50,70,30
"Wed Nov 08 2017 00:00:00 GMT+0530 (India Standard Time)",25.472564166457,50,70,30
"Thu Nov 09 2017 00:00:00 GMT+0530 (India Standard Time)",47.3084127208972,50,70,30
"Fri Nov 10 2017 00:00:00 GMT+0530 (India Standard Time)",43.5784530121366,50,70,30
"Mon Nov 13 2017 00:00:00 GMT+0530 (India Standard Time)",34.5326830625503,50,70,30
"Tue Nov 14 2017 00:00:00 GMT+0530 (India Standard Time)",33.5782745532821,50,70,30
"Wed Nov 15 2017 00:00:00 GMT+0530 (India Standard Time)",25.8733367081741,50,70,30
"Thu Nov 16 2017 00:00:00 GMT+0530 (India Standard Time)",34.1877959614551,50,70,30
"Fri Nov 17 2017 00:00:00 GMT+0530 (India Standard Time)",38.2001204871359,50,70,30
"Mon Nov 20 2017 00:00:00 GMT+0530 (India Standard Time)",45.9540021589917,50,70,30
"Tue Nov 21 2017 00:00:00 GMT+0530 (India Standard Time)",38.2691572428057,50,70,30
"Wed Nov 22 2017 00:00:00 GMT+0530 (India Standard Time)",38.5997873060067,50,70,30
"Thu Nov 23 2017 00:00:00 GMT+0530 (India Standard Time)",32.2960827062443,50,70,30
"Fri Nov 24 2017 00:00:00 GMT+0530 (India Standard Time)",39.5136116431776,50,70,30
"Mon Nov 27 2017 00:00:00 GMT+0530 (India Standard Time)",44.9067680898868,50,70,30
"Tue Nov 28 2017 00:00:00 GMT+0530 (India Standard Time)",54.2060490525068,50,70,30
"Wed Nov 29 2017 00:00:00 GMT+0530 (India Standard Time)",54.5581803675646,50,70,30
"Thu Nov 30 2017 00:00:00 GMT+0530 (India Standard Time)",57.1198930333389,50,70,30
"Fri Dec 01 2017 00:00:00 GMT+0530 (India Standard Time)",31.9642002039524,50,70,30
"Mon Dec 04 2017 00:00:00 GMT+0530 (India Standard Time)",45.8022585737013,50,70,30
"Tue Dec 05 2017 00:00:00 GMT+0530 (India Standard Time)",50.9402469760343,50,70,30
"Wed Dec 06 2017 00:00:00 GMT+0530 (India Standard Time)",45.1698239622158,50,70,30
"Thu Dec 07 2017 00:00:00 GMT+0530 (India Standard Time)",52.9030907627464,50,70,30
"Fri Dec 08 2017 00:00:00 GMT+0530 (India Standard Time)",57.1685258423274,50,70,30
"Mon Dec 11 2017 00:00:00 GMT+0530 (India Standard Time)",53.9810988236129,50,70,30
"Tue Dec 12 2017 00:00:00 GMT+0530 (India Standard Time)",50.0007483491741,50,70,30
"Wed Dec 13 2017 00:00:00 GMT+0530 (India Standard Time)",45.9336640538081,50,70,30
"Thu Dec 14 2017 00:00:00 GMT+0530 (India Standard Time)",48.7294435495898,50,70,30
"Fri Dec 15 2017 00:00:00 GMT+0530 (India Standard Time)",58.0051554607616,50,70,30
"Mon Dec 18 2017 00:00:00 GMT+0530 (India Standard Time)",53.9943183218673,50,70,30
"Tue Dec 19 2017 00:00:00 GMT+0530 (India Standard Time)",55.8210287967244,50,70,30
"Wed Dec 20 2017 00:00:00 GMT+0530 (India Standard Time)",50.9547785278523,50,70,30
"Thu Dec 21 2017 00:00:00 GMT+0530 (India Standard Time)",49.6390365040632,50,70,30
"Fri Dec 22 2017 00:00:00 GMT+0530 (India Standard Time)",50.0587196078566,50,70,30
"Tue Dec 26 2017 00:00:00 GMT+0530 (India Standard Time)",54.942655494194,50,70,30
"Wed Dec 27 2017 00:00:00 GMT+0530 (India Standard Time)",48.7733800982221,50,70,30
"Thu Dec 28 2017 00:00:00 GMT+0530 (India Standard Time)",53.3399692230892,50,70,30
"Fri Dec 29 2017 00:00:00 GMT+0530 (India Standard Time)",52.0151457544315,50,70,30
"Mon Jan 01 2018 00:00:00 GMT+0530 (India Standard Time)",67.469426580224,50,70,30
"Tue Jan 02 2018 00:00:00 GMT+0530 (India Standard Time)",42.2568049038114,50,70,30
"Wed Jan 03 2018 00:00:00 GMT+0530 (India Standard Time)",43.7294009474789,50,70,30
"Thu Jan 04 2018 00:00:00 GMT+0530 (India Standard Time)",42.7119585336116,50,70,30
"Fri Jan 05 2018 00:00:00 GMT+0530 (India Standard Time)",53.6833905088196,50,70,30
"Mon Jan 08 2018 00:00:00 GMT+0530 (India Standard Time)",66.6350858190202,50,70,30
"Tue Jan 09 2018 00:00:00 GMT+0530 (India Standard Time)",60.3533790190468,50,70,30
"Wed Jan 10 2018 00:00:00 GMT+0530 (India Standard Time)",51.973193560272,50,70,30
"Thu Jan 11 2018 00:00:00 GMT+0530 (India Standard Time)",63.3632365929808,50,70,30
"Fri Jan 12 2018 00:00:00 GMT+0530 (India Standard Time)",60.6156554444548,50,70,30
"Mon Jan 15 2018 00:00:00 GMT+0530 (India Standard Time)",60.8814532922335,50,70,30
"Tue Jan 16 2018 00:00:00 GMT+0530 (India Standard Time)",47.3157136560447,50,70,30
"Wed Jan 17 2018 00:00:00 GMT+0530 (India Standard Time)",50.1331449632561,50,70,30
"Thu Jan 18 2018 00:00:00 GMT+0530 (India Standard Time)",66.2218912077296,50,70,30
"Fri Jan 19 2018 00:00:00 GMT+0530 (India Standard Time)",79.2729365261669,50,70,30
"Mon Jan 22 2018 00:00:00 GMT+0530 (India Standard Time)",85.2933854443989,50,70,30
"Tue Jan 23 2018 00:00:00 GMT+0530 (India Standard Time)",87.216710632206,50,70,30
"Wed Jan 24 2018 00:00:00 GMT+0530 (India Standard Time)",78.7338911731043,50,70,30
"Thu Jan 25 2018 00:00:00 GMT+0530 (India Standard Time)",82.4248649959884,50,70,30
"Mon Jan 29 2018 00:00:00 GMT+0530 (India Standard Time)",84.9773703225833,50,70,30
"Tue Jan 30 2018 00:00:00 GMT+0530 (India Standard Time)",81.8696349582527,50,70,30
"Wed Jan 31 2018 00:00:00 GMT+0530 (India Standard Time)",70.2733410035275,50,70,30
"Thu Feb 01 2018 00:00:00 GMT+0530 (India Standard Time)",64.3681495742171,50,70,30
"Fri Feb 02 2018 00:00:00 GMT+0530 (India Standard Time)",45.4741017647582,50,70,30
"Mon Feb 05 2018 00:00:00 GMT+0530 (India Standard Time)",39.2372313817877,50,70,30
"Tue Feb 06 2018 00:00:00 GMT+0530 (India Standard Time)",40.109952188943,50,70,30
"Wed Feb 07 2018 00:00:00 GMT+0530 (India Standard Time)",35.2393799207463,50,70,30
"Thu Feb 08 2018 00:00:00 GMT+0530 (India Standard Time)",49.0401390310996,50,70,30
"Fri Feb 09 2018 00:00:00 GMT+0530 (India Standard Time)",42.3256653027291,50,70,30
"Mon Feb 12 2018 00:00:00 GMT+0530 (India Standard Time)",50.3114380811211,50,70,30
"Wed Feb 14 2018 00:00:00 GMT+0530 (India Standard Time)",58.6426012333779,50,70,30
"Thu Feb 15 2018 00:00:00 GMT+0530 (India Standard Time)",48.5349487011943,50,70,30
"Fri Feb 16 2018 00:00:00 GMT+0530 (India Standard Time)",39.7399689664096,50,70,30
"Mon Feb 19 2018 00:00:00 GMT+0530 (India Standard Time)",35.7541509651675,50,70,30
"Tue Feb 20 2018 00:00:00 GMT+0530 (India Standard Time)",33.2939927762533,50,70,30
"Wed Feb 21 2018 00:00:00 GMT+0530 (India Standard Time)",35.768767947281,50,70,30
"Thu Feb 22 2018 00:00:00 GMT+0530 (India Standard Time)",44.216961018045,50,70,30
"Fri Feb 23 2018 00:00:00 GMT+0530 (India Standard Time)",49.5457632863729,50,70,30
"Mon Feb 26 2018 00:00:00 GMT+0530 (India Standard Time)",52.9598493020393,50,70,30
"Tue Feb 27 2018 00:00:00 GMT+0530 (India Standard Time)",47.8609639772889,50,70,30
"Wed Feb 28 2018 00:00:00 GMT+0530 (India Standard Time)",40.0453512447244,50,70,30
"Thu Mar 01 2018 00:00:00 GMT+0530 (India Standard Time)",40.9988611367762,50,70,30
"Mon Mar 05 2018 00:00:00 GMT+0530 (India Standard Time)",35.6338833723739,50,70,30
"Tue Mar 06 2018 00:00:00 GMT+0530 (India Standard Time)",35.9019739149194,50,70,30
"Wed Mar 07 2018 00:00:00 GMT+0530 (India Standard Time)",25.4895270943265,50,70,30
"Thu Mar 08 2018 00:00:00 GMT+0530 (India Standard Time)",30.9785951385457,50,70,30
"Fri Mar 09 2018 00:00:00 GMT+0530 (India Standard Time)",29.2202741671614,50,70,30
"Mon Mar 12 2018 00:00:00 GMT+0530 (India Standard Time)",35.8324760626624,50,70,30
"Tue Mar 13 2018 00:00:00 GMT+0530 (India Standard Time)",46.7296950055529,50,70,30
"Wed Mar 14 2018 00:00:00 GMT+0530 (India Standard Time)",44.718590631848,50,70,30
"Thu Mar 15 2018 00:00:00 GMT+0530 (India Standard Time)",50.2857846632677,50,70,30
"Fri Mar 16 2018 00:00:00 GMT+0530 (India Standard Time)",38.07416846003,50,70,30
"Mon Mar 19 2018 00:00:00 GMT+0530 (India Standard Time)",32.2644360192692,50,70,30
"Tue Mar 20 2018 00:00:00 GMT+0530 (India Standard Time)",38.0772211339584,50,70,30
"Wed Mar 21 2018 00:00:00 GMT+0530 (India Standard Time)",47.1425562763749,50,70,30
"Thu Mar 22 2018 00:00:00 GMT+0530 (India Standard Time)",49.0218051860187,50,70,30
"Fri Mar 23 2018 00:00:00 GMT+0530 (India Standard Time)",40.608144268697,50,70,30
"Mon Mar 26 2018 00:00:00 GMT+0530 (India Standard Time)",42.9580122310516,50,70,30
"Tue Mar 27 2018 00:00:00 GMT+0530 (India Standard Time)",60.7479924373305,50,70,30
"Wed Mar 28 2018 00:00:00 GMT+0530 (India Standard Time)",56.5496275694237,50,70,30
"Mon Apr 02 2018 00:00:00 GMT+0530 (India Standard Time)",59.0831423303498,50,70,30
"Tue Apr 03 2018 00:00:00 GMT+0530 (India Standard Time)",73.8420721929618,50,70,30
"Wed Apr 04 2018 00:00:00 GMT+0530 (India Standard Time)",69.9498180810516,50,70,30
"Thu Apr 05 2018 00:00:00 GMT+0530 (India Standard Time)",78.4953958184893,50,70,30
"Fri Apr 06 2018 00:00:00 GMT+0530 (India Standard Time)",79.6355718816099,50,70,30
"Mon Apr 09 2018 00:00:00 GMT+0530 (India Standard Time)",78.157667974645,50,70,30
"Tue Apr 10 2018 00:00:00 GMT+0530 (India Standard Time)",66.2990580894506,50,70,30
"Wed Apr 11 2018 00:00:00 GMT+0530 (India Standard Time)",60.2343384829486,50,70,30
"Thu Apr 12 2018 00:00:00 GMT+0530 (India Standard Time)",61.252596026844,50,70,30
"Fri Apr 13 2018 00:00:00 GMT+0530 (India Standard Time)",69.8531238952012,50,70,30
"Mon Apr 16 2018 00:00:00 GMT+0530 (India Standard Time)",75.6457682942074,50,70,30
"Tue Apr 17 2018 00:00:00 GMT+0530 (India Standard Time)",67.4935857025039,50,70,30
"Wed Apr 18 2018 00:00:00 GMT+0530 (India Standard Time)",70.5308682622618,50,70,30
"Thu Apr 19 2018 00:00:00 GMT+0530 (India Standard Time)",69.2908535116258,50,70,30
"Fri Apr 20 2018 00:00:00 GMT+0530 (India Standard Time)",62.2112573351236,50,70,30
"Mon Apr 23 2018 00:00:00 GMT+0530 (India Standard Time)",45.8012951418773,50,70,30
"Tue Apr 24 2018 00:00:00 GMT+0530 (India Standard Time)",49.3930531897924,50,70,30
"Wed Apr 25 2018 00:00:00 GMT+0530 (India Standard Time)",46.8231040419811,50,70,30
"Thu Apr 26 2018 00:00:00 GMT+0530 (India Standard Time)",41.3303567297018,50,70,30
"Fri Apr 27 2018 00:00:00 GMT+0530 (India Standard Time)",44.8468341953601,50,70,30
"Mon Apr 30 2018 00:00:00 GMT+0530 (India Standard Time)",40.4655513005151,50,70,30
"Wed May 02 2018 00:00:00 GMT+0530 (India Standard Time)",36.5991407680674,50,70,30
"Thu May 03 2018 00:00:00 GMT+0530 (India Standard Time)",27.6950429036913,50,70,30
"Fri May 04 2018 00:00:00 GMT+0530 (India Standard Time)",22.2602567447973,50,70,30
"Mon May 07 2018 00:00:00 GMT+0530 (India Standard Time)",21.2027928626381,50,70,30
"Tue May 08 2018 00:00:00 GMT+0530 (India Standard Time)",19.5128892042988,50,70,30
"Wed May 09 2018 00:00:00 GMT+0530 (India Standard Time)",19.4902006929259,50,70,30
"Thu May 10 2018 00:00:00 GMT+0530 (India Standard Time)",14.2234181248117,50,70,30
"Fri May 11 2018 00:00:00 GMT+0530 (India Standard Time)",36.6307752008014,50,70,30
"Mon May 14 2018 00:00:00 GMT+0530 (India Standard Time)",29.9296206068637,50,70,30
"Tue May 15 2018 00:00:00 GMT+0530 (India Standard Time)",25.9687646465181,50,70,30
"Wed May 16 2018 00:00:00 GMT+0530 (India Standard Time)",22.8347585707243,50,70,30
"Thu May 17 2018 00:00:00 GMT+0530 (India Standard Time)",21.5059773264453,50,70,30
"Fri May 18 2018 00:00:00 GMT+0530 (India Standard Time)",15.4570554814301,50,70,30
"Mon May 21 2018 00:00:00 GMT+0530 (India Standard Time)",12.3149734822016,50,70,30
"Tue May 22 2018 00:00:00 GMT+0530 (India Standard Time)",15.6344724340913,50,70,30
"Wed May 23 2018 00:00:00 GMT+0530 (India Standard Time)",20.7118890332274,50,70,30
"Thu May 24 2018 00:00:00 GMT+0530 (India Standard Time)",19.0879154434148,50,70,30
"Fri May 25 2018 00:00:00 GMT+0530 (India Standard Time)",49.1045368886865,50,70,30
"Mon May 28 2018 00:00:00 GMT+0530 (India Standard Time)",61.0281379993904,50,70,30
"Tue May 29 2018 00:00:00 GMT+0530 (India Standard Time)",62.2246014546098,50,70,30
"Wed May 30 2018 00:00:00 GMT+0530 (India Standard Time)",64.5846449957429,50,70,30
"Thu May 31 2018 00:00:00 GMT+0530 (India Standard Time)",67.7534019815459,50,70,30
"Fri Jun 01 2018 00:00:00 GMT+0530 (India Standard Time)",63.0534246491734,50,70,30
"Mon Jun 04 2018 00:00:00 GMT+0530 (India Standard Time)",41.798872295219,50,70,30
"Tue Jun 05 2018 00:00:00 GMT+0530 (India Standard Time)",35.1380097457411,50,70,30
"Wed Jun 06 2018 00:00:00 GMT+0530 (India Standard Time)",46.9618984363244,50,70,30
"Thu Jun 07 2018 00:00:00 GMT+0530 (India Standard Time)",54.6058369566182,50,70,30
"Fri Jun 08 2018 00:00:00 GMT+0530 (India Standard Time)",53.2507566299085,50,70,30
"Mon Jun 11 2018 00:00:00 GMT+0530 (India Standard Time)",52.7763199092116,50,70,30
"Tue Jun 12 2018 00:00:00 GMT+0530 (India Standard Time)",58.524491895553,50,70,30
"Wed Jun 13 2018 00:00:00 GMT+0530 (India Standard Time)",54.060624542602,50,70,30
"Thu Jun 14 2018 00:00:00 GMT+0530 (India Standard Time)",45.1948771751436,50,70,30
"Fri Jun 15 2018 00:00:00 GMT+0530 (India Standard Time)",47.2054693464929,50,70,30
"Mon Jun 18 2018 00:00:00 GMT+0530 (India Standard Time)",51.0676172440908,50,70,30
"Tue Jun 19 2018 00:00:00 GMT+0530 (India Standard Time)",43.8864538563688,50,70,30
"Wed Jun 20 2018 00:00:00 GMT+0530 (India Standard Time)",49.3138602772797,50,70,30
"Thu Jun 21 2018 00:00:00 GMT+0530 (India Standard Time)",41.0014081631882,50,70,30
"Fri Jun 22 2018 00:00:00 GMT+0530 (India Standard Time)",52.6822197292815,50,70,30
"Mon Jun 25 2018 00:00:00 GMT+0530 (India Standard Time)",49.6733927438721,50,70,30
"Tue Jun 26 2018 00:00:00 GMT+0530 (India Standard Time)",48.353292040982,50,70,30
"Wed Jun 27 2018 00:00:00 GMT+0530 (India Standard Time)",44.2370406926747,50,70,30
"Thu Jun 28 2018 00:00:00 GMT+0530 (India Standard Time)",29.6114363144931,50,70,30
"Fri Jun 29 2018 00:00:00 GMT+0530 (India Standard Time)",32.9634224555178,50,70,30
"Mon Jul 02 2018 00:00:00 GMT+0530 (India Standard Time)",26.062364798945,50,70,30
"Tue Jul 03 2018 00:00:00 GMT+0530 (India Standard Time)",32.4546888083997,50,70,30
"Wed Jul 04 2018 00:00:00 GMT+0530 (India Standard Time)",40.1917566144306,50,70,30
"Thu Jul 05 2018 00:00:00 GMT+0530 (India Standard Time)",37.4064247570157,50,70,30
"Fri Jul 06 2018 00:00:00 GMT+0530 (India Standard Time)",42.9647720164771,50,70,30
"Mon Jul 09 2018 00:00:00 GMT+0530 (India Standard Time)",50.3480905177994,50,70,30
"Tue Jul 10 2018 00:00:00 GMT+0530 (India Standard Time)",44.7083809830938,50,70,30
"Wed Jul 11 2018 00:00:00 GMT+0530 (India Standard Time)",48.1830787030643,50,70,30
"Thu Jul 12 2018 00:00:00 GMT+0530 (India Standard Time)",44.9009931032349,50,70,30
"Fri Jul 13 2018 00:00:00 GMT+0530 (India Standard Time)",36.9352180444568,50,70,30
"Mon Jul 16 2018 00:00:00 GMT+0530 (India Standard Time)",44.3131028903658,50,70,30
"Tue Jul 17 2018 00:00:00 GMT+0530 (India Standard Time)",52.9283178882152,50,70,30
"Wed Jul 18 2018 00:00:00 GMT+0530 (India Standard Time)",69.7883545438724,50,70,30
"Thu Jul 19 2018 00:00:00 GMT+0530 (India Standard Time)",72.7558004636021,50,70,30
"Fri Jul 20 2018 00:00:00 GMT+0530 (India Standard Time)",63.9324603507715,50,70,30
"Mon Jul 23 2018 00:00:00 GMT+0530 (India Standard Time)",63.9991838322746,50,70,30
"Tue Jul 24 2018 00:00:00 GMT+0530 (India Standard Time)",78.2021572772836,50,70,30
"Wed Jul 25 2018 00:00:00 GMT+0530 (India Standard Time)",84.0525549138379,50,70,30
"Thu Jul 26 2018 00:00:00 GMT+0530 (India Standard Time)",79.2159664720523,50,70,30
"Fri Jul 27 2018 00:00:00 GMT+0530 (India Standard Time)",81.512718321718,50,70,30
"Mon Jul 30 2018 00:00:00 GMT+0530 (India Standard Time)",84.2651549870064,50,70,30
"Tue Jul 31 2018 00:00:00 GMT+0530 (India Standard Time)",64.7450950952275,50,70,30
"Wed Aug 01 2018 00:00:00 GMT+0530 (India Standard Time)",60.0782779127647,50,70,30
"Thu Aug 02 2018 00:00:00 GMT+0530 (India Standard Time)",63.4748329496744,50,70,30
"Fri Aug 03 2018 00:00:00 GMT+0530 (India Standard Time)",76.3714952032138,50,70,30
"Mon Aug 06 2018 00:00:00 GMT+0530 (India Standard Time)",72.8382929358109,50,70,30
"Tue Aug 07 2018 00:00:00 GMT+0530 (India Standard Time)",70.1685196845496,50,70,30
"Wed Aug 08 2018 00:00:00 GMT+0530 (India Standard Time)",71.7299491318753,50,70,30
"Thu Aug 09 2018 00:00:00 GMT+0530 (India Standard Time)",62.7816553676902,50,70,30
"Fri Aug 10 2018 00:00:00 GMT+0530 (India Standard Time)",53.5919384378236,50,70,30
"Mon Aug 13 2018 00:00:00 GMT+0530 (India Standard Time)",40.2251931838984,50,70,30
"Tue Aug 14 2018 00:00:00 GMT+0530 (India Standard Time)",44.9848339128478,50,70,30
"Thu Aug 16 2018 00:00:00 GMT+0530 (India Standard Time)",37.6007332631581,50,70,30
"Fri Aug 17 2018 00:00:00 GMT+0530 (India Standard Time)",40.1345772011793,50,70,30
"Mon Aug 20 2018 00:00:00 GMT+0530 (India Standard Time)",50.0092127366677,50,70,30
"Tue Aug 21 2018 00:00:00 GMT+0530 (India Standard Time)",46.1150727631377,50,70,30
"Thu Aug 23 2018 00:00:00 GMT+0530 (India Standard Time)",43.3159281858377,50,70,30
"Fri Aug 24 2018 00:00:00 GMT+0530 (India Standard Time)",41.275349155,50,70,30
"Mon Aug 27 2018 00:00:00 GMT+0530 (India Standard Time)",48.1881476763935,50,70,30
"Tue Aug 28 2018 00:00:00 GMT+0530 (India Standard Time)",51.1956907607104,50,70,30
"Wed Aug 29 2018 00:00:00 GMT+0530 (India Standard Time)",46.8418043570279,50,70,30
"Thu Aug 30 2018 00:00:00 GMT+0530 (India Standard Time)",39.8296838569798,50,70,30
"Fri Aug 31 2018 00:00:00 GMT+0530 (India Standard Time)",38.7151497716896,50,70,30
"Mon Sep 03 2018 00:00:00 GMT+0530 (India Standard Time)",39.2298035791178,50,70,30
"Tue Sep 04 2018 00:00:00 GMT+0530 (India Standard Time)",25.2324718317404,50,70,30
"Wed Sep 05 2018 00:00:00 GMT+0530 (India Standard Time)",28.6325402726492,50,70,30
"Thu Sep 06 2018 00:00:00 GMT+0530 (India Standard Time)",26.4583963788257,50,70,30
"Fri Sep 07 2018 00:00:00 GMT+0530 (India Standard Time)",27.6047004808874,50,70,30
"Mon Sep 10 2018 00:00:00 GMT+0530 (India Standard Time)",17.0663704406923,50,70,30
"Tue Sep 11 2018 00:00:00 GMT+0530 (India Standard Time)",13.4896056493061,50,70,30
"Wed Sep 12 2018 00:00:00 GMT+0530 (India Standard Time)",22.4706719072271,50,70,30
"Fri Sep 14 2018 00:00:00 GMT+0530 (India Standard Time)",53.3362557935915,50,70,30
"Mon Sep 17 2018 00:00:00 GMT+0530 (India Standard Time)",46.4985384893037,50,70,30
"Tue Sep 18 2018 00:00:00 GMT+0530 (India Standard Time)",37.4970569175362,50,70,30
"Wed Sep 19 2018 00:00:00 GMT+0530 (India Standard Time)",37.8230754129076,50,70,30
"Fri Sep 21 2018 00:00:00 GMT+0530 (India Standard Time)",23.8722021914395,50,70,30
"Mon Sep 24 2018 00:00:00 GMT+0530 (India Standard Time)",17.6632510727219,50,70,30
"Tue Sep 25 2018 00:00:00 GMT+0530 (India Standard Time)",14.7722534516627,50,70,30
"Wed Sep 26 2018 00:00:00 GMT+0530 (India Standard Time)",31.9978296849646,50,70,30
