"date","rsi","middle","overbought","oversold"
"Thu Jul 27 2017 00:00:00 GMT+0530 (India Standard Time)",78.6518752111725,50,70,30
"Fri Jul 28 2017 00:00:00 GMT+0530 (India Standard Time)",78.8443211964594,50,70,30
"Mon Jul 31 2017 00:00:00 GMT+0530 (India Standard Time)",77.6065735323082,50,70,30
"Tue Aug 01 2017 00:00:00 GMT+0530 (India Standard Time)",84.6530543888547,50,70,30
"Wed Aug 02 2017 00:00:00 GMT+0530 (India Standard Time)",85.6787309288983,50,70,30
"Thu Aug 03 2017 00:00:00 GMT+0530 (India Standard Time)",88.831632010952,50,70,30
"Fri Aug 04 2017 00:00:00 GMT+0530 (India Standard Time)",88.8450934219808,50,70,30
"Mon Aug 07 2017 00:00:00 GMT+0530 (India Standard Time)",87.3866978025833,50,70,30
"Tue Aug 08 2017 00:00:00 GMT+0530 (India Standard Time)",69.3742489627242,50,70,30
"Wed Aug 09 2017 00:00:00 GMT+0530 (India Standard Time)",55.7842118410389,50,70,30
"Thu Aug 10 2017 00:00:00 GMT+0530 (India Standard Time)",43.5007849824551,50,70,30
"Fri Aug 11 2017 00:00:00 GMT+0530 (India Standard Time)",38.8157577650462,50,70,30
"Mon Aug 14 2017 00:00:00 GMT+0530 (India Standard Time)",61.6459534980047,50,70,30
"Wed Aug 16 2017 00:00:00 GMT+0530 (India Standard Time)",60.4772273129954,50,70,30
"Thu Aug 17 2017 00:00:00 GMT+0530 (India Standard Time)",57.1071773823612,50,70,30
"Fri Aug 18 2017 00:00:00 GMT+0530 (India Standard Time)",55.4774070601039,50,70,30
"Mon Aug 21 2017 00:00:00 GMT+0530 (India Standard Time)",61.8326800064999,50,70,30
"Tue Aug 22 2017 00:00:00 GMT+0530 (India Standard Time)",63.1025273575571,50,70,30
"Wed Aug 23 2017 00:00:00 GMT+0530 (India Standard Time)",65.3808113042244,50,70,30
"Thu Aug 24 2017 00:00:00 GMT+0530 (India Standard Time)",71.8217919260952,50,70,30
"Mon Aug 28 2017 00:00:00 GMT+0530 (India Standard Time)",74.8226065894664,50,70,30
"Tue Aug 29 2017 00:00:00 GMT+0530 (India Standard Time)",65.2974933845999,50,70,30
"Wed Aug 30 2017 00:00:00 GMT+0530 (India Standard Time)",78.0608522949345,50,70,30
"Thu Aug 31 2017 00:00:00 GMT+0530 (India Standard Time)",82.2186585024692,50,70,30
"Fri Sep 01 2017 00:00:00 GMT+0530 (India Standard Time)",66.2317715929234,50,70,30
"Mon Sep 04 2017 00:00:00 GMT+0530 (India Standard Time)",66.049945470261,50,70,30
"Tue Sep 05 2017 00:00:00 GMT+0530 (India Standard Time)",69.1449832180909,50,70,30
"Wed Sep 06 2017 00:00:00 GMT+0530 (India Standard Time)",71.156996345183,50,70,30
"Thu Sep 07 2017 00:00:00 GMT+0530 (India Standard Time)",77.9710547040521,50,70,30
"Fri Sep 08 2017 00:00:00 GMT+0530 (India Standard Time)",76.0110534803556,50,70,30
"Mon Sep 11 2017 00:00:00 GMT+0530 (India Standard Time)",81.1538405835072,50,70,30
"Tue Sep 12 2017 00:00:00 GMT+0530 (India Standard Time)",85.1216118239963,50,70,30
"Wed Sep 13 2017 00:00:00 GMT+0530 (India Standard Time)",66.8036107255181,50,70,30
"Thu Sep 14 2017 00:00:00 GMT+0530 (India Standard Time)",67.8288434455025,50,70,30
"Fri Sep 15 2017 00:00:00 GMT+0530 (India Standard Time)",69.8996224944746,50,70,30
"Mon Sep 18 2017 00:00:00 GMT+0530 (India Standard Time)",62.9081240660567,50,70,30
"Tue Sep 19 2017 00:00:00 GMT+0530 (India Standard Time)",57.2824465788233,50,70,30
"Wed Sep 20 2017 00:00:00 GMT+0530 (India Standard Time)",57.5300317746661,50,70,30
"Thu Sep 21 2017 00:00:00 GMT+0530 (India Standard Time)",45.4604890031548,50,70,30
"Fri Sep 22 2017 00:00:00 GMT+0530 (India Standard Time)",34.7739294683757,50,70,30
"Mon Sep 25 2017 00:00:00 GMT+0530 (India Standard Time)",25.1405936659185,50,70,30
"Tue Sep 26 2017 00:00:00 GMT+0530 (India Standard Time)",23.0218209287294,50,70,30
"Wed Sep 27 2017 00:00:00 GMT+0530 (India Standard Time)",20.5115475158162,50,70,30
"Thu Sep 28 2017 00:00:00 GMT+0530 (India Standard Time)",27.6073287151315,50,70,30
"Fri Sep 29 2017 00:00:00 GMT+0530 (India Standard Time)",32.0308065945492,50,70,30
"Tue Oct 03 2017 00:00:00 GMT+0530 (India Standard Time)",46.8676216961778,50,70,30
"Wed Oct 04 2017 00:00:00 GMT+0530 (India Standard Time)",42.9925953610821,50,70,30
"Thu Oct 05 2017 00:00:00 GMT+0530 (India Standard Time)",48.7265249096035,50,70,30
"Fri Oct 06 2017 00:00:00 GMT+0530 (India Standard Time)",44.4035973612599,50,70,30
"Mon Oct 09 2017 00:00:00 GMT+0530 (India Standard Time)",47.2991305258474,50,70,30
"Tue Oct 10 2017 00:00:00 GMT+0530 (India Standard Time)",45.7928456033617,50,70,30
"Wed Oct 11 2017 00:00:00 GMT+0530 (India Standard Time)",43.3136632647656,50,70,30
"Thu Oct 12 2017 00:00:00 GMT+0530 (India Standard Time)",35.6894743903185,50,70,30
"Fri Oct 13 2017 00:00:00 GMT+0530 (India Standard Time)",44.6922394506686,50,70,30
"Mon Oct 16 2017 00:00:00 GMT+0530 (India Standard Time)",41.8597495861061,50,70,30
"Tue Oct 17 2017 00:00:00 GMT+0530 (India Standard Time)",37.1818376796211,50,70,30
"Wed Oct 18 2017 00:00:00 GMT+0530 (India Standard Time)",47.4691918703522,50,70,30
"Thu Oct 19 2017 00:00:00 GMT+0530 (India Standard Time)",42.2167110298653,50,70,30
"Mon Oct 23 2017 00:00:00 GMT+0530 (India Standard Time)",65.8617985158427,50,70,30
"Tue Oct 24 2017 00:00:00 GMT+0530 (India Standard Time)",65.0130507645792,50,70,30
"Wed Oct 25 2017 00:00:00 GMT+0530 (India Standard Time)",74.7000594871676,50,70,30
"Thu Oct 26 2017 00:00:00 GMT+0530 (India Standard Time)",62.8426365791116,50,70,30
"Fri Oct 27 2017 00:00:00 GMT+0530 (India Standard Time)",58.8279899692702,50,70,30
"Mon Oct 30 2017 00:00:00 GMT+0530 (India Standard Time)",63.4620528619842,50,70,30
"Tue Oct 31 2017 00:00:00 GMT+0530 (India Standard Time)",72.2897008947746,50,70,30
"Wed Nov 01 2017 00:00:00 GMT+0530 (India Standard Time)",76.834895732348,50,70,30
"Thu Nov 02 2017 00:00:00 GMT+0530 (India Standard Time)",83.8276994440249,50,70,30
"Fri Nov 03 2017 00:00:00 GMT+0530 (India Standard Time)",80.4575208978804,50,70,30
"Mon Nov 06 2017 00:00:00 GMT+0530 (India Standard Time)",79.592678921947,50,70,30
"Tue Nov 07 2017 00:00:00 GMT+0530 (India Standard Time)",61.6525502609284,50,70,30
"Wed Nov 08 2017 00:00:00 GMT+0530 (India Standard Time)",60.3405026274315,50,70,30
"Thu Nov 09 2017 00:00:00 GMT+0530 (India Standard Time)",48.1654418230688,50,70,30
"Fri Nov 10 2017 00:00:00 GMT+0530 (India Standard Time)",55.5731546777633,50,70,30
"Mon Nov 13 2017 00:00:00 GMT+0530 (India Standard Time)",46.8943861328842,50,70,30
"Tue Nov 14 2017 00:00:00 GMT+0530 (India Standard Time)",40.5412051127232,50,70,30
"Wed Nov 15 2017 00:00:00 GMT+0530 (India Standard Time)",32.7671721877654,50,70,30
"Thu Nov 16 2017 00:00:00 GMT+0530 (India Standard Time)",28.5189499178503,50,70,30
"Fri Nov 17 2017 00:00:00 GMT+0530 (India Standard Time)",36.9897771380976,50,70,30
"Mon Nov 20 2017 00:00:00 GMT+0530 (India Standard Time)",39.7053093311442,50,70,30
"Tue Nov 21 2017 00:00:00 GMT+0530 (India Standard Time)",35.3361562903587,50,70,30
"Wed Nov 22 2017 00:00:00 GMT+0530 (India Standard Time)",47.6438367311118,50,70,30
"Thu Nov 23 2017 00:00:00 GMT+0530 (India Standard Time)",53.7114157314354,50,70,30
"Fri Nov 24 2017 00:00:00 GMT+0530 (India Standard Time)",50.2524028547882,50,70,30
"Mon Nov 27 2017 00:00:00 GMT+0530 (India Standard Time)",47.1714027642234,50,70,30
"Tue Nov 28 2017 00:00:00 GMT+0530 (India Standard Time)",39.4298571600135,50,70,30
"Wed Nov 29 2017 00:00:00 GMT+0530 (India Standard Time)",43.2986085379536,50,70,30
"Thu Nov 30 2017 00:00:00 GMT+0530 (India Standard Time)",38.1806362882305,50,70,30
"Fri Dec 01 2017 00:00:00 GMT+0530 (India Standard Time)",31.5185025157973,50,70,30
"Mon Dec 04 2017 00:00:00 GMT+0530 (India Standard Time)",27.4174658963362,50,70,30
"Tue Dec 05 2017 00:00:00 GMT+0530 (India Standard Time)",22.6711491635588,50,70,30
"Wed Dec 06 2017 00:00:00 GMT+0530 (India Standard Time)",18.9357440298484,50,70,30
"Thu Dec 07 2017 00:00:00 GMT+0530 (India Standard Time)",33.901508370134,50,70,30
"Fri Dec 08 2017 00:00:00 GMT+0530 (India Standard Time)",41.4761863249775,50,70,30
"Mon Dec 11 2017 00:00:00 GMT+0530 (India Standard Time)",41.4381360105144,50,70,30
"Tue Dec 12 2017 00:00:00 GMT+0530 (India Standard Time)",35.8912551014935,50,70,30
"Wed Dec 13 2017 00:00:00 GMT+0530 (India Standard Time)",35.6274239078361,50,70,30
"Thu Dec 14 2017 00:00:00 GMT+0530 (India Standard Time)",50.432254789577,50,70,30
"Fri Dec 15 2017 00:00:00 GMT+0530 (India Standard Time)",48.5003738617976,50,70,30
"Mon Dec 18 2017 00:00:00 GMT+0530 (India Standard Time)",43.5806201043233,50,70,30
"Tue Dec 19 2017 00:00:00 GMT+0530 (India Standard Time)",47.9037257234045,50,70,30
"Wed Dec 20 2017 00:00:00 GMT+0530 (India Standard Time)",40.5694057200213,50,70,30
"Thu Dec 21 2017 00:00:00 GMT+0530 (India Standard Time)",44.2703412119061,50,70,30
"Fri Dec 22 2017 00:00:00 GMT+0530 (India Standard Time)",48.4757629539528,50,70,30
"Tue Dec 26 2017 00:00:00 GMT+0530 (India Standard Time)",55.9499868898055,50,70,30
"Wed Dec 27 2017 00:00:00 GMT+0530 (India Standard Time)",51.8398605135304,50,70,30
"Thu Dec 28 2017 00:00:00 GMT+0530 (India Standard Time)",44.2365205014373,50,70,30
"Fri Dec 29 2017 00:00:00 GMT+0530 (India Standard Time)",64.3658159829692,50,70,30
"Mon Jan 01 2018 00:00:00 GMT+0530 (India Standard Time)",51.5576052056992,50,70,30
"Tue Jan 02 2018 00:00:00 GMT+0530 (India Standard Time)",49.2741302970916,50,70,30
"Wed Jan 03 2018 00:00:00 GMT+0530 (India Standard Time)",43.0929436653638,50,70,30
"Thu Jan 04 2018 00:00:00 GMT+0530 (India Standard Time)",62.1915004678397,50,70,30
"Fri Jan 05 2018 00:00:00 GMT+0530 (India Standard Time)",72.8860478970156,50,70,30
"Mon Jan 08 2018 00:00:00 GMT+0530 (India Standard Time)",67.2835312664808,50,70,30
"Tue Jan 09 2018 00:00:00 GMT+0530 (India Standard Time)",74.3038367955688,50,70,30
"Wed Jan 10 2018 00:00:00 GMT+0530 (India Standard Time)",73.2524308225153,50,70,30
"Thu Jan 11 2018 00:00:00 GMT+0530 (India Standard Time)",74.9880094477197,50,70,30
"Fri Jan 12 2018 00:00:00 GMT+0530 (India Standard Time)",62.6537387917327,50,70,30
"Mon Jan 15 2018 00:00:00 GMT+0530 (India Standard Time)",68.3512418002648,50,70,30
"Tue Jan 16 2018 00:00:00 GMT+0530 (India Standard Time)",61.3015416020875,50,70,30
"Wed Jan 17 2018 00:00:00 GMT+0530 (India Standard Time)",66.7327113835531,50,70,30
"Thu Jan 18 2018 00:00:00 GMT+0530 (India Standard Time)",53.0003219310409,50,70,30
"Fri Jan 19 2018 00:00:00 GMT+0530 (India Standard Time)",55.0875291950099,50,70,30
"Mon Jan 22 2018 00:00:00 GMT+0530 (India Standard Time)",60.4517806509809,50,70,30
"Tue Jan 23 2018 00:00:00 GMT+0530 (India Standard Time)",53.0685882302177,50,70,30
"Wed Jan 24 2018 00:00:00 GMT+0530 (India Standard Time)",43.9690415805744,50,70,30
"Thu Jan 25 2018 00:00:00 GMT+0530 (India Standard Time)",41.4905817500976,50,70,30
"Mon Jan 29 2018 00:00:00 GMT+0530 (India Standard Time)",38.4900459448067,50,70,30
"Tue Jan 30 2018 00:00:00 GMT+0530 (India Standard Time)",31.8010421412864,50,70,30
"Wed Jan 31 2018 00:00:00 GMT+0530 (India Standard Time)",30.8710428957369,50,70,30
"Thu Feb 01 2018 00:00:00 GMT+0530 (India Standard Time)",46.9958595696458,50,70,30
"Fri Feb 02 2018 00:00:00 GMT+0530 (India Standard Time)",30.12152047565,50,70,30
"Mon Feb 05 2018 00:00:00 GMT+0530 (India Standard Time)",24.8425527494831,50,70,30
"Tue Feb 06 2018 00:00:00 GMT+0530 (India Standard Time)",20.4627802930035,50,70,30
"Wed Feb 07 2018 00:00:00 GMT+0530 (India Standard Time)",19.547934746786,50,70,30
"Thu Feb 08 2018 00:00:00 GMT+0530 (India Standard Time)",40.3493512843233,50,70,30
"Fri Feb 09 2018 00:00:00 GMT+0530 (India Standard Time)",40.4544666257628,50,70,30
"Mon Feb 12 2018 00:00:00 GMT+0530 (India Standard Time)",48.5904212284841,50,70,30
"Wed Feb 14 2018 00:00:00 GMT+0530 (India Standard Time)",46.8353797782309,50,70,30
"Thu Feb 15 2018 00:00:00 GMT+0530 (India Standard Time)",39.9121500700473,50,70,30
"Fri Feb 16 2018 00:00:00 GMT+0530 (India Standard Time)",38.8787107584099,50,70,30
"Mon Feb 19 2018 00:00:00 GMT+0530 (India Standard Time)",35.8033943084328,50,70,30
"Tue Feb 20 2018 00:00:00 GMT+0530 (India Standard Time)",48.8591502080619,50,70,30
"Wed Feb 21 2018 00:00:00 GMT+0530 (India Standard Time)",45.8663394548777,50,70,30
"Thu Feb 22 2018 00:00:00 GMT+0530 (India Standard Time)",45.7859410350407,50,70,30
"Fri Feb 23 2018 00:00:00 GMT+0530 (India Standard Time)",57.175758650092,50,70,30
"Mon Feb 26 2018 00:00:00 GMT+0530 (India Standard Time)",69.5121537492646,50,70,30
"Tue Feb 27 2018 00:00:00 GMT+0530 (India Standard Time)",65.2393983342256,50,70,30
"Wed Feb 28 2018 00:00:00 GMT+0530 (India Standard Time)",56.3459086011994,50,70,30
"Thu Mar 01 2018 00:00:00 GMT+0530 (India Standard Time)",60.7983533951435,50,70,30
"Mon Mar 05 2018 00:00:00 GMT+0530 (India Standard Time)",50.2302223456333,50,70,30
"Tue Mar 06 2018 00:00:00 GMT+0530 (India Standard Time)",47.2553168850934,50,70,30
"Wed Mar 07 2018 00:00:00 GMT+0530 (India Standard Time)",40.4964578296515,50,70,30
"Thu Mar 08 2018 00:00:00 GMT+0530 (India Standard Time)",36.0465208999444,50,70,30
"Fri Mar 09 2018 00:00:00 GMT+0530 (India Standard Time)",35.9505594573247,50,70,30
"Mon Mar 12 2018 00:00:00 GMT+0530 (India Standard Time)",39.4532315515893,50,70,30
"Tue Mar 13 2018 00:00:00 GMT+0530 (India Standard Time)",41.5424051179335,50,70,30
"Wed Mar 14 2018 00:00:00 GMT+0530 (India Standard Time)",49.4374432867095,50,70,30
"Thu Mar 15 2018 00:00:00 GMT+0530 (India Standard Time)",42.2053493641478,50,70,30
"Fri Mar 16 2018 00:00:00 GMT+0530 (India Standard Time)",35.8848610043133,50,70,30
"Mon Mar 19 2018 00:00:00 GMT+0530 (India Standard Time)",39.2733111885868,50,70,30
"Tue Mar 20 2018 00:00:00 GMT+0530 (India Standard Time)",38.2207343892092,50,70,30
"Wed Mar 21 2018 00:00:00 GMT+0530 (India Standard Time)",37.4486773177031,50,70,30
"Thu Mar 22 2018 00:00:00 GMT+0530 (India Standard Time)",36.3591052988298,50,70,30
"Fri Mar 23 2018 00:00:00 GMT+0530 (India Standard Time)",30.4999929705713,50,70,30
"Mon Mar 26 2018 00:00:00 GMT+0530 (India Standard Time)",29.4371831375973,50,70,30
"Tue Mar 27 2018 00:00:00 GMT+0530 (India Standard Time)",39.4754602363161,50,70,30
"Wed Mar 28 2018 00:00:00 GMT+0530 (India Standard Time)",22.4922026510856,50,70,30
"Mon Apr 02 2018 00:00:00 GMT+0530 (India Standard Time)",48.3846922498283,50,70,30
"Tue Apr 03 2018 00:00:00 GMT+0530 (India Standard Time)",47.7369541722808,50,70,30
"Wed Apr 04 2018 00:00:00 GMT+0530 (India Standard Time)",35.9824885201875,50,70,30
"Thu Apr 05 2018 00:00:00 GMT+0530 (India Standard Time)",52.4848899174157,50,70,30
"Fri Apr 06 2018 00:00:00 GMT+0530 (India Standard Time)",48.4964071774695,50,70,30
"Mon Apr 09 2018 00:00:00 GMT+0530 (India Standard Time)",45.9495470772943,50,70,30
"Tue Apr 10 2018 00:00:00 GMT+0530 (India Standard Time)",47.7154463114935,50,70,30
"Wed Apr 11 2018 00:00:00 GMT+0530 (India Standard Time)",41.6235975185902,50,70,30
"Thu Apr 12 2018 00:00:00 GMT+0530 (India Standard Time)",39.7387872489732,50,70,30
"Fri Apr 13 2018 00:00:00 GMT+0530 (India Standard Time)",39.3517603463359,50,70,30
"Mon Apr 16 2018 00:00:00 GMT+0530 (India Standard Time)",56.7986963002509,50,70,30
"Tue Apr 17 2018 00:00:00 GMT+0530 (India Standard Time)",57.9398642277621,50,70,30
"Wed Apr 18 2018 00:00:00 GMT+0530 (India Standard Time)",56.5464141330279,50,70,30
"Thu Apr 19 2018 00:00:00 GMT+0530 (India Standard Time)",62.7020346279325,50,70,30
"Fri Apr 20 2018 00:00:00 GMT+0530 (India Standard Time)",59.8040817922976,50,70,30
"Mon Apr 23 2018 00:00:00 GMT+0530 (India Standard Time)",47.8460760456495,50,70,30
"Tue Apr 24 2018 00:00:00 GMT+0530 (India Standard Time)",44.7549606186099,50,70,30
"Wed Apr 25 2018 00:00:00 GMT+0530 (India Standard Time)",34.7940127047381,50,70,30
"Thu Apr 26 2018 00:00:00 GMT+0530 (India Standard Time)",40.5845656657131,50,70,30
"Fri Apr 27 2018 00:00:00 GMT+0530 (India Standard Time)",52.9669822530114,50,70,30
"Mon Apr 30 2018 00:00:00 GMT+0530 (India Standard Time)",57.018962836918,50,70,30
"Wed May 02 2018 00:00:00 GMT+0530 (India Standard Time)",58.2519357366143,50,70,30
"Thu May 03 2018 00:00:00 GMT+0530 (India Standard Time)",51.4045304935834,50,70,30
"Fri May 04 2018 00:00:00 GMT+0530 (India Standard Time)",42.0113057067407,50,70,30
"Mon May 07 2018 00:00:00 GMT+0530 (India Standard Time)",44.6704455878961,50,70,30
"Tue May 08 2018 00:00:00 GMT+0530 (India Standard Time)",56.3048022615352,50,70,30
"Wed May 09 2018 00:00:00 GMT+0530 (India Standard Time)",57.8455098196044,50,70,30
"Thu May 10 2018 00:00:00 GMT+0530 (India Standard Time)",56.0033218678554,50,70,30
"Fri May 11 2018 00:00:00 GMT+0530 (India Standard Time)",61.7060135824698,50,70,30
"Mon May 14 2018 00:00:00 GMT+0530 (India Standard Time)",60.9366893697843,50,70,30
"Tue May 15 2018 00:00:00 GMT+0530 (India Standard Time)",49.3133574345998,50,70,30
"Wed May 16 2018 00:00:00 GMT+0530 (India Standard Time)",43.0423769755364,50,70,30
"Thu May 17 2018 00:00:00 GMT+0530 (India Standard Time)",43.9752015002922,50,70,30
"Fri May 18 2018 00:00:00 GMT+0530 (India Standard Time)",29.6990091199545,50,70,30
"Mon May 21 2018 00:00:00 GMT+0530 (India Standard Time)",19.8390868750805,50,70,30
"Tue May 22 2018 00:00:00 GMT+0530 (India Standard Time)",23.785876663731,50,70,30
"Wed May 23 2018 00:00:00 GMT+0530 (India Standard Time)",32.0839702612077,50,70,30
"Thu May 24 2018 00:00:00 GMT+0530 (India Standard Time)",22.7465939004522,50,70,30
"Fri May 25 2018 00:00:00 GMT+0530 (India Standard Time)",30.8490799920781,50,70,30
"Mon May 28 2018 00:00:00 GMT+0530 (India Standard Time)",50.6624893217993,50,70,30
"Tue May 29 2018 00:00:00 GMT+0530 (India Standard Time)",49.2641145864161,50,70,30
"Wed May 30 2018 00:00:00 GMT+0530 (India Standard Time)",40.9313606694234,50,70,30
"Thu May 31 2018 00:00:00 GMT+0530 (India Standard Time)",40.1148308241193,50,70,30
"Fri Jun 01 2018 00:00:00 GMT+0530 (India Standard Time)",34.8735859309203,50,70,30
"Mon Jun 04 2018 00:00:00 GMT+0530 (India Standard Time)",39.8940834313685,50,70,30
"Tue Jun 05 2018 00:00:00 GMT+0530 (India Standard Time)",34.5909692652264,50,70,30
"Wed Jun 06 2018 00:00:00 GMT+0530 (India Standard Time)",42.7506195928167,50,70,30
"Thu Jun 07 2018 00:00:00 GMT+0530 (India Standard Time)",49.7294515247966,50,70,30
"Fri Jun 08 2018 00:00:00 GMT+0530 (India Standard Time)",40.6921606684891,50,70,30
"Mon Jun 11 2018 00:00:00 GMT+0530 (India Standard Time)",53.9024645087346,50,70,30
"Tue Jun 12 2018 00:00:00 GMT+0530 (India Standard Time)",47.7379894622548,50,70,30
"Wed Jun 13 2018 00:00:00 GMT+0530 (India Standard Time)",46.6619370456437,50,70,30
"Thu Jun 14 2018 00:00:00 GMT+0530 (India Standard Time)",46.1287174862839,50,70,30
"Fri Jun 15 2018 00:00:00 GMT+0530 (India Standard Time)",43.009683204439,50,70,30
"Mon Jun 18 2018 00:00:00 GMT+0530 (India Standard Time)",35.6200288233432,50,70,30
"Tue Jun 19 2018 00:00:00 GMT+0530 (India Standard Time)",30.4590072725935,50,70,30
"Wed Jun 20 2018 00:00:00 GMT+0530 (India Standard Time)",37.930387569669,50,70,30
"Thu Jun 21 2018 00:00:00 GMT+0530 (India Standard Time)",34.7311377138809,50,70,30
"Fri Jun 22 2018 00:00:00 GMT+0530 (India Standard Time)",33.7787148256684,50,70,30
"Mon Jun 25 2018 00:00:00 GMT+0530 (India Standard Time)",31.317366984401,50,70,30
"Tue Jun 26 2018 00:00:00 GMT+0530 (India Standard Time)",58.5855523787041,50,70,30
"Wed Jun 27 2018 00:00:00 GMT+0530 (India Standard Time)",50.2288118673981,50,70,30
"Thu Jun 28 2018 00:00:00 GMT+0530 (India Standard Time)",37.6829868752816,50,70,30
"Fri Jun 29 2018 00:00:00 GMT+0530 (India Standard Time)",40.2112559218128,50,70,30
"Mon Jul 02 2018 00:00:00 GMT+0530 (India Standard Time)",31.3758982729475,50,70,30
"Tue Jul 03 2018 00:00:00 GMT+0530 (India Standard Time)",30.796801352498,50,70,30
"Wed Jul 04 2018 00:00:00 GMT+0530 (India Standard Time)",23.6968448981645,50,70,30
"Thu Jul 05 2018 00:00:00 GMT+0530 (India Standard Time)",26.7073461611809,50,70,30
"Fri Jul 06 2018 00:00:00 GMT+0530 (India Standard Time)",43.1099526438521,50,70,30
