"date","rsi","middle","overbought","oversold"
"Wed Aug 09 2017 00:00:00 GMT+0530 (India Standard Time)",8.90190336749639,50,70,30
"Thu Aug 10 2017 00:00:00 GMT+0530 (India Standard Time)",7.05313768253032,50,70,30
"Fri Aug 11 2017 00:00:00 GMT+0530 (India Standard Time)",19.4453242438095,50,70,30
"Mon Aug 14 2017 00:00:00 GMT+0530 (India Standard Time)",19.0455902242768,50,70,30
"Wed Aug 16 2017 00:00:00 GMT+0530 (India Standard Time)",19.7152366356428,50,70,30
"Thu Aug 17 2017 00:00:00 GMT+0530 (India Standard Time)",21.1267466660189,50,70,30
"Fri Aug 18 2017 00:00:00 GMT+0530 (India Standard Time)",19.2254500357424,50,70,30
"Mon Aug 21 2017 00:00:00 GMT+0530 (India Standard Time)",16.2831010020932,50,70,30
"Tue Aug 22 2017 00:00:00 GMT+0530 (India Standard Time)",29.296078764235,50,70,30
"Wed Aug 23 2017 00:00:00 GMT+0530 (India Standard Time)",38.9548732593562,50,70,30
"Thu Aug 24 2017 00:00:00 GMT+0530 (India Standard Time)",48.8157180493953,50,70,30
"Mon Aug 28 2017 00:00:00 GMT+0530 (India Standard Time)",43.3429708893894,50,70,30
"Tue Aug 29 2017 00:00:00 GMT+0530 (India Standard Time)",42.3049632180485,50,70,30
"Wed Aug 30 2017 00:00:00 GMT+0530 (India Standard Time)",41.8098194689045,50,70,30
"Thu Aug 31 2017 00:00:00 GMT+0530 (India Standard Time)",38.8144956220896,50,70,30
"Fri Sep 01 2017 00:00:00 GMT+0530 (India Standard Time)",67.8495238781223,50,70,30
"Mon Sep 04 2017 00:00:00 GMT+0530 (India Standard Time)",63.8578218832748,50,70,30
"Tue Sep 05 2017 00:00:00 GMT+0530 (India Standard Time)",65.3306917225519,50,70,30
"Wed Sep 06 2017 00:00:00 GMT+0530 (India Standard Time)",62.7577776948189,50,70,30
"Thu Sep 07 2017 00:00:00 GMT+0530 (India Standard Time)",66.2677084391324,50,70,30
"Fri Sep 08 2017 00:00:00 GMT+0530 (India Standard Time)",53.3509724497988,50,70,30
"Mon Sep 11 2017 00:00:00 GMT+0530 (India Standard Time)",52.7807255863937,50,70,30
"Tue Sep 12 2017 00:00:00 GMT+0530 (India Standard Time)",53.9635733177115,50,70,30
"Wed Sep 13 2017 00:00:00 GMT+0530 (India Standard Time)",62.8328199958079,50,70,30
"Thu Sep 14 2017 00:00:00 GMT+0530 (India Standard Time)",67.8231509281247,50,70,30
"Fri Sep 15 2017 00:00:00 GMT+0530 (India Standard Time)",57.4096325503167,50,70,30
"Mon Sep 18 2017 00:00:00 GMT+0530 (India Standard Time)",62.2982547557248,50,70,30
"Tue Sep 19 2017 00:00:00 GMT+0530 (India Standard Time)",62.164815846477,50,70,30
"Wed Sep 20 2017 00:00:00 GMT+0530 (India Standard Time)",72.2121998772836,50,70,30
"Thu Sep 21 2017 00:00:00 GMT+0530 (India Standard Time)",83.8428660133988,50,70,30
"Fri Sep 22 2017 00:00:00 GMT+0530 (India Standard Time)",77.5650663917243,50,70,30
"Mon Sep 25 2017 00:00:00 GMT+0530 (India Standard Time)",69.1623187373855,50,70,30
"Tue Sep 26 2017 00:00:00 GMT+0530 (India Standard Time)",60.4821492588889,50,70,30
"Wed Sep 27 2017 00:00:00 GMT+0530 (India Standard Time)",50.1636691679098,50,70,30
"Thu Sep 28 2017 00:00:00 GMT+0530 (India Standard Time)",58.83706796674,50,70,30
"Fri Sep 29 2017 00:00:00 GMT+0530 (India Standard Time)",51.9531556733093,50,70,30
"Tue Oct 03 2017 00:00:00 GMT+0530 (India Standard Time)",52.880393483329,50,70,30
"Wed Oct 04 2017 00:00:00 GMT+0530 (India Standard Time)",59.7421670828919,50,70,30
"Thu Oct 05 2017 00:00:00 GMT+0530 (India Standard Time)",59.9426033571412,50,70,30
"Fri Oct 06 2017 00:00:00 GMT+0530 (India Standard Time)",57.1266062622768,50,70,30
"Mon Oct 09 2017 00:00:00 GMT+0530 (India Standard Time)",62.2228485626619,50,70,30
"Tue Oct 10 2017 00:00:00 GMT+0530 (India Standard Time)",62.5948331593493,50,70,30
"Wed Oct 11 2017 00:00:00 GMT+0530 (India Standard Time)",52.7970439976758,50,70,30
"Thu Oct 12 2017 00:00:00 GMT+0530 (India Standard Time)",54.4142713190475,50,70,30
"Fri Oct 13 2017 00:00:00 GMT+0530 (India Standard Time)",48.1369885975022,50,70,30
"Mon Oct 16 2017 00:00:00 GMT+0530 (India Standard Time)",58.7421768728105,50,70,30
"Tue Oct 17 2017 00:00:00 GMT+0530 (India Standard Time)",53.0859964768017,50,70,30
"Wed Oct 18 2017 00:00:00 GMT+0530 (India Standard Time)",54.0200482014803,50,70,30
"Thu Oct 19 2017 00:00:00 GMT+0530 (India Standard Time)",50.4835141035291,50,70,30
"Mon Oct 23 2017 00:00:00 GMT+0530 (India Standard Time)",48.4534080227167,50,70,30
"Tue Oct 24 2017 00:00:00 GMT+0530 (India Standard Time)",47.6306852859309,50,70,30
"Wed Oct 25 2017 00:00:00 GMT+0530 (India Standard Time)",42.7675838544763,50,70,30
"Thu Oct 26 2017 00:00:00 GMT+0530 (India Standard Time)",41.2886265405712,50,70,30
"Fri Oct 27 2017 00:00:00 GMT+0530 (India Standard Time)",59.4722181374454,50,70,30
"Mon Oct 30 2017 00:00:00 GMT+0530 (India Standard Time)",69.005251189539,50,70,30
"Tue Oct 31 2017 00:00:00 GMT+0530 (India Standard Time)",64.8239282933436,50,70,30
"Wed Nov 01 2017 00:00:00 GMT+0530 (India Standard Time)",43.2289760016428,50,70,30
"Thu Nov 02 2017 00:00:00 GMT+0530 (India Standard Time)",56.2397343429683,50,70,30
"Fri Nov 03 2017 00:00:00 GMT+0530 (India Standard Time)",57.7439408985268,50,70,30
"Mon Nov 06 2017 00:00:00 GMT+0530 (India Standard Time)",50.7281303223316,50,70,30
"Tue Nov 07 2017 00:00:00 GMT+0530 (India Standard Time)",47.2151833355597,50,70,30
"Wed Nov 08 2017 00:00:00 GMT+0530 (India Standard Time)",40.1465748262909,50,70,30
"Thu Nov 09 2017 00:00:00 GMT+0530 (India Standard Time)",46.998694463501,50,70,30
"Fri Nov 10 2017 00:00:00 GMT+0530 (India Standard Time)",41.7740946039048,50,70,30
"Mon Nov 13 2017 00:00:00 GMT+0530 (India Standard Time)",40.8901299691168,50,70,30
"Tue Nov 14 2017 00:00:00 GMT+0530 (India Standard Time)",35.4039159943722,50,70,30
"Wed Nov 15 2017 00:00:00 GMT+0530 (India Standard Time)",33.2112311331657,50,70,30
"Thu Nov 16 2017 00:00:00 GMT+0530 (India Standard Time)",42.6582275651468,50,70,30
"Fri Nov 17 2017 00:00:00 GMT+0530 (India Standard Time)",39.6314763029146,50,70,30
"Mon Nov 20 2017 00:00:00 GMT+0530 (India Standard Time)",29.1407646900574,50,70,30
"Tue Nov 21 2017 00:00:00 GMT+0530 (India Standard Time)",59.7229340853571,50,70,30
"Wed Nov 22 2017 00:00:00 GMT+0530 (India Standard Time)",52.4174901240853,50,70,30
"Thu Nov 23 2017 00:00:00 GMT+0530 (India Standard Time)",42.6437119414549,50,70,30
"Fri Nov 24 2017 00:00:00 GMT+0530 (India Standard Time)",40.8349344344452,50,70,30
"Mon Nov 27 2017 00:00:00 GMT+0530 (India Standard Time)",40.7903731481403,50,70,30
"Tue Nov 28 2017 00:00:00 GMT+0530 (India Standard Time)",40.004580286077,50,70,30
"Wed Nov 29 2017 00:00:00 GMT+0530 (India Standard Time)",37.0288533427866,50,70,30
"Thu Nov 30 2017 00:00:00 GMT+0530 (India Standard Time)",39.6904148135873,50,70,30
"Fri Dec 01 2017 00:00:00 GMT+0530 (India Standard Time)",29.6784907185932,50,70,30
"Mon Dec 04 2017 00:00:00 GMT+0530 (India Standard Time)",32.9844927406505,50,70,30
"Tue Dec 05 2017 00:00:00 GMT+0530 (India Standard Time)",27.2392266272957,50,70,30
"Wed Dec 06 2017 00:00:00 GMT+0530 (India Standard Time)",25.8034851566541,50,70,30
"Thu Dec 07 2017 00:00:00 GMT+0530 (India Standard Time)",25.1596515586104,50,70,30
"Fri Dec 08 2017 00:00:00 GMT+0530 (India Standard Time)",23.2634557898663,50,70,30
"Mon Dec 11 2017 00:00:00 GMT+0530 (India Standard Time)",27.5685570379061,50,70,30
"Tue Dec 12 2017 00:00:00 GMT+0530 (India Standard Time)",53.3098234424397,50,70,30
"Wed Dec 13 2017 00:00:00 GMT+0530 (India Standard Time)",54.5865354541586,50,70,30
"Thu Dec 14 2017 00:00:00 GMT+0530 (India Standard Time)",66.6639854394153,50,70,30
"Fri Dec 15 2017 00:00:00 GMT+0530 (India Standard Time)",75.7348181844268,50,70,30
"Mon Dec 18 2017 00:00:00 GMT+0530 (India Standard Time)",78.3588495004417,50,70,30
"Tue Dec 19 2017 00:00:00 GMT+0530 (India Standard Time)",78.8638637382883,50,70,30
"Wed Dec 20 2017 00:00:00 GMT+0530 (India Standard Time)",62.5762500234225,50,70,30
"Thu Dec 21 2017 00:00:00 GMT+0530 (India Standard Time)",61.1524760926518,50,70,30
"Fri Dec 22 2017 00:00:00 GMT+0530 (India Standard Time)",54.7139888803004,50,70,30
"Tue Dec 26 2017 00:00:00 GMT+0530 (India Standard Time)",61.4917410318682,50,70,30
"Wed Dec 27 2017 00:00:00 GMT+0530 (India Standard Time)",69.200210818669,50,70,30
"Thu Dec 28 2017 00:00:00 GMT+0530 (India Standard Time)",73.7090516776392,50,70,30
"Fri Dec 29 2017 00:00:00 GMT+0530 (India Standard Time)",67.6316789010525,50,70,30
"Mon Jan 01 2018 00:00:00 GMT+0530 (India Standard Time)",63.7725798960659,50,70,30
"Tue Jan 02 2018 00:00:00 GMT+0530 (India Standard Time)",64.9327215936087,50,70,30
"Wed Jan 03 2018 00:00:00 GMT+0530 (India Standard Time)",42.8981090358067,50,70,30
"Thu Jan 04 2018 00:00:00 GMT+0530 (India Standard Time)",59.2268128578486,50,70,30
"Fri Jan 05 2018 00:00:00 GMT+0530 (India Standard Time)",68.3357584306717,50,70,30
"Mon Jan 08 2018 00:00:00 GMT+0530 (India Standard Time)",68.7475721021581,50,70,30
"Tue Jan 09 2018 00:00:00 GMT+0530 (India Standard Time)",63.1776288555275,50,70,30
"Wed Jan 10 2018 00:00:00 GMT+0530 (India Standard Time)",54.504672254546,50,70,30
"Thu Jan 11 2018 00:00:00 GMT+0530 (India Standard Time)",54.3835338866213,50,70,30
"Fri Jan 12 2018 00:00:00 GMT+0530 (India Standard Time)",59.5269764182107,50,70,30
"Mon Jan 15 2018 00:00:00 GMT+0530 (India Standard Time)",54.4738464941489,50,70,30
"Tue Jan 16 2018 00:00:00 GMT+0530 (India Standard Time)",62.9151322250476,50,70,30
"Wed Jan 17 2018 00:00:00 GMT+0530 (India Standard Time)",67.2984276022549,50,70,30
"Thu Jan 18 2018 00:00:00 GMT+0530 (India Standard Time)",57.0907816465494,50,70,30
"Fri Jan 19 2018 00:00:00 GMT+0530 (India Standard Time)",63.211081871625,50,70,30
"Mon Jan 22 2018 00:00:00 GMT+0530 (India Standard Time)",64.4678003353272,50,70,30
"Tue Jan 23 2018 00:00:00 GMT+0530 (India Standard Time)",69.1459841139937,50,70,30
"Wed Jan 24 2018 00:00:00 GMT+0530 (India Standard Time)",75.2854662154021,50,70,30
"Thu Jan 25 2018 00:00:00 GMT+0530 (India Standard Time)",57.7311513699892,50,70,30
"Mon Jan 29 2018 00:00:00 GMT+0530 (India Standard Time)",32.3473007767975,50,70,30
"Tue Jan 30 2018 00:00:00 GMT+0530 (India Standard Time)",27.6099470215232,50,70,30
"Wed Jan 31 2018 00:00:00 GMT+0530 (India Standard Time)",21.7746387170201,50,70,30
"Thu Feb 01 2018 00:00:00 GMT+0530 (India Standard Time)",18.0939572408241,50,70,30
"Fri Feb 02 2018 00:00:00 GMT+0530 (India Standard Time)",16.4558440986636,50,70,30
"Mon Feb 05 2018 00:00:00 GMT+0530 (India Standard Time)",16.110931104216,50,70,30
"Tue Feb 06 2018 00:00:00 GMT+0530 (India Standard Time)",15.0379313674847,50,70,30
"Wed Feb 07 2018 00:00:00 GMT+0530 (India Standard Time)",19.6959441857834,50,70,30
"Thu Feb 08 2018 00:00:00 GMT+0530 (India Standard Time)",37.1750650751672,50,70,30
"Fri Feb 09 2018 00:00:00 GMT+0530 (India Standard Time)",40.0843603113045,50,70,30
"Mon Feb 12 2018 00:00:00 GMT+0530 (India Standard Time)",42.4897419749677,50,70,30
"Wed Feb 14 2018 00:00:00 GMT+0530 (India Standard Time)",38.8791668257166,50,70,30
"Thu Feb 15 2018 00:00:00 GMT+0530 (India Standard Time)",42.257200855708,50,70,30
"Fri Feb 16 2018 00:00:00 GMT+0530 (India Standard Time)",47.0519002497674,50,70,30
"Mon Feb 19 2018 00:00:00 GMT+0530 (India Standard Time)",35.318104078466,50,70,30
"Tue Feb 20 2018 00:00:00 GMT+0530 (India Standard Time)",38.658963905348,50,70,30
"Wed Feb 21 2018 00:00:00 GMT+0530 (India Standard Time)",39.3569726857741,50,70,30
"Thu Feb 22 2018 00:00:00 GMT+0530 (India Standard Time)",31.5432311681179,50,70,30
"Fri Feb 23 2018 00:00:00 GMT+0530 (India Standard Time)",44.5822021945266,50,70,30
"Mon Feb 26 2018 00:00:00 GMT+0530 (India Standard Time)",51.1667740661618,50,70,30
"Tue Feb 27 2018 00:00:00 GMT+0530 (India Standard Time)",59.8503172428394,50,70,30
"Wed Feb 28 2018 00:00:00 GMT+0530 (India Standard Time)",60.0928540695896,50,70,30
"Thu Mar 01 2018 00:00:00 GMT+0530 (India Standard Time)",58.2259671094574,50,70,30
"Mon Mar 05 2018 00:00:00 GMT+0530 (India Standard Time)",44.242304105835,50,70,30
"Tue Mar 06 2018 00:00:00 GMT+0530 (India Standard Time)",43.2148407084905,50,70,30
"Wed Mar 07 2018 00:00:00 GMT+0530 (India Standard Time)",37.0815997833489,50,70,30
"Thu Mar 08 2018 00:00:00 GMT+0530 (India Standard Time)",35.7304877578116,50,70,30
"Fri Mar 09 2018 00:00:00 GMT+0530 (India Standard Time)",32.7339402453347,50,70,30
"Mon Mar 12 2018 00:00:00 GMT+0530 (India Standard Time)",40.609558289031,50,70,30
"Tue Mar 13 2018 00:00:00 GMT+0530 (India Standard Time)",52.1704026285374,50,70,30
"Wed Mar 14 2018 00:00:00 GMT+0530 (India Standard Time)",52.1527080680352,50,70,30
"Thu Mar 15 2018 00:00:00 GMT+0530 (India Standard Time)",52.6346531669885,50,70,30
"Fri Mar 16 2018 00:00:00 GMT+0530 (India Standard Time)",38.6176153253574,50,70,30
"Mon Mar 19 2018 00:00:00 GMT+0530 (India Standard Time)",33.0410690869512,50,70,30
"Tue Mar 20 2018 00:00:00 GMT+0530 (India Standard Time)",47.6350145262515,50,70,30
"Wed Mar 21 2018 00:00:00 GMT+0530 (India Standard Time)",43.1411171261135,50,70,30
"Thu Mar 22 2018 00:00:00 GMT+0530 (India Standard Time)",34.9229700069544,50,70,30
"Fri Mar 23 2018 00:00:00 GMT+0530 (India Standard Time)",28.2340046411989,50,70,30
"Mon Mar 26 2018 00:00:00 GMT+0530 (India Standard Time)",39.9248813774365,50,70,30
"Tue Mar 27 2018 00:00:00 GMT+0530 (India Standard Time)",39.5612853704212,50,70,30
"Wed Mar 28 2018 00:00:00 GMT+0530 (India Standard Time)",34.4469770135415,50,70,30
"Mon Apr 02 2018 00:00:00 GMT+0530 (India Standard Time)",51.4822654502582,50,70,30
"Tue Apr 03 2018 00:00:00 GMT+0530 (India Standard Time)",49.4128467199829,50,70,30
"Wed Apr 04 2018 00:00:00 GMT+0530 (India Standard Time)",40.6422575724995,50,70,30
"Thu Apr 05 2018 00:00:00 GMT+0530 (India Standard Time)",47.0226638723505,50,70,30
"Fri Apr 06 2018 00:00:00 GMT+0530 (India Standard Time)",51.2292754753088,50,70,30
"Mon Apr 09 2018 00:00:00 GMT+0530 (India Standard Time)",50.0412489649841,50,70,30
"Tue Apr 10 2018 00:00:00 GMT+0530 (India Standard Time)",46.8126660699306,50,70,30
"Wed Apr 11 2018 00:00:00 GMT+0530 (India Standard Time)",42.8393062632712,50,70,30
"Thu Apr 12 2018 00:00:00 GMT+0530 (India Standard Time)",31.8424207512164,50,70,30
"Fri Apr 13 2018 00:00:00 GMT+0530 (India Standard Time)",43.9948336893493,50,70,30
"Mon Apr 16 2018 00:00:00 GMT+0530 (India Standard Time)",48.4925402107102,50,70,30
"Tue Apr 17 2018 00:00:00 GMT+0530 (India Standard Time)",49.6496253522946,50,70,30
"Wed Apr 18 2018 00:00:00 GMT+0530 (India Standard Time)",48.0816984739014,50,70,30
"Thu Apr 19 2018 00:00:00 GMT+0530 (India Standard Time)",60.7790794567947,50,70,30
"Fri Apr 20 2018 00:00:00 GMT+0530 (India Standard Time)",54.3994514668343,50,70,30
"Mon Apr 23 2018 00:00:00 GMT+0530 (India Standard Time)",59.0954788016052,50,70,30
"Tue Apr 24 2018 00:00:00 GMT+0530 (India Standard Time)",63.7080111906961,50,70,30
"Wed Apr 25 2018 00:00:00 GMT+0530 (India Standard Time)",49.5199172875413,50,70,30
"Thu Apr 26 2018 00:00:00 GMT+0530 (India Standard Time)",37.2637786062268,50,70,30
"Fri Apr 27 2018 00:00:00 GMT+0530 (India Standard Time)",45.2106191984537,50,70,30
"Mon Apr 30 2018 00:00:00 GMT+0530 (India Standard Time)",49.4850932996518,50,70,30
"Wed May 02 2018 00:00:00 GMT+0530 (India Standard Time)",52.4395732842002,50,70,30
"Thu May 03 2018 00:00:00 GMT+0530 (India Standard Time)",53.5287669870425,50,70,30
"Fri May 04 2018 00:00:00 GMT+0530 (India Standard Time)",47.2817735578499,50,70,30
"Mon May 07 2018 00:00:00 GMT+0530 (India Standard Time)",35.1658039733574,50,70,30
"Tue May 08 2018 00:00:00 GMT+0530 (India Standard Time)",37.864623533335,50,70,30
"Wed May 09 2018 00:00:00 GMT+0530 (India Standard Time)",34.6296203020851,50,70,30
"Thu May 10 2018 00:00:00 GMT+0530 (India Standard Time)",20.4283420841738,50,70,30
"Fri May 11 2018 00:00:00 GMT+0530 (India Standard Time)",20.8791069990601,50,70,30
"Mon May 14 2018 00:00:00 GMT+0530 (India Standard Time)",33.9507830333174,50,70,30
"Tue May 15 2018 00:00:00 GMT+0530 (India Standard Time)",31.8873889200799,50,70,30
"Wed May 16 2018 00:00:00 GMT+0530 (India Standard Time)",28.7194442293387,50,70,30
"Thu May 17 2018 00:00:00 GMT+0530 (India Standard Time)",25.3624948058805,50,70,30
"Fri May 18 2018 00:00:00 GMT+0530 (India Standard Time)",28.1596562428232,50,70,30
"Mon May 21 2018 00:00:00 GMT+0530 (India Standard Time)",15.7047003687735,50,70,30
"Tue May 22 2018 00:00:00 GMT+0530 (India Standard Time)",49.4843444730692,50,70,30
"Wed May 23 2018 00:00:00 GMT+0530 (India Standard Time)",40.5879045132532,50,70,30
"Thu May 24 2018 00:00:00 GMT+0530 (India Standard Time)",44.4661457129736,50,70,30
"Fri May 25 2018 00:00:00 GMT+0530 (India Standard Time)",43.566406145292,50,70,30
"Mon May 28 2018 00:00:00 GMT+0530 (India Standard Time)",49.7129689128307,50,70,30
"Tue May 29 2018 00:00:00 GMT+0530 (India Standard Time)",46.6705175226165,50,70,30
"Wed May 30 2018 00:00:00 GMT+0530 (India Standard Time)",42.5684593273616,50,70,30
"Thu May 31 2018 00:00:00 GMT+0530 (India Standard Time)",37.4979316558046,50,70,30
"Fri Jun 01 2018 00:00:00 GMT+0530 (India Standard Time)",39.0924336808299,50,70,30
"Mon Jun 04 2018 00:00:00 GMT+0530 (India Standard Time)",54.3706928323181,50,70,30
"Tue Jun 05 2018 00:00:00 GMT+0530 (India Standard Time)",46.3592318650946,50,70,30
"Wed Jun 06 2018 00:00:00 GMT+0530 (India Standard Time)",45.6567992970891,50,70,30
"Thu Jun 07 2018 00:00:00 GMT+0530 (India Standard Time)",47.0684315590601,50,70,30
"Fri Jun 08 2018 00:00:00 GMT+0530 (India Standard Time)",67.9669205175609,50,70,30
"Mon Jun 11 2018 00:00:00 GMT+0530 (India Standard Time)",70.7304009903005,50,70,30
"Tue Jun 12 2018 00:00:00 GMT+0530 (India Standard Time)",80.8305175404595,50,70,30
"Wed Jun 13 2018 00:00:00 GMT+0530 (India Standard Time)",84.5813813606732,50,70,30
"Thu Jun 14 2018 00:00:00 GMT+0530 (India Standard Time)",85.246062448291,50,70,30
"Fri Jun 15 2018 00:00:00 GMT+0530 (India Standard Time)",88.6983829167381,50,70,30
"Mon Jun 18 2018 00:00:00 GMT+0530 (India Standard Time)",89.9166246055574,50,70,30
"Tue Jun 19 2018 00:00:00 GMT+0530 (India Standard Time)",90.1597063667507,50,70,30
"Wed Jun 20 2018 00:00:00 GMT+0530 (India Standard Time)",82.0953747971163,50,70,30
"Thu Jun 21 2018 00:00:00 GMT+0530 (India Standard Time)",67.8538266004135,50,70,30
"Fri Jun 22 2018 00:00:00 GMT+0530 (India Standard Time)",70.1625316621221,50,70,30
"Mon Jun 25 2018 00:00:00 GMT+0530 (India Standard Time)",58.8387621586185,50,70,30
"Tue Jun 26 2018 00:00:00 GMT+0530 (India Standard Time)",53.8368060805889,50,70,30
"Wed Jun 27 2018 00:00:00 GMT+0530 (India Standard Time)",58.5480792827961,50,70,30
"Thu Jun 28 2018 00:00:00 GMT+0530 (India Standard Time)",58.9021959451834,50,70,30
"Fri Jun 29 2018 00:00:00 GMT+0530 (India Standard Time)",45.0724340782577,50,70,30
"Mon Jul 02 2018 00:00:00 GMT+0530 (India Standard Time)",46.341707396327,50,70,30
"Tue Jul 03 2018 00:00:00 GMT+0530 (India Standard Time)",54.0608072669799,50,70,30
"Wed Jul 04 2018 00:00:00 GMT+0530 (India Standard Time)",62.2267272808948,50,70,30
"Thu Jul 05 2018 00:00:00 GMT+0530 (India Standard Time)",57.2095240732454,50,70,30
"Fri Jul 06 2018 00:00:00 GMT+0530 (India Standard Time)",49.8318655427079,50,70,30
"Mon Jul 09 2018 00:00:00 GMT+0530 (India Standard Time)",61.6053903402199,50,70,30
"Tue Jul 10 2018 00:00:00 GMT+0530 (India Standard Time)",59.4416683181997,50,70,30
"Wed Jul 11 2018 00:00:00 GMT+0530 (India Standard Time)",53.9733928267076,50,70,30
"Thu Jul 12 2018 00:00:00 GMT+0530 (India Standard Time)",64.3050876510866,50,70,30
"Fri Jul 13 2018 00:00:00 GMT+0530 (India Standard Time)",54.8075560914987,50,70,30
"Tue Jul 17 2018 00:00:00 GMT+0530 (India Standard Time)",25.3752231737822,50,70,30
"Wed Jul 18 2018 00:00:00 GMT+0530 (India Standard Time)",25.4387475332463,50,70,30
"Thu Jul 19 2018 00:00:00 GMT+0530 (India Standard Time)",23.0780825065042,50,70,30
