"date","williams","middle","overbought","oversold"
"Tue Jan 16 2018 00:00:00 GMT+0530 (India Standard Time)",6.48484848484844,50,80,20
"Wed Jan 17 2018 00:00:00 GMT+0530 (India Standard Time)",24.0058910162004,50,80,20
"Thu Jan 18 2018 00:00:00 GMT+0530 (India Standard Time)",9.27835051546399,50,80,20
"Fri Jan 19 2018 00:00:00 GMT+0530 (India Standard Time)",28.7187039764359,50,80,20
"Mon Jan 22 2018 00:00:00 GMT+0530 (India Standard Time)",20.225822287678,50,80,20
"Tue Jan 23 2018 00:00:00 GMT+0530 (India Standard Time)",43.6311239193083,50,80,20
"Wed Jan 24 2018 00:00:00 GMT+0530 (India Standard Time)",52.521283562541,50,80,20
"Thu Jan 25 2018 00:00:00 GMT+0530 (India Standard Time)",82.2242479489518,50,80,20
"Mon Jan 29 2018 00:00:00 GMT+0530 (India Standard Time)",96.2092494313874,50,80,20
"Tue Jan 30 2018 00:00:00 GMT+0530 (India Standard Time)",87.4271440466278,50,80,20
"Wed Jan 31 2018 00:00:00 GMT+0530 (India Standard Time)",81.5581482875424,50,80,20
"Thu Feb 01 2018 00:00:00 GMT+0530 (India Standard Time)",82.1226947685359,50,80,20
"Fri Feb 02 2018 00:00:00 GMT+0530 (India Standard Time)",64.6970267218668,50,80,20
"Mon Feb 05 2018 00:00:00 GMT+0530 (India Standard Time)",65.3744824990591,50,80,20
"Tue Feb 06 2018 00:00:00 GMT+0530 (India Standard Time)",50.8844561535567,50,80,20
"Wed Feb 07 2018 00:00:00 GMT+0530 (India Standard Time)",57.3955589010162,50,80,20
"Thu Feb 08 2018 00:00:00 GMT+0530 (India Standard Time)",21.3398569815582,50,80,20
"Fri Feb 09 2018 00:00:00 GMT+0530 (India Standard Time)",8.24237862250658,50,80,20
"Mon Feb 12 2018 00:00:00 GMT+0530 (India Standard Time)",8.99510726383145,50,80,20
"Wed Feb 14 2018 00:00:00 GMT+0530 (India Standard Time)",5.83364697026726,50,80,20
"Thu Feb 15 2018 00:00:00 GMT+0530 (India Standard Time)",4.77982687241254,50,80,20
"Fri Feb 16 2018 00:00:00 GMT+0530 (India Standard Time)",1.39359698681734,50,80,20
"Mon Feb 19 2018 00:00:00 GMT+0530 (India Standard Time)",4.21227197346595,50,80,20
"Tue Feb 20 2018 00:00:00 GMT+0530 (India Standard Time)",1.61812297734628,50,80,20
"Wed Feb 21 2018 00:00:00 GMT+0530 (India Standard Time)",9.24499229583976,50,80,20
"Thu Feb 22 2018 00:00:00 GMT+0530 (India Standard Time)",3.83463151587778,50,80,20
"Fri Feb 23 2018 00:00:00 GMT+0530 (India Standard Time)",11.6237267825045,50,80,20
"Mon Feb 26 2018 00:00:00 GMT+0530 (India Standard Time)",24.0563211503895,50,80,20
"Tue Feb 27 2018 00:00:00 GMT+0530 (India Standard Time)",25.1947273816657,50,80,20
"Wed Feb 28 2018 00:00:00 GMT+0530 (India Standard Time)",27.9508687837029,50,80,20
"Thu Mar 01 2018 00:00:00 GMT+0530 (India Standard Time)",33.8856400259909,50,80,20
"Mon Mar 05 2018 00:00:00 GMT+0530 (India Standard Time)",33.4170854271357,50,80,20
"Tue Mar 06 2018 00:00:00 GMT+0530 (India Standard Time)",42.4743892828999,50,80,20
"Wed Mar 07 2018 00:00:00 GMT+0530 (India Standard Time)",38.1921824104234,50,80,20
"Thu Mar 08 2018 00:00:00 GMT+0530 (India Standard Time)",43.6889250814333,50,80,20
"Fri Mar 09 2018 00:00:00 GMT+0530 (India Standard Time)",77.3009950248756,50,80,20
"Mon Mar 12 2018 00:00:00 GMT+0530 (India Standard Time)",94.3396226415094,50,80,20
"Tue Mar 13 2018 00:00:00 GMT+0530 (India Standard Time)",90.3559127439725,50,80,20
"Wed Mar 14 2018 00:00:00 GMT+0530 (India Standard Time)",65.8247225411405,50,80,20
"Thu Mar 15 2018 00:00:00 GMT+0530 (India Standard Time)",44.8909299655569,50,80,20
"Fri Mar 16 2018 00:00:00 GMT+0530 (India Standard Time)",16.9536930730961,50,80,20
"Mon Mar 19 2018 00:00:00 GMT+0530 (India Standard Time)",6.23973727422005,50,80,20
"Tue Mar 20 2018 00:00:00 GMT+0530 (India Standard Time)",3.69276218611521,50,80,20
"Wed Mar 21 2018 00:00:00 GMT+0530 (India Standard Time)",5.42420027816409,50,80,20
"Thu Mar 22 2018 00:00:00 GMT+0530 (India Standard Time)",1.62381596752367,50,80,20
"Fri Mar 23 2018 00:00:00 GMT+0530 (India Standard Time)",9.28829915560916,50,80,20
"Mon Mar 26 2018 00:00:00 GMT+0530 (India Standard Time)",6.76959619952493,50,80,20
"Tue Mar 27 2018 00:00:00 GMT+0530 (India Standard Time)",24.9406175771972,50,80,20
"Wed Mar 28 2018 00:00:00 GMT+0530 (India Standard Time)",29.0973871733967,50,80,20
"Mon Apr 02 2018 00:00:00 GMT+0530 (India Standard Time)",14.4893111638955,50,80,20
"Tue Apr 03 2018 00:00:00 GMT+0530 (India Standard Time)",23.2779097387174,50,80,20
"Wed Apr 04 2018 00:00:00 GMT+0530 (India Standard Time)",16.1520190023753,50,80,20
"Thu Apr 05 2018 00:00:00 GMT+0530 (India Standard Time)",21.852731591449,50,80,20
"Fri Apr 06 2018 00:00:00 GMT+0530 (India Standard Time)",23.5154394299288,50,80,20
"Mon Apr 09 2018 00:00:00 GMT+0530 (India Standard Time)",36.6983372921616,50,80,20
"Tue Apr 10 2018 00:00:00 GMT+0530 (India Standard Time)",35.5106888361046,50,80,20
"Wed Apr 11 2018 00:00:00 GMT+0530 (India Standard Time)",7.12589073634204,50,80,20
"Thu Apr 12 2018 00:00:00 GMT+0530 (India Standard Time)",19.9138858988159,50,80,20
"Fri Apr 13 2018 00:00:00 GMT+0530 (India Standard Time)",18.5401459854014,50,80,20
"Mon Apr 16 2018 00:00:00 GMT+0530 (India Standard Time)",17.910447761194,50,80,20
"Tue Apr 17 2018 00:00:00 GMT+0530 (India Standard Time)",31.9066147859922,50,80,20
"Wed Apr 18 2018 00:00:00 GMT+0530 (India Standard Time)",26.6816143497757,50,80,20
"Thu Apr 19 2018 00:00:00 GMT+0530 (India Standard Time)",3.90946502057608,50,80,20
"Fri Apr 20 2018 00:00:00 GMT+0530 (India Standard Time)",13.6456211812627,50,80,20
"Mon Apr 23 2018 00:00:00 GMT+0530 (India Standard Time)",20.162932790224,50,80,20
"Tue Apr 24 2018 00:00:00 GMT+0530 (India Standard Time)",25.6619144602852,50,80,20
"Wed Apr 25 2018 00:00:00 GMT+0530 (India Standard Time)",15.6822810590631,50,80,20
"Thu Apr 26 2018 00:00:00 GMT+0530 (India Standard Time)",17.9226069246436,50,80,20
"Fri Apr 27 2018 00:00:00 GMT+0530 (India Standard Time)",25.050916496945,50,80,20
"Mon Apr 30 2018 00:00:00 GMT+0530 (India Standard Time)",22.6069246435846,50,80,20
"Wed May 02 2018 00:00:00 GMT+0530 (India Standard Time)",17.9226069246436,50,80,20
"Thu May 03 2018 00:00:00 GMT+0530 (India Standard Time)",20.162932790224,50,80,20
"Fri May 04 2018 00:00:00 GMT+0530 (India Standard Time)",19.3482688391039,50,80,20
"Mon May 07 2018 00:00:00 GMT+0530 (India Standard Time)",30.7535641547862,50,80,20
"Tue May 08 2018 00:00:00 GMT+0530 (India Standard Time)",39.918533604888,50,80,20
"Wed May 09 2018 00:00:00 GMT+0530 (India Standard Time)",50.3614457831325,50,80,20
"Thu May 10 2018 00:00:00 GMT+0530 (India Standard Time)",82.0512820512819,50,80,20
"Fri May 11 2018 00:00:00 GMT+0530 (India Standard Time)",75.5351681957187,50,80,20
"Mon May 14 2018 00:00:00 GMT+0530 (India Standard Time)",68.731563421829,50,80,20
"Tue May 15 2018 00:00:00 GMT+0530 (India Standard Time)",61.6519174041298,50,80,20
"Wed May 16 2018 00:00:00 GMT+0530 (India Standard Time)",54.2772861356932,50,80,20
"Thu May 17 2018 00:00:00 GMT+0530 (India Standard Time)",47.1976401179941,50,80,20
"Fri May 18 2018 00:00:00 GMT+0530 (India Standard Time)",41.0029498525073,50,80,20
"Mon May 21 2018 00:00:00 GMT+0530 (India Standard Time)",44.6601941747574,50,80,20
"Tue May 22 2018 00:00:00 GMT+0530 (India Standard Time)",16.7192429022082,50,80,20
"Wed May 23 2018 00:00:00 GMT+0530 (India Standard Time)",4.0380047505938,50,80,20
"Thu May 24 2018 00:00:00 GMT+0530 (India Standard Time)",21.2389380530974,50,80,20
"Fri May 25 2018 00:00:00 GMT+0530 (India Standard Time)",54.646017699115,50,80,20
"Mon May 28 2018 00:00:00 GMT+0530 (India Standard Time)",74.7104247104247,50,80,20
"Tue May 29 2018 00:00:00 GMT+0530 (India Standard Time)",82.4324324324324,50,80,20
"Wed May 30 2018 00:00:00 GMT+0530 (India Standard Time)",76.0617760617761,50,80,20
"Thu May 31 2018 00:00:00 GMT+0530 (India Standard Time)",88.8030888030888,50,80,20
"Fri Jun 01 2018 00:00:00 GMT+0530 (India Standard Time)",82.046332046332,50,80,20
"Mon Jun 04 2018 00:00:00 GMT+0530 (India Standard Time)",87.6447876447877,50,80,20
"Tue Jun 05 2018 00:00:00 GMT+0530 (India Standard Time)",88.2239382239382,50,80,20
"Wed Jun 06 2018 00:00:00 GMT+0530 (India Standard Time)",91.8918918918919,50,80,20
"Thu Jun 07 2018 00:00:00 GMT+0530 (India Standard Time)",91.5057915057915,50,80,20
"Fri Jun 08 2018 00:00:00 GMT+0530 (India Standard Time)",92.2779922779923,50,80,20
"Mon Jun 11 2018 00:00:00 GMT+0530 (India Standard Time)",84.9420849420849,50,80,20
"Tue Jun 12 2018 00:00:00 GMT+0530 (India Standard Time)",88.996138996139,50,80,20
"Wed Jun 13 2018 00:00:00 GMT+0530 (India Standard Time)",92.6640926640926,50,80,20
"Thu Jun 14 2018 00:00:00 GMT+0530 (India Standard Time)",78.957528957529,50,80,20
"Fri Jun 15 2018 00:00:00 GMT+0530 (India Standard Time)",64.2857142857143,50,80,20
"Mon Jun 18 2018 00:00:00 GMT+0530 (India Standard Time)",87.3563218390805,50,80,20
"Tue Jun 19 2018 00:00:00 GMT+0530 (India Standard Time)",67.0498084291188,50,80,20
"Wed Jun 20 2018 00:00:00 GMT+0530 (India Standard Time)",54.7892720306514,50,80,20
"Thu Jun 21 2018 00:00:00 GMT+0530 (India Standard Time)",66.2621359223301,50,80,20
"Fri Jun 22 2018 00:00:00 GMT+0530 (India Standard Time)",46.8634686346864,50,80,20
"Mon Jun 25 2018 00:00:00 GMT+0530 (India Standard Time)",27.3062730627306,50,80,20
"Tue Jun 26 2018 00:00:00 GMT+0530 (India Standard Time)",23.2472324723248,50,80,20
"Wed Jun 27 2018 00:00:00 GMT+0530 (India Standard Time)",4.6460176991151,50,80,20
"Thu Jun 28 2018 00:00:00 GMT+0530 (India Standard Time)",15.9926470588235,50,80,20
"Fri Jun 29 2018 00:00:00 GMT+0530 (India Standard Time)",22.0588235294118,50,80,20
"Mon Jul 02 2018 00:00:00 GMT+0530 (India Standard Time)",13.6029411764706,50,80,20
"Tue Jul 03 2018 00:00:00 GMT+0530 (India Standard Time)",19.4852941176471,50,80,20
"Wed Jul 04 2018 00:00:00 GMT+0530 (India Standard Time)",19.3014705882353,50,80,20
"Thu Jul 05 2018 00:00:00 GMT+0530 (India Standard Time)",18.3823529411765,50,80,20
"Fri Jul 06 2018 00:00:00 GMT+0530 (India Standard Time)",24.6323529411764,50,80,20
"Mon Jul 09 2018 00:00:00 GMT+0530 (India Standard Time)",26.8382352941177,50,80,20
"Tue Jul 10 2018 00:00:00 GMT+0530 (India Standard Time)",19.3014705882353,50,80,20
"Wed Jul 11 2018 00:00:00 GMT+0530 (India Standard Time)",16.7279411764706,50,80,20
"Thu Jul 12 2018 00:00:00 GMT+0530 (India Standard Time)",25.1838235294118,50,80,20
"Fri Jul 13 2018 00:00:00 GMT+0530 (India Standard Time)",33.4558823529412,50,80,20
"Mon Jul 16 2018 00:00:00 GMT+0530 (India Standard Time)",31.8471337579618,50,80,20
"Tue Jul 17 2018 00:00:00 GMT+0530 (India Standard Time)",62.8260869565217,50,80,20
"Wed Jul 18 2018 00:00:00 GMT+0530 (India Standard Time)",74.7826086956521,50,80,20
"Thu Jul 19 2018 00:00:00 GMT+0530 (India Standard Time)",68.6956521739131,50,80,20
"Fri Jul 20 2018 00:00:00 GMT+0530 (India Standard Time)",54.0342298288509,50,80,20
"Mon Jul 23 2018 00:00:00 GMT+0530 (India Standard Time)",61.1246943765282,50,80,20
"Tue Jul 24 2018 00:00:00 GMT+0530 (India Standard Time)",82.1428571428571,50,80,20
"Wed Jul 25 2018 00:00:00 GMT+0530 (India Standard Time)",71.978021978022,50,80,20
"Thu Jul 26 2018 00:00:00 GMT+0530 (India Standard Time)",44.7058823529413,50,80,20
"Fri Jul 27 2018 00:00:00 GMT+0530 (India Standard Time)",83.529411764706,50,80,20
"Mon Jul 30 2018 00:00:00 GMT+0530 (India Standard Time)",85.1955307262569,50,80,20
"Tue Jul 31 2018 00:00:00 GMT+0530 (India Standard Time)",73.463687150838,50,80,20
"Wed Aug 01 2018 00:00:00 GMT+0530 (India Standard Time)",93.854748603352,50,80,20
"Thu Aug 02 2018 00:00:00 GMT+0530 (India Standard Time)",84.9514563106795,50,80,20
"Fri Aug 03 2018 00:00:00 GMT+0530 (India Standard Time)",84.2233009708738,50,80,20
"Mon Aug 06 2018 00:00:00 GMT+0530 (India Standard Time)",82.2815533980583,50,80,20
"Tue Aug 07 2018 00:00:00 GMT+0530 (India Standard Time)",75,50,80,20
"Wed Aug 08 2018 00:00:00 GMT+0530 (India Standard Time)",63.2398753894081,50,80,20
"Thu Aug 09 2018 00:00:00 GMT+0530 (India Standard Time)",60.1246105919003,50,80,20
"Fri Aug 10 2018 00:00:00 GMT+0530 (India Standard Time)",63.050847457627,50,80,20
"Mon Aug 13 2018 00:00:00 GMT+0530 (India Standard Time)",21.4788732394367,50,80,20
"Tue Aug 14 2018 00:00:00 GMT+0530 (India Standard Time)",21.8309859154929,50,80,20
"Thu Aug 16 2018 00:00:00 GMT+0530 (India Standard Time)",6.33802816901412,50,80,20
"Fri Aug 17 2018 00:00:00 GMT+0530 (India Standard Time)",13.7323943661973,50,80,20
"Mon Aug 20 2018 00:00:00 GMT+0530 (India Standard Time)",7.39436619718317,50,80,20
"Tue Aug 21 2018 00:00:00 GMT+0530 (India Standard Time)",1.39860139860132,50,80,20
"Thu Aug 23 2018 00:00:00 GMT+0530 (India Standard Time)",7.99999999999997,50,80,20
"Fri Aug 24 2018 00:00:00 GMT+0530 (India Standard Time)",13.5467980295566,50,80,20
"Mon Aug 27 2018 00:00:00 GMT+0530 (India Standard Time)",22.6600985221674,50,80,20
"Tue Aug 28 2018 00:00:00 GMT+0530 (India Standard Time)",19.9507389162562,50,80,20
"Wed Aug 29 2018 00:00:00 GMT+0530 (India Standard Time)",24.6305418719212,50,80,20
"Thu Aug 30 2018 00:00:00 GMT+0530 (India Standard Time)",13.5467980295566,50,80,20
"Fri Aug 31 2018 00:00:00 GMT+0530 (India Standard Time)",19.9507389162562,50,80,20
"Mon Sep 03 2018 00:00:00 GMT+0530 (India Standard Time)",19.0217391304348,50,80,20
"Tue Sep 04 2018 00:00:00 GMT+0530 (India Standard Time)",5.16304347826081,50,80,20
"Wed Sep 05 2018 00:00:00 GMT+0530 (India Standard Time)",14.5833333333334,50,80,20
"Thu Sep 06 2018 00:00:00 GMT+0530 (India Standard Time)",18.75,50,80,20
"Fri Sep 07 2018 00:00:00 GMT+0530 (India Standard Time)",17.7083333333334,50,80,20
"Mon Sep 10 2018 00:00:00 GMT+0530 (India Standard Time)",5.58510638297878,50,80,20
"Tue Sep 11 2018 00:00:00 GMT+0530 (India Standard Time)",3.88888888888883,50,80,20
"Wed Sep 12 2018 00:00:00 GMT+0530 (India Standard Time)",21.1940298507462,50,80,20
"Fri Sep 14 2018 00:00:00 GMT+0530 (India Standard Time)",58.966565349544,50,80,20
"Mon Sep 17 2018 00:00:00 GMT+0530 (India Standard Time)",74.3243243243244,50,80,20
"Tue Sep 18 2018 00:00:00 GMT+0530 (India Standard Time)",47.6351351351351,50,80,20
"Wed Sep 19 2018 00:00:00 GMT+0530 (India Standard Time)",56.140350877193,50,80,20
"Fri Sep 21 2018 00:00:00 GMT+0530 (India Standard Time)",91.6363636363636,50,80,20
"Mon Sep 24 2018 00:00:00 GMT+0530 (India Standard Time)",64.1638225255972,50,80,20
"Tue Sep 25 2018 00:00:00 GMT+0530 (India Standard Time)",58.703071672355,50,80,20
"Wed Sep 26 2018 00:00:00 GMT+0530 (India Standard Time)",60.7508532423208,50,80,20
"Thu Sep 27 2018 00:00:00 GMT+0530 (India Standard Time)",48.4641638225256,50,80,20
"Fri Sep 28 2018 00:00:00 GMT+0530 (India Standard Time)",53.2423208191126,50,80,20
"Mon Oct 01 2018 00:00:00 GMT+0530 (India Standard Time)",57.3378839590443,50,80,20
"Wed Oct 03 2018 00:00:00 GMT+0530 (India Standard Time)",87.7133105802049,50,80,20
"Thu Oct 04 2018 00:00:00 GMT+0530 (India Standard Time)",40.5082212257101,50,80,20
"Fri Oct 05 2018 00:00:00 GMT+0530 (India Standard Time)",23.2939035486806,50,80,20
"Mon Oct 08 2018 00:00:00 GMT+0530 (India Standard Time)",35.6687898089172,50,80,20
"Tue Oct 09 2018 00:00:00 GMT+0530 (India Standard Time)",31.6651501364877,50,80,20
"Wed Oct 10 2018 00:00:00 GMT+0530 (India Standard Time)",34.1219290263876,50,80,20
"Thu Oct 11 2018 00:00:00 GMT+0530 (India Standard Time)",46.8607825295723,50,80,20
"Fri Oct 12 2018 00:00:00 GMT+0530 (India Standard Time)",52.1383075523203,50,80,20
"Mon Oct 15 2018 00:00:00 GMT+0530 (India Standard Time)",54.2311191992721,50,80,20
"Tue Oct 16 2018 00:00:00 GMT+0530 (India Standard Time)",54.9590536851683,50,80,20
"Wed Oct 17 2018 00:00:00 GMT+0530 (India Standard Time)",49.2265696087352,50,80,20
"Fri Oct 19 2018 00:00:00 GMT+0530 (India Standard Time)",50.7734303912648,50,80,20
"Mon Oct 22 2018 00:00:00 GMT+0530 (India Standard Time)",44.5859872611465,50,80,20
"Tue Oct 23 2018 00:00:00 GMT+0530 (India Standard Time)",45.0409463148317,50,80,20
"Wed Oct 24 2018 00:00:00 GMT+0530 (India Standard Time)",59.9814298978645,50,80,20
"Thu Oct 25 2018 00:00:00 GMT+0530 (India Standard Time)",64.7168059424327,50,80,20
"Fri Oct 26 2018 00:00:00 GMT+0530 (India Standard Time)",60.1671309192201,50,80,20
"Mon Oct 29 2018 00:00:00 GMT+0530 (India Standard Time)",67.2237697307335,50,80,20
"Tue Oct 30 2018 00:00:00 GMT+0530 (India Standard Time)",57.6601671309192,50,80,20
"Wed Oct 31 2018 00:00:00 GMT+0530 (India Standard Time)",61.652739090065,50,80,20
"Thu Nov 01 2018 00:00:00 GMT+0530 (India Standard Time)",68.9265536723164,50,80,20
"Fri Nov 02 2018 00:00:00 GMT+0530 (India Standard Time)",93.1744312026002,50,80,20
"Mon Nov 05 2018 00:00:00 GMT+0530 (India Standard Time)",67.1597633136095,50,80,20
"Tue Nov 06 2018 00:00:00 GMT+0530 (India Standard Time)",54.8231511254019,50,80,20
"Fri Nov 09 2018 00:00:00 GMT+0530 (India Standard Time)",68.4466019417476,50,80,20
"Mon Nov 12 2018 00:00:00 GMT+0530 (India Standard Time)",47.0873786407767,50,80,20
"Tue Nov 13 2018 00:00:00 GMT+0530 (India Standard Time)",62.1212121212121,50,80,20
"Wed Nov 14 2018 00:00:00 GMT+0530 (India Standard Time)",66.8852459016394,50,80,20
"Thu Nov 15 2018 00:00:00 GMT+0530 (India Standard Time)",70.9836065573771,50,80,20
"Fri Nov 16 2018 00:00:00 GMT+0530 (India Standard Time)",60.1639344262295,50,80,20
"Mon Nov 19 2018 00:00:00 GMT+0530 (India Standard Time)",57.5409836065574,50,80,20
"Tue Nov 20 2018 00:00:00 GMT+0530 (India Standard Time)",46.0655737704918,50,80,20
"Wed Nov 21 2018 00:00:00 GMT+0530 (India Standard Time)",54.4262295081967,50,80,20
"Thu Nov 22 2018 00:00:00 GMT+0530 (India Standard Time)",23.6725663716814,50,80,20
"Mon Nov 26 2018 00:00:00 GMT+0530 (India Standard Time)",12.7058823529411,50,80,20
"Tue Nov 27 2018 00:00:00 GMT+0530 (India Standard Time)",19.7647058823529,50,80,20
"Wed Nov 28 2018 00:00:00 GMT+0530 (India Standard Time)",2.72108843537425,50,80,20
"Thu Nov 29 2018 00:00:00 GMT+0530 (India Standard Time)",11.7521367521367,50,80,20
"Fri Nov 30 2018 00:00:00 GMT+0530 (India Standard Time)",10.6837606837607,50,80,20
"Mon Dec 03 2018 00:00:00 GMT+0530 (India Standard Time)",2.99145299145306,50,80,20
"Tue Dec 04 2018 00:00:00 GMT+0530 (India Standard Time)",15.1709401709402,50,80,20
"Wed Dec 05 2018 00:00:00 GMT+0530 (India Standard Time)",9.40170940170947,50,80,20
"Thu Dec 06 2018 00:00:00 GMT+0530 (India Standard Time)",4.25531914893615,50,80,20
"Fri Dec 07 2018 00:00:00 GMT+0530 (India Standard Time)",3.91791044776123,50,80,20
"Mon Dec 10 2018 00:00:00 GMT+0530 (India Standard Time)",24.4642857142857,50,80,20
"Tue Dec 11 2018 00:00:00 GMT+0530 (India Standard Time)",15.8928571428571,50,80,20
"Wed Dec 12 2018 00:00:00 GMT+0530 (India Standard Time)",30.7142857142857,50,80,20
"Thu Dec 13 2018 00:00:00 GMT+0530 (India Standard Time)",46.6981132075472,50,80,20
"Fri Dec 14 2018 00:00:00 GMT+0530 (India Standard Time)",65.4761904761905,50,80,20
