"date","williams","middle","overbought","oversold"
"Thu Jul 06 2017 00:00:00 GMT+0530 (India Standard Time)",65.6666666666666,50,80,20
"Fri Jul 07 2017 00:00:00 GMT+0530 (India Standard Time)",62.9999999999999,50,80,20
"Mon Jul 10 2017 00:00:00 GMT+0530 (India Standard Time)",75.6666666666666,50,80,20
"Tue Jul 11 2017 00:00:00 GMT+0530 (India Standard Time)",79.6666666666666,50,80,20
"Wed Jul 12 2017 00:00:00 GMT+0530 (India Standard Time)",93.3333333333333,50,80,20
"Thu Jul 13 2017 00:00:00 GMT+0530 (India Standard Time)",88.8235294117647,50,80,20
"Fri Jul 14 2017 00:00:00 GMT+0530 (India Standard Time)",89.4117647058823,50,80,20
"Mon Jul 17 2017 00:00:00 GMT+0530 (India Standard Time)",95.702005730659,50,80,20
"Tue Jul 18 2017 00:00:00 GMT+0530 (India Standard Time)",77,50,80,20
"Wed Jul 19 2017 00:00:00 GMT+0530 (India Standard Time)",93.25,50,80,20
"Thu Jul 20 2017 00:00:00 GMT+0530 (India Standard Time)",93.4999999999999,50,80,20
"Fri Jul 21 2017 00:00:00 GMT+0530 (India Standard Time)",74.5945945945947,50,80,20
"Mon Jul 24 2017 00:00:00 GMT+0530 (India Standard Time)",82.4324324324324,50,80,20
"Tue Jul 25 2017 00:00:00 GMT+0530 (India Standard Time)",81.9277108433735,50,80,20
"Wed Jul 26 2017 00:00:00 GMT+0530 (India Standard Time)",79.3893129770993,50,80,20
"Thu Jul 27 2017 00:00:00 GMT+0530 (India Standard Time)",72.5409836065574,50,80,20
"Fri Jul 28 2017 00:00:00 GMT+0530 (India Standard Time)",54.6610169491526,50,80,20
"Mon Jul 31 2017 00:00:00 GMT+0530 (India Standard Time)",94.3750000000001,50,80,20
"Tue Aug 01 2017 00:00:00 GMT+0530 (India Standard Time)",93.1034482758621,50,80,20
"Wed Aug 02 2017 00:00:00 GMT+0530 (India Standard Time)",76.4044943820225,50,80,20
"Thu Aug 03 2017 00:00:00 GMT+0530 (India Standard Time)",82.8651685393258,50,80,20
"Fri Aug 04 2017 00:00:00 GMT+0530 (India Standard Time)",91.25,50,80,20
"Mon Aug 07 2017 00:00:00 GMT+0530 (India Standard Time)",98.0456026058631,50,80,20
"Tue Aug 08 2017 00:00:00 GMT+0530 (India Standard Time)",74.7440273037544,50,80,20
"Wed Aug 09 2017 00:00:00 GMT+0530 (India Standard Time)",67.6975945017183,50,80,20
"Thu Aug 10 2017 00:00:00 GMT+0530 (India Standard Time)",36.7697594501718,50,80,20
"Fri Aug 11 2017 00:00:00 GMT+0530 (India Standard Time)",47.2602739726028,50,80,20
"Mon Aug 14 2017 00:00:00 GMT+0530 (India Standard Time)",73.6301369863014,50,80,20
"Wed Aug 16 2017 00:00:00 GMT+0530 (India Standard Time)",59.5890410958904,50,80,20
"Thu Aug 17 2017 00:00:00 GMT+0530 (India Standard Time)",51.0273972602739,50,80,20
"Fri Aug 18 2017 00:00:00 GMT+0530 (India Standard Time)",75,50,80,20
"Mon Aug 21 2017 00:00:00 GMT+0530 (India Standard Time)",56.8493150684933,50,80,20
"Tue Aug 22 2017 00:00:00 GMT+0530 (India Standard Time)",51.3698630136986,50,80,20
"Wed Aug 23 2017 00:00:00 GMT+0530 (India Standard Time)",53.0821917808219,50,80,20
"Thu Aug 24 2017 00:00:00 GMT+0530 (India Standard Time)",61.3013698630136,50,80,20
"Mon Aug 28 2017 00:00:00 GMT+0530 (India Standard Time)",34.931506849315,50,80,20
"Tue Aug 29 2017 00:00:00 GMT+0530 (India Standard Time)",22.6027397260275,50,80,20
"Wed Aug 30 2017 00:00:00 GMT+0530 (India Standard Time)",24.6575342465753,50,80,20
"Thu Aug 31 2017 00:00:00 GMT+0530 (India Standard Time)",49.6575342465754,50,80,20
"Fri Sep 01 2017 00:00:00 GMT+0530 (India Standard Time)",30.8219178082192,50,80,20
"Mon Sep 04 2017 00:00:00 GMT+0530 (India Standard Time)",38.3561643835616,50,80,20
"Tue Sep 05 2017 00:00:00 GMT+0530 (India Standard Time)",28.7671232876712,50,80,20
"Wed Sep 06 2017 00:00:00 GMT+0530 (India Standard Time)",15.7534246575343,50,80,20
"Thu Sep 07 2017 00:00:00 GMT+0530 (India Standard Time)",29.5454545454546,50,80,20
"Fri Sep 08 2017 00:00:00 GMT+0530 (India Standard Time)",8.49420849420846,50,80,20
"Mon Sep 11 2017 00:00:00 GMT+0530 (India Standard Time)",34.6153846153846,50,80,20
"Tue Sep 12 2017 00:00:00 GMT+0530 (India Standard Time)",32.5174825174826,50,80,20
"Wed Sep 13 2017 00:00:00 GMT+0530 (India Standard Time)",21.6783216783217,50,80,20
"Thu Sep 14 2017 00:00:00 GMT+0530 (India Standard Time)",23.076923076923,50,80,20
"Fri Sep 15 2017 00:00:00 GMT+0530 (India Standard Time)",26.112759643917,50,80,20
"Mon Sep 18 2017 00:00:00 GMT+0530 (India Standard Time)",43.026706231454,50,80,20
"Tue Sep 19 2017 00:00:00 GMT+0530 (India Standard Time)",54.3859649122807,50,80,20
"Wed Sep 20 2017 00:00:00 GMT+0530 (India Standard Time)",34.0425531914895,50,80,20
"Thu Sep 21 2017 00:00:00 GMT+0530 (India Standard Time)",24.4680851063831,50,80,20
"Fri Sep 22 2017 00:00:00 GMT+0530 (India Standard Time)",11.3281250000001,50,80,20
"Mon Sep 25 2017 00:00:00 GMT+0530 (India Standard Time)",20.2429149797571,50,80,20
"Tue Sep 26 2017 00:00:00 GMT+0530 (India Standard Time)",25.1012145748988,50,80,20
"Wed Sep 27 2017 00:00:00 GMT+0530 (India Standard Time)",10.2272727272727,50,80,20
"Thu Sep 28 2017 00:00:00 GMT+0530 (India Standard Time)",28.0701754385965,50,80,20
"Fri Sep 29 2017 00:00:00 GMT+0530 (India Standard Time)",42.1052631578947,50,80,20
"Tue Oct 03 2017 00:00:00 GMT+0530 (India Standard Time)",9.12698412698418,50,80,20
"Wed Oct 04 2017 00:00:00 GMT+0530 (India Standard Time)",32.7935222672066,50,80,20
"Thu Oct 05 2017 00:00:00 GMT+0530 (India Standard Time)",6.06060606060594,50,80,20
"Fri Oct 06 2017 00:00:00 GMT+0530 (India Standard Time)",8.69565217391297,50,80,20
"Mon Oct 09 2017 00:00:00 GMT+0530 (India Standard Time)",7.34463276836149,50,80,20
"Tue Oct 10 2017 00:00:00 GMT+0530 (India Standard Time)",28.8135593220339,50,80,20
"Wed Oct 11 2017 00:00:00 GMT+0530 (India Standard Time)",18.0790960451977,50,80,20
"Thu Oct 12 2017 00:00:00 GMT+0530 (India Standard Time)",14.9717514124294,50,80,20
"Fri Oct 13 2017 00:00:00 GMT+0530 (India Standard Time)",33.8983050847458,50,80,20
"Mon Oct 16 2017 00:00:00 GMT+0530 (India Standard Time)",34.4632768361582,50,80,20
"Tue Oct 17 2017 00:00:00 GMT+0530 (India Standard Time)",31.3432835820896,50,80,20
"Wed Oct 18 2017 00:00:00 GMT+0530 (India Standard Time)",83.9879154078551,50,80,20
"Thu Oct 19 2017 00:00:00 GMT+0530 (India Standard Time)",75.3424657534247,50,80,20
"Mon Oct 23 2017 00:00:00 GMT+0530 (India Standard Time)",95.2054794520549,50,80,20
"Tue Oct 24 2017 00:00:00 GMT+0530 (India Standard Time)",94.7692307692308,50,80,20
"Wed Oct 25 2017 00:00:00 GMT+0530 (India Standard Time)",85.0129198966408,50,80,20
"Thu Oct 26 2017 00:00:00 GMT+0530 (India Standard Time)",63.8242894056847,50,80,20
"Fri Oct 27 2017 00:00:00 GMT+0530 (India Standard Time)",62.5322997416021,50,80,20
"Mon Oct 30 2017 00:00:00 GMT+0530 (India Standard Time)",65.8914728682171,50,80,20
"Tue Oct 31 2017 00:00:00 GMT+0530 (India Standard Time)",63.0490956072351,50,80,20
"Wed Nov 01 2017 00:00:00 GMT+0530 (India Standard Time)",55.297157622739,50,80,20
"Thu Nov 02 2017 00:00:00 GMT+0530 (India Standard Time)",80.3617571059431,50,80,20
"Fri Nov 03 2017 00:00:00 GMT+0530 (India Standard Time)",49.8800959232614,50,80,20
"Mon Nov 06 2017 00:00:00 GMT+0530 (India Standard Time)",52.9976019184652,50,80,20
"Tue Nov 07 2017 00:00:00 GMT+0530 (India Standard Time)",36.6995073891626,50,80,20
"Wed Nov 08 2017 00:00:00 GMT+0530 (India Standard Time)",39.1625615763547,50,80,20
"Thu Nov 09 2017 00:00:00 GMT+0530 (India Standard Time)",38.4236453201971,50,80,20
"Fri Nov 10 2017 00:00:00 GMT+0530 (India Standard Time)",54.9261083743842,50,80,20
"Mon Nov 13 2017 00:00:00 GMT+0530 (India Standard Time)",42.5981873111783,50,80,20
"Tue Nov 14 2017 00:00:00 GMT+0530 (India Standard Time)",18.1268882175226,50,80,20
"Wed Nov 15 2017 00:00:00 GMT+0530 (India Standard Time)",16.1490683229813,50,80,20
"Thu Nov 16 2017 00:00:00 GMT+0530 (India Standard Time)",24.2236024844721,50,80,20
"Fri Nov 17 2017 00:00:00 GMT+0530 (India Standard Time)",26.0869565217391,50,80,20
"Mon Nov 20 2017 00:00:00 GMT+0530 (India Standard Time)",27.3291925465839,50,80,20
"Tue Nov 21 2017 00:00:00 GMT+0530 (India Standard Time)",13.6645962732919,50,80,20
"Wed Nov 22 2017 00:00:00 GMT+0530 (India Standard Time)",16.4596273291926,50,80,20
"Thu Nov 23 2017 00:00:00 GMT+0530 (India Standard Time)",28.8819875776398,50,80,20
"Fri Nov 24 2017 00:00:00 GMT+0530 (India Standard Time)",42.2360248447204,50,80,20
"Mon Nov 27 2017 00:00:00 GMT+0530 (India Standard Time)",35.7142857142857,50,80,20
"Tue Nov 28 2017 00:00:00 GMT+0530 (India Standard Time)",24.5341614906832,50,80,20
"Wed Nov 29 2017 00:00:00 GMT+0530 (India Standard Time)",27.0186335403726,50,80,20
"Thu Nov 30 2017 00:00:00 GMT+0530 (India Standard Time)",10.248447204969,50,80,20
"Fri Dec 01 2017 00:00:00 GMT+0530 (India Standard Time)",6.72645739910314,50,80,20
"Mon Dec 04 2017 00:00:00 GMT+0530 (India Standard Time)",14.859437751004,50,80,20
"Tue Dec 05 2017 00:00:00 GMT+0530 (India Standard Time)",20.909090909091,50,80,20
"Wed Dec 06 2017 00:00:00 GMT+0530 (India Standard Time)",20.6060606060606,50,80,20
"Thu Dec 07 2017 00:00:00 GMT+0530 (India Standard Time)",33.0303030303031,50,80,20
"Fri Dec 08 2017 00:00:00 GMT+0530 (India Standard Time)",37.8787878787879,50,80,20
"Mon Dec 11 2017 00:00:00 GMT+0530 (India Standard Time)",49.6666666666668,50,80,20
"Tue Dec 12 2017 00:00:00 GMT+0530 (India Standard Time)",40.3333333333334,50,80,20
"Wed Dec 13 2017 00:00:00 GMT+0530 (India Standard Time)",24.3333333333334,50,80,20
"Thu Dec 14 2017 00:00:00 GMT+0530 (India Standard Time)",21.6666666666667,50,80,20
"Fri Dec 15 2017 00:00:00 GMT+0530 (India Standard Time)",13.3333333333333,50,80,20
"Mon Dec 18 2017 00:00:00 GMT+0530 (India Standard Time)",35.2303523035231,50,80,20
"Tue Dec 19 2017 00:00:00 GMT+0530 (India Standard Time)",49.8644986449864,50,80,20
"Wed Dec 20 2017 00:00:00 GMT+0530 (India Standard Time)",51.7615176151761,50,80,20
"Thu Dec 21 2017 00:00:00 GMT+0530 (India Standard Time)",52.5745257452574,50,80,20
"Fri Dec 22 2017 00:00:00 GMT+0530 (India Standard Time)",52.3035230352304,50,80,20
"Tue Dec 26 2017 00:00:00 GMT+0530 (India Standard Time)",54.5180722891565,50,80,20
"Wed Dec 27 2017 00:00:00 GMT+0530 (India Standard Time)",47.7064220183485,50,80,20
"Thu Dec 28 2017 00:00:00 GMT+0530 (India Standard Time)",38.0794701986755,50,80,20
"Fri Dec 29 2017 00:00:00 GMT+0530 (India Standard Time)",49.8207885304659,50,80,20
"Mon Jan 01 2018 00:00:00 GMT+0530 (India Standard Time)",56.6666666666665,50,80,20
"Tue Jan 02 2018 00:00:00 GMT+0530 (India Standard Time)",61.25,50,80,20
"Wed Jan 03 2018 00:00:00 GMT+0530 (India Standard Time)",68.75,50,80,20
"Thu Jan 04 2018 00:00:00 GMT+0530 (India Standard Time)",57.9166666666666,50,80,20
"Fri Jan 05 2018 00:00:00 GMT+0530 (India Standard Time)",65.4166666666666,50,80,20
"Mon Jan 08 2018 00:00:00 GMT+0530 (India Standard Time)",59.5833333333334,50,80,20
"Tue Jan 09 2018 00:00:00 GMT+0530 (India Standard Time)",66.6666666666666,50,80,20
"Wed Jan 10 2018 00:00:00 GMT+0530 (India Standard Time)",56.5789473684209,50,80,20
"Thu Jan 11 2018 00:00:00 GMT+0530 (India Standard Time)",39.0350877192981,50,80,20
"Fri Jan 12 2018 00:00:00 GMT+0530 (India Standard Time)",25.877192982456,50,80,20
"Mon Jan 15 2018 00:00:00 GMT+0530 (India Standard Time)",51.7543859649123,50,80,20
"Tue Jan 16 2018 00:00:00 GMT+0530 (India Standard Time)",17.7033492822966,50,80,20
"Wed Jan 17 2018 00:00:00 GMT+0530 (India Standard Time)",31.4814814814815,50,80,20
"Thu Jan 18 2018 00:00:00 GMT+0530 (India Standard Time)",27.7777777777778,50,80,20
"Fri Jan 19 2018 00:00:00 GMT+0530 (India Standard Time)",19.9999999999999,50,80,20
"Mon Jan 22 2018 00:00:00 GMT+0530 (India Standard Time)",12.3809523809525,50,80,20
"Tue Jan 23 2018 00:00:00 GMT+0530 (India Standard Time)",17.6190476190476,50,80,20
"Wed Jan 24 2018 00:00:00 GMT+0530 (India Standard Time)",21.081081081081,50,80,20
"Thu Jan 25 2018 00:00:00 GMT+0530 (India Standard Time)",11.3861386138614,50,80,20
"Mon Jan 29 2018 00:00:00 GMT+0530 (India Standard Time)",9.90099009900991,50,80,20
"Tue Jan 30 2018 00:00:00 GMT+0530 (India Standard Time)",33.8645418326693,50,80,20
"Wed Jan 31 2018 00:00:00 GMT+0530 (India Standard Time)",24.7011952191237,50,80,20
"Thu Feb 01 2018 00:00:00 GMT+0530 (India Standard Time)",41.0526315789473,50,80,20
"Fri Feb 02 2018 00:00:00 GMT+0530 (India Standard Time)",27.3684210526316,50,80,20
"Mon Feb 05 2018 00:00:00 GMT+0530 (India Standard Time)",52.6315789473684,50,80,20
"Tue Feb 06 2018 00:00:00 GMT+0530 (India Standard Time)",46.1240310077518,50,80,20
"Wed Feb 07 2018 00:00:00 GMT+0530 (India Standard Time)",50.3875968992248,50,80,20
"Thu Feb 08 2018 00:00:00 GMT+0530 (India Standard Time)",37.1681415929202,50,80,20
"Fri Feb 09 2018 00:00:00 GMT+0530 (India Standard Time)",37.3333333333332,50,80,20
"Mon Feb 12 2018 00:00:00 GMT+0530 (India Standard Time)",84.4444444444444,50,80,20
"Wed Feb 14 2018 00:00:00 GMT+0530 (India Standard Time)",59.7222222222221,50,80,20
"Thu Feb 15 2018 00:00:00 GMT+0530 (India Standard Time)",82.4074074074074,50,80,20
"Fri Feb 16 2018 00:00:00 GMT+0530 (India Standard Time)",60.6481481481482,50,80,20
"Mon Feb 19 2018 00:00:00 GMT+0530 (India Standard Time)",51.2437810945274,50,80,20
"Tue Feb 20 2018 00:00:00 GMT+0530 (India Standard Time)",59.7014925373134,50,80,20
"Wed Feb 21 2018 00:00:00 GMT+0530 (India Standard Time)",49.2537313432834,50,80,20
"Thu Feb 22 2018 00:00:00 GMT+0530 (India Standard Time)",12.4378109452736,50,80,20
"Fri Feb 23 2018 00:00:00 GMT+0530 (India Standard Time)",42.2885572139303,50,80,20
"Mon Feb 26 2018 00:00:00 GMT+0530 (India Standard Time)",71.1442786069651,50,80,20
"Tue Feb 27 2018 00:00:00 GMT+0530 (India Standard Time)",87.0646766169153,50,80,20
"Wed Feb 28 2018 00:00:00 GMT+0530 (India Standard Time)",86.5671641791043,50,80,20
"Thu Mar 01 2018 00:00:00 GMT+0530 (India Standard Time)",83.5820895522388,50,80,20
"Mon Mar 05 2018 00:00:00 GMT+0530 (India Standard Time)",78.5714285714284,50,80,20
"Tue Mar 06 2018 00:00:00 GMT+0530 (India Standard Time)",39.7959183673469,50,80,20
"Wed Mar 07 2018 00:00:00 GMT+0530 (India Standard Time)",41.8367346938774,50,80,20
"Thu Mar 08 2018 00:00:00 GMT+0530 (India Standard Time)",62.7551020408163,50,80,20
"Fri Mar 09 2018 00:00:00 GMT+0530 (India Standard Time)",37.2448979591837,50,80,20
"Mon Mar 12 2018 00:00:00 GMT+0530 (India Standard Time)",58.673469387755,50,80,20
"Tue Mar 13 2018 00:00:00 GMT+0530 (India Standard Time)",59.1836734693878,50,80,20
"Wed Mar 14 2018 00:00:00 GMT+0530 (India Standard Time)",55.1351351351351,50,80,20
"Thu Mar 15 2018 00:00:00 GMT+0530 (India Standard Time)",60.0000000000001,50,80,20
"Fri Mar 16 2018 00:00:00 GMT+0530 (India Standard Time)",32.4324324324324,50,80,20
"Mon Mar 19 2018 00:00:00 GMT+0530 (India Standard Time)",53.5135135135134,50,80,20
"Tue Mar 20 2018 00:00:00 GMT+0530 (India Standard Time)",61.0810810810811,50,80,20
"Wed Mar 21 2018 00:00:00 GMT+0530 (India Standard Time)",53.5135135135134,50,80,20
"Thu Mar 22 2018 00:00:00 GMT+0530 (India Standard Time)",37.2972972972972,50,80,20
"Fri Mar 23 2018 00:00:00 GMT+0530 (India Standard Time)",47.8527607361964,50,80,20
"Mon Mar 26 2018 00:00:00 GMT+0530 (India Standard Time)",52.0000000000001,50,80,20
"Tue Mar 27 2018 00:00:00 GMT+0530 (India Standard Time)",65.9999999999998,50,80,20
"Wed Mar 28 2018 00:00:00 GMT+0530 (India Standard Time)",30,50,80,20
"Mon Apr 02 2018 00:00:00 GMT+0530 (India Standard Time)",52.0000000000001,50,80,20
"Tue Apr 03 2018 00:00:00 GMT+0530 (India Standard Time)",88.8235294117648,50,80,20
"Wed Apr 04 2018 00:00:00 GMT+0530 (India Standard Time)",56.741573033708,50,80,20
"Thu Apr 05 2018 00:00:00 GMT+0530 (India Standard Time)",58.9887640449438,50,80,20
"Fri Apr 06 2018 00:00:00 GMT+0530 (India Standard Time)",55.6179775280897,50,80,20
"Mon Apr 09 2018 00:00:00 GMT+0530 (India Standard Time)",54.4943820224718,50,80,20
"Tue Apr 10 2018 00:00:00 GMT+0530 (India Standard Time)",66.8539325842695,50,80,20
"Wed Apr 11 2018 00:00:00 GMT+0530 (India Standard Time)",67.4157303370786,50,80,20
"Thu Apr 12 2018 00:00:00 GMT+0530 (India Standard Time)",60.1123595505617,50,80,20
"Fri Apr 13 2018 00:00:00 GMT+0530 (India Standard Time)",73.0337078651685,50,80,20
"Mon Apr 16 2018 00:00:00 GMT+0530 (India Standard Time)",82.8282828282827,50,80,20
"Tue Apr 17 2018 00:00:00 GMT+0530 (India Standard Time)",86.0681114551084,50,80,20
"Wed Apr 18 2018 00:00:00 GMT+0530 (India Standard Time)",86.687306501548,50,80,20
"Thu Apr 19 2018 00:00:00 GMT+0530 (India Standard Time)",95.5307262569832,50,80,20
"Fri Apr 20 2018 00:00:00 GMT+0530 (India Standard Time)",87.0967741935484,50,80,20
"Mon Apr 23 2018 00:00:00 GMT+0530 (India Standard Time)",84.9462365591399,50,80,20
"Tue Apr 24 2018 00:00:00 GMT+0530 (India Standard Time)",81.7919075144508,50,80,20
"Wed Apr 25 2018 00:00:00 GMT+0530 (India Standard Time)",85.0282485875706,50,80,20
"Thu Apr 26 2018 00:00:00 GMT+0530 (India Standard Time)",83.0508474576271,50,80,20
"Fri Apr 27 2018 00:00:00 GMT+0530 (India Standard Time)",87.7192982456141,50,80,20
"Mon Apr 30 2018 00:00:00 GMT+0530 (India Standard Time)",86.084142394822,50,80,20
"Wed May 02 2018 00:00:00 GMT+0530 (India Standard Time)",68.4039087947883,50,80,20
"Thu May 03 2018 00:00:00 GMT+0530 (India Standard Time)",76.0135135135135,50,80,20
"Fri May 04 2018 00:00:00 GMT+0530 (India Standard Time)",82.4324324324325,50,80,20
"Mon May 07 2018 00:00:00 GMT+0530 (India Standard Time)",95.2702702702703,50,80,20
"Tue May 08 2018 00:00:00 GMT+0530 (India Standard Time)",93.1318681318681,50,80,20
"Wed May 09 2018 00:00:00 GMT+0530 (India Standard Time)",88.1868131868132,50,80,20
"Thu May 10 2018 00:00:00 GMT+0530 (India Standard Time)",66.4804469273743,50,80,20
"Fri May 11 2018 00:00:00 GMT+0530 (India Standard Time)",59.375,50,80,20
"Mon May 14 2018 00:00:00 GMT+0530 (India Standard Time)",71.2209302325582,50,80,20
"Tue May 15 2018 00:00:00 GMT+0530 (India Standard Time)",84.4202898550724,50,80,20
"Wed May 16 2018 00:00:00 GMT+0530 (India Standard Time)",79.9999999999999,50,80,20
"Thu May 17 2018 00:00:00 GMT+0530 (India Standard Time)",79.9999999999999,50,80,20
"Fri May 18 2018 00:00:00 GMT+0530 (India Standard Time)",76.0784313725489,50,80,20
"Mon May 21 2018 00:00:00 GMT+0530 (India Standard Time)",73.7254901960785,50,80,20
"Tue May 22 2018 00:00:00 GMT+0530 (India Standard Time)",58.8235294117647,50,80,20
"Wed May 23 2018 00:00:00 GMT+0530 (India Standard Time)",63.1372549019609,50,80,20
"Thu May 24 2018 00:00:00 GMT+0530 (India Standard Time)",66.6666666666667,50,80,20
"Fri May 25 2018 00:00:00 GMT+0530 (India Standard Time)",69.0196078431373,50,80,20
"Mon May 28 2018 00:00:00 GMT+0530 (India Standard Time)",29.0196078431372,50,80,20
"Tue May 29 2018 00:00:00 GMT+0530 (India Standard Time)",29.4117647058824,50,80,20
"Wed May 30 2018 00:00:00 GMT+0530 (India Standard Time)",49.0196078431373,50,80,20
"Thu May 31 2018 00:00:00 GMT+0530 (India Standard Time)",54.5138888888888,50,80,20
"Fri Jun 01 2018 00:00:00 GMT+0530 (India Standard Time)",35.7827476038338,50,80,20
"Mon Jun 04 2018 00:00:00 GMT+0530 (India Standard Time)",8.62619808306705,50,80,20
"Tue Jun 05 2018 00:00:00 GMT+0530 (India Standard Time)",17.9425837320574,50,80,20
"Wed Jun 06 2018 00:00:00 GMT+0530 (India Standard Time)",28.7081339712919,50,80,20
"Thu Jun 07 2018 00:00:00 GMT+0530 (India Standard Time)",36.6028708133971,50,80,20
"Fri Jun 08 2018 00:00:00 GMT+0530 (India Standard Time)",13.3971291866029,50,80,20
