"date","williams","middle","overbought","oversold"
"Tue Aug 01 2017 00:00:00 GMT+0530 (India Standard Time)",33.081081081081,50,80,20
"Wed Aug 02 2017 00:00:00 GMT+0530 (India Standard Time)",33.8378378378378,50,80,20
"Thu Aug 03 2017 00:00:00 GMT+0530 (India Standard Time)",10.2702702702703,50,80,20
"Fri Aug 04 2017 00:00:00 GMT+0530 (India Standard Time)",9.00692840646659,50,80,20
"Mon Aug 07 2017 00:00:00 GMT+0530 (India Standard Time)",3.91705069124422,50,80,20
"Tue Aug 08 2017 00:00:00 GMT+0530 (India Standard Time)",6.60835762876575,50,80,20
"Wed Aug 09 2017 00:00:00 GMT+0530 (India Standard Time)",2.4174053182917,50,80,20
"Thu Aug 10 2017 00:00:00 GMT+0530 (India Standard Time)",3.04925723221265,50,80,20
"Fri Aug 11 2017 00:00:00 GMT+0530 (India Standard Time)",14.3703703703704,50,80,20
"Mon Aug 14 2017 00:00:00 GMT+0530 (India Standard Time)",17.4074074074074,50,80,20
"Wed Aug 16 2017 00:00:00 GMT+0530 (India Standard Time)",28.8888888888889,50,80,20
"Thu Aug 17 2017 00:00:00 GMT+0530 (India Standard Time)",25.4074074074074,50,80,20
"Fri Aug 18 2017 00:00:00 GMT+0530 (India Standard Time)",15.4074074074074,50,80,20
"Mon Aug 21 2017 00:00:00 GMT+0530 (India Standard Time)",21.9259259259259,50,80,20
"Tue Aug 22 2017 00:00:00 GMT+0530 (India Standard Time)",28.4444444444444,50,80,20
"Wed Aug 23 2017 00:00:00 GMT+0530 (India Standard Time)",35.4182955433932,50,80,20
"Thu Aug 24 2017 00:00:00 GMT+0530 (India Standard Time)",48.8626023657871,50,80,20
"Mon Aug 28 2017 00:00:00 GMT+0530 (India Standard Time)",61.6314199395771,50,80,20
"Tue Aug 29 2017 00:00:00 GMT+0530 (India Standard Time)",53.5754824063565,50,80,20
"Wed Aug 30 2017 00:00:00 GMT+0530 (India Standard Time)",54.2565266742338,50,80,20
"Thu Aug 31 2017 00:00:00 GMT+0530 (India Standard Time)",46.1975028376846,50,80,20
"Fri Sep 01 2017 00:00:00 GMT+0530 (India Standard Time)",75.7909215955983,50,80,20
"Mon Sep 04 2017 00:00:00 GMT+0530 (India Standard Time)",66.1094224924013,50,80,20
"Tue Sep 05 2017 00:00:00 GMT+0530 (India Standard Time)",71.1246200607902,50,80,20
"Wed Sep 06 2017 00:00:00 GMT+0530 (India Standard Time)",39.0577507598785,50,80,20
"Thu Sep 07 2017 00:00:00 GMT+0530 (India Standard Time)",50.4559270516718,50,80,20
"Fri Sep 08 2017 00:00:00 GMT+0530 (India Standard Time)",42.5531914893617,50,80,20
"Mon Sep 11 2017 00:00:00 GMT+0530 (India Standard Time)",42.2492401215805,50,80,20
"Tue Sep 12 2017 00:00:00 GMT+0530 (India Standard Time)",34.136546184739,50,80,20
"Wed Sep 13 2017 00:00:00 GMT+0530 (India Standard Time)",45.3815261044178,50,80,20
"Thu Sep 14 2017 00:00:00 GMT+0530 (India Standard Time)",93.5837245696402,50,80,20
"Fri Sep 15 2017 00:00:00 GMT+0530 (India Standard Time)",82.3161189358373,50,80,20
"Mon Sep 18 2017 00:00:00 GMT+0530 (India Standard Time)",95.7971014492752,50,80,20
"Tue Sep 19 2017 00:00:00 GMT+0530 (India Standard Time)",84.7826086956522,50,80,20
"Wed Sep 20 2017 00:00:00 GMT+0530 (India Standard Time)",81.0144927536233,50,80,20
"Thu Sep 21 2017 00:00:00 GMT+0530 (India Standard Time)",61.0144927536231,50,80,20
"Fri Sep 22 2017 00:00:00 GMT+0530 (India Standard Time)",40,50,80,20
"Mon Sep 25 2017 00:00:00 GMT+0530 (India Standard Time)",35.5437665782493,50,80,20
"Tue Sep 26 2017 00:00:00 GMT+0530 (India Standard Time)",62.7320954907161,50,80,20
"Wed Sep 27 2017 00:00:00 GMT+0530 (India Standard Time)",47.7453580901857,50,80,20
"Thu Sep 28 2017 00:00:00 GMT+0530 (India Standard Time)",62.3342175066313,50,80,20
"Fri Sep 29 2017 00:00:00 GMT+0530 (India Standard Time)",55.3050397877983,50,80,20
"Tue Oct 03 2017 00:00:00 GMT+0530 (India Standard Time)",56.6312997347479,50,80,20
"Wed Oct 04 2017 00:00:00 GMT+0530 (India Standard Time)",46.8169761273209,50,80,20
"Thu Oct 05 2017 00:00:00 GMT+0530 (India Standard Time)",34.2175066312997,50,80,20
"Fri Oct 06 2017 00:00:00 GMT+0530 (India Standard Time)",39.9204244031831,50,80,20
"Mon Oct 09 2017 00:00:00 GMT+0530 (India Standard Time)",46.8169761273209,50,80,20
"Tue Oct 10 2017 00:00:00 GMT+0530 (India Standard Time)",69.628647214854,50,80,20
"Wed Oct 11 2017 00:00:00 GMT+0530 (India Standard Time)",72.8116710875331,50,80,20
"Thu Oct 12 2017 00:00:00 GMT+0530 (India Standard Time)",97.6127320954908,50,80,20
"Fri Oct 13 2017 00:00:00 GMT+0530 (India Standard Time)",88.7810140237326,50,80,20
"Mon Oct 16 2017 00:00:00 GMT+0530 (India Standard Time)",69.1477885652644,50,80,20
"Tue Oct 17 2017 00:00:00 GMT+0530 (India Standard Time)",53.61380798274,50,80,20
"Wed Oct 18 2017 00:00:00 GMT+0530 (India Standard Time)",4.88135593220342,50,80,20
"Thu Oct 19 2017 00:00:00 GMT+0530 (India Standard Time)",3.00065231572082,50,80,20
"Mon Oct 23 2017 00:00:00 GMT+0530 (India Standard Time)",2.81124497991967,50,80,20
"Tue Oct 24 2017 00:00:00 GMT+0530 (India Standard Time)",5.10613884107859,50,80,20
"Wed Oct 25 2017 00:00:00 GMT+0530 (India Standard Time)",29.2598967297763,50,80,20
"Thu Oct 26 2017 00:00:00 GMT+0530 (India Standard Time)",42.2260470453242,50,80,20
"Fri Oct 27 2017 00:00:00 GMT+0530 (India Standard Time)",44.1193344807803,50,80,20
"Mon Oct 30 2017 00:00:00 GMT+0530 (India Standard Time)",41.8818129661503,50,80,20
"Tue Oct 31 2017 00:00:00 GMT+0530 (India Standard Time)",86.8043602983362,50,80,20
"Wed Nov 01 2017 00:00:00 GMT+0530 (India Standard Time)",90.7772020725389,50,80,20
"Thu Nov 02 2017 00:00:00 GMT+0530 (India Standard Time)",87.720207253886,50,80,20
"Fri Nov 03 2017 00:00:00 GMT+0530 (India Standard Time)",94.2973523421588,50,80,20
"Mon Nov 06 2017 00:00:00 GMT+0530 (India Standard Time)",88.5947046843177,50,80,20
"Tue Nov 07 2017 00:00:00 GMT+0530 (India Standard Time)",81.1099796334012,50,80,20
"Wed Nov 08 2017 00:00:00 GMT+0530 (India Standard Time)",93.2471264367816,50,80,20
"Thu Nov 09 2017 00:00:00 GMT+0530 (India Standard Time)",86.0583603520148,50,80,20
"Fri Nov 10 2017 00:00:00 GMT+0530 (India Standard Time)",90.1343214451134,50,80,20
"Mon Nov 13 2017 00:00:00 GMT+0530 (India Standard Time)",76.7620674925246,50,80,20
"Tue Nov 14 2017 00:00:00 GMT+0530 (India Standard Time)",83.8530542503204,50,80,20
"Wed Nov 15 2017 00:00:00 GMT+0530 (India Standard Time)",80.7347287483982,50,80,20
"Thu Nov 16 2017 00:00:00 GMT+0530 (India Standard Time)",81.247330200769,50,80,20
"Fri Nov 17 2017 00:00:00 GMT+0530 (India Standard Time)",81.0764630499787,50,80,20
"Mon Nov 20 2017 00:00:00 GMT+0530 (India Standard Time)",83.0493665356051,50,80,20
"Tue Nov 21 2017 00:00:00 GMT+0530 (India Standard Time)",83.5495829471733,50,80,20
"Wed Nov 22 2017 00:00:00 GMT+0530 (India Standard Time)",74.1536808167652,50,80,20
"Thu Nov 23 2017 00:00:00 GMT+0530 (India Standard Time)",75.4068716094033,50,80,20
"Fri Nov 24 2017 00:00:00 GMT+0530 (India Standard Time)",77.0343580470163,50,80,20
"Mon Nov 27 2017 00:00:00 GMT+0530 (India Standard Time)",92.7719298245614,50,80,20
"Tue Nov 28 2017 00:00:00 GMT+0530 (India Standard Time)",92.1911421911421,50,80,20
"Wed Nov 29 2017 00:00:00 GMT+0530 (India Standard Time)",61.7715617715618,50,80,20
"Thu Nov 30 2017 00:00:00 GMT+0530 (India Standard Time)",28.9044289044289,50,80,20
"Fri Dec 01 2017 00:00:00 GMT+0530 (India Standard Time)",25.2913752913754,50,80,20
"Mon Dec 04 2017 00:00:00 GMT+0530 (India Standard Time)",27.855477855478,50,80,20
"Tue Dec 05 2017 00:00:00 GMT+0530 (India Standard Time)",9.6551724137931,50,80,20
"Wed Dec 06 2017 00:00:00 GMT+0530 (India Standard Time)",3.54223433242495,50,80,20
"Thu Dec 07 2017 00:00:00 GMT+0530 (India Standard Time)",13.4510869565216,50,80,20
"Fri Dec 08 2017 00:00:00 GMT+0530 (India Standard Time)",36.4130434782609,50,80,20
"Mon Dec 11 2017 00:00:00 GMT+0530 (India Standard Time)",43.4782608695653,50,80,20
"Tue Dec 12 2017 00:00:00 GMT+0530 (India Standard Time)",25.8152173913044,50,80,20
"Wed Dec 13 2017 00:00:00 GMT+0530 (India Standard Time)",18.070652173913,50,80,20
"Thu Dec 14 2017 00:00:00 GMT+0530 (India Standard Time)",33.5597826086958,50,80,20
"Fri Dec 15 2017 00:00:00 GMT+0530 (India Standard Time)",51.2228260869567,50,80,20
"Mon Dec 18 2017 00:00:00 GMT+0530 (India Standard Time)",53.1249999999999,50,80,20
"Tue Dec 19 2017 00:00:00 GMT+0530 (India Standard Time)",66.7119565217391,50,80,20
"Wed Dec 20 2017 00:00:00 GMT+0530 (India Standard Time)",69.0217391304348,50,80,20
"Thu Dec 21 2017 00:00:00 GMT+0530 (India Standard Time)",53.9402173913045,50,80,20
"Fri Dec 22 2017 00:00:00 GMT+0530 (India Standard Time)",66.5760869565218,50,80,20
"Tue Dec 26 2017 00:00:00 GMT+0530 (India Standard Time)",70.3804347826087,50,80,20
"Wed Dec 27 2017 00:00:00 GMT+0530 (India Standard Time)",77.0392749244712,50,80,20
"Thu Dec 28 2017 00:00:00 GMT+0530 (India Standard Time)",56.2599049128368,50,80,20
"Fri Dec 29 2017 00:00:00 GMT+0530 (India Standard Time)",89.9354838709678,50,80,20
"Mon Jan 01 2018 00:00:00 GMT+0530 (India Standard Time)",89.4348894348895,50,80,20
"Tue Jan 02 2018 00:00:00 GMT+0530 (India Standard Time)",74.6928746928748,50,80,20
"Wed Jan 03 2018 00:00:00 GMT+0530 (India Standard Time)",77.0270270270272,50,80,20
"Thu Jan 04 2018 00:00:00 GMT+0530 (India Standard Time)",75.6756756756757,50,80,20
"Fri Jan 05 2018 00:00:00 GMT+0530 (India Standard Time)",83.5427135678393,50,80,20
"Mon Jan 08 2018 00:00:00 GMT+0530 (India Standard Time)",89.0703517587942,50,80,20
"Tue Jan 09 2018 00:00:00 GMT+0530 (India Standard Time)",82.0930232558138,50,80,20
"Wed Jan 10 2018 00:00:00 GMT+0530 (India Standard Time)",76.2790697674418,50,80,20
"Thu Jan 11 2018 00:00:00 GMT+0530 (India Standard Time)",66.8604651162791,50,80,20
"Fri Jan 12 2018 00:00:00 GMT+0530 (India Standard Time)",58.3720930232559,50,80,20
"Mon Jan 15 2018 00:00:00 GMT+0530 (India Standard Time)",71.0465116279069,50,80,20
"Tue Jan 16 2018 00:00:00 GMT+0530 (India Standard Time)",66.2068965517243,50,80,20
"Wed Jan 17 2018 00:00:00 GMT+0530 (India Standard Time)",90.9492273730686,50,80,20
"Thu Jan 18 2018 00:00:00 GMT+0530 (India Standard Time)",76.763875823142,50,80,20
"Fri Jan 19 2018 00:00:00 GMT+0530 (India Standard Time)",87.0178739416745,50,80,20
"Mon Jan 22 2018 00:00:00 GMT+0530 (India Standard Time)",86.8810289389067,50,80,20
"Tue Jan 23 2018 00:00:00 GMT+0530 (India Standard Time)",91.0287081339713,50,80,20
"Wed Jan 24 2018 00:00:00 GMT+0530 (India Standard Time)",76.4952153110048,50,80,20
"Thu Jan 25 2018 00:00:00 GMT+0530 (India Standard Time)",85.7320099255583,50,80,20
"Mon Jan 29 2018 00:00:00 GMT+0530 (India Standard Time)",70.6391478029293,50,80,20
"Tue Jan 30 2018 00:00:00 GMT+0530 (India Standard Time)",54.9267643142477,50,80,20
"Wed Jan 31 2018 00:00:00 GMT+0530 (India Standard Time)",54.7270306258322,50,80,20
"Thu Feb 01 2018 00:00:00 GMT+0530 (India Standard Time)",53.6617842876164,50,80,20
"Fri Feb 02 2018 00:00:00 GMT+0530 (India Standard Time)",16.5113182423435,50,80,20
"Mon Feb 05 2018 00:00:00 GMT+0530 (India Standard Time)",23.4082397003745,50,80,20
"Tue Feb 06 2018 00:00:00 GMT+0530 (India Standard Time)",31.7307692307693,50,80,20
"Wed Feb 07 2018 00:00:00 GMT+0530 (India Standard Time)",27.0833333333334,50,80,20
"Thu Feb 08 2018 00:00:00 GMT+0530 (India Standard Time)",36.8055555555556,50,80,20
"Fri Feb 09 2018 00:00:00 GMT+0530 (India Standard Time)",25.1602564102564,50,80,20
"Mon Feb 12 2018 00:00:00 GMT+0530 (India Standard Time)",32.2649572649573,50,80,20
"Wed Feb 14 2018 00:00:00 GMT+0530 (India Standard Time)",10.5769230769231,50,80,20
"Thu Feb 15 2018 00:00:00 GMT+0530 (India Standard Time)",12.8311688311689,50,80,20
"Fri Feb 16 2018 00:00:00 GMT+0530 (India Standard Time)",6.75324675324675,50,80,20
"Mon Feb 19 2018 00:00:00 GMT+0530 (India Standard Time)",13.036963036963,50,80,20
"Tue Feb 20 2018 00:00:00 GMT+0530 (India Standard Time)",4.19580419580424,50,80,20
"Wed Feb 21 2018 00:00:00 GMT+0530 (India Standard Time)",11.0465116279069,50,80,20
"Thu Feb 22 2018 00:00:00 GMT+0530 (India Standard Time)",6.00000000000002,50,80,20
"Fri Feb 23 2018 00:00:00 GMT+0530 (India Standard Time)",12.6943005181347,50,80,20
"Mon Feb 26 2018 00:00:00 GMT+0530 (India Standard Time)",28.9119170984456,50,80,20
"Tue Feb 27 2018 00:00:00 GMT+0530 (India Standard Time)",16.3551401869159,50,80,20
"Wed Feb 28 2018 00:00:00 GMT+0530 (India Standard Time)",9.72222222222222,50,80,20
"Thu Mar 01 2018 00:00:00 GMT+0530 (India Standard Time)",6.38888888888889,50,80,20
"Mon Mar 05 2018 00:00:00 GMT+0530 (India Standard Time)",6.71091445427722,50,80,20
"Tue Mar 06 2018 00:00:00 GMT+0530 (India Standard Time)",9.33940774487477,50,80,20
"Wed Mar 07 2018 00:00:00 GMT+0530 (India Standard Time)",7.33812949640283,50,80,20
"Thu Mar 08 2018 00:00:00 GMT+0530 (India Standard Time)",18.8624910007199,50,80,20
"Fri Mar 09 2018 00:00:00 GMT+0530 (India Standard Time)",3.17997293640057,50,80,20
"Mon Mar 12 2018 00:00:00 GMT+0530 (India Standard Time)",24.923076923077,50,80,20
"Tue Mar 13 2018 00:00:00 GMT+0530 (India Standard Time)",43.8461538461538,50,80,20
"Wed Mar 14 2018 00:00:00 GMT+0530 (India Standard Time)",52.744630071599,50,80,20
"Thu Mar 15 2018 00:00:00 GMT+0530 (India Standard Time)",51.4478764478765,50,80,20
"Fri Mar 16 2018 00:00:00 GMT+0530 (India Standard Time)",38.1322957198444,50,80,20
"Mon Mar 19 2018 00:00:00 GMT+0530 (India Standard Time)",32.0038910505838,50,80,20
"Tue Mar 20 2018 00:00:00 GMT+0530 (India Standard Time)",35.2140077821012,50,80,20
"Wed Mar 21 2018 00:00:00 GMT+0530 (India Standard Time)",45.3307392996108,50,80,20
"Thu Mar 22 2018 00:00:00 GMT+0530 (India Standard Time)",29.5719844357978,50,80,20
"Fri Mar 23 2018 00:00:00 GMT+0530 (India Standard Time)",5.99315068493151,50,80,20
"Mon Mar 26 2018 00:00:00 GMT+0530 (India Standard Time)",20.4391891891892,50,80,20
"Tue Mar 27 2018 00:00:00 GMT+0530 (India Standard Time)",30.1418439716313,50,80,20
"Wed Mar 28 2018 00:00:00 GMT+0530 (India Standard Time)",34.7727272727273,50,80,20
"Mon Apr 02 2018 00:00:00 GMT+0530 (India Standard Time)",14.5744680851064,50,80,20
"Tue Apr 03 2018 00:00:00 GMT+0530 (India Standard Time)",19.8936170212766,50,80,20
"Wed Apr 04 2018 00:00:00 GMT+0530 (India Standard Time)",4.08580183861082,50,80,20
"Thu Apr 05 2018 00:00:00 GMT+0530 (India Standard Time)",26.2512768130746,50,80,20
"Fri Apr 06 2018 00:00:00 GMT+0530 (India Standard Time)",20.3268641470888,50,80,20
"Mon Apr 09 2018 00:00:00 GMT+0530 (India Standard Time)",59.3462717058221,50,80,20
"Tue Apr 10 2018 00:00:00 GMT+0530 (India Standard Time)",94.0285954583683,50,80,20
"Wed Apr 11 2018 00:00:00 GMT+0530 (India Standard Time)",81.5637860082304,50,80,20
"Thu Apr 12 2018 00:00:00 GMT+0530 (India Standard Time)",96.2962962962963,50,80,20
"Fri Apr 13 2018 00:00:00 GMT+0530 (India Standard Time)",80.0918836140888,50,80,20
"Mon Apr 16 2018 00:00:00 GMT+0530 (India Standard Time)",79.8621745788668,50,80,20
"Tue Apr 17 2018 00:00:00 GMT+0530 (India Standard Time)",64.5482388973966,50,80,20
"Wed Apr 18 2018 00:00:00 GMT+0530 (India Standard Time)",42.8790199081164,50,80,20
"Thu Apr 19 2018 00:00:00 GMT+0530 (India Standard Time)",34.6860643185299,50,80,20
"Fri Apr 20 2018 00:00:00 GMT+0530 (India Standard Time)",23.6600306278714,50,80,20
"Mon Apr 23 2018 00:00:00 GMT+0530 (India Standard Time)",24.4257274119449,50,80,20
"Tue Apr 24 2018 00:00:00 GMT+0530 (India Standard Time)",22.3583460949465,50,80,20
"Wed Apr 25 2018 00:00:00 GMT+0530 (India Standard Time)",12.4808575803981,50,80,20
"Thu Apr 26 2018 00:00:00 GMT+0530 (India Standard Time)",14.4636678200692,50,80,20
"Fri Apr 27 2018 00:00:00 GMT+0530 (India Standard Time)",77.9946164199194,50,80,20
"Mon Apr 30 2018 00:00:00 GMT+0530 (India Standard Time)",48.5195154777927,50,80,20
"Wed May 02 2018 00:00:00 GMT+0530 (India Standard Time)",57.2005383580081,50,80,20
"Thu May 03 2018 00:00:00 GMT+0530 (India Standard Time)",70.1884253028264,50,80,20
"Fri May 04 2018 00:00:00 GMT+0530 (India Standard Time)",52.557200538358,50,80,20
"Mon May 07 2018 00:00:00 GMT+0530 (India Standard Time)",73.8223418573352,50,80,20
"Tue May 08 2018 00:00:00 GMT+0530 (India Standard Time)",82.099596231494,50,80,20
"Wed May 09 2018 00:00:00 GMT+0530 (India Standard Time)",90.5114401076717,50,80,20
"Thu May 10 2018 00:00:00 GMT+0530 (India Standard Time)",89.3674293405115,50,80,20
"Fri May 11 2018 00:00:00 GMT+0530 (India Standard Time)",95.7475083056478,50,80,20
"Mon May 14 2018 00:00:00 GMT+0530 (India Standard Time)",90.9851899549259,50,80,20
"Tue May 15 2018 00:00:00 GMT+0530 (India Standard Time)",83.2218844984803,50,80,20
"Wed May 16 2018 00:00:00 GMT+0530 (India Standard Time)",83.5866261398176,50,80,20
"Thu May 17 2018 00:00:00 GMT+0530 (India Standard Time)",70.7598784194529,50,80,20
"Fri May 18 2018 00:00:00 GMT+0530 (India Standard Time)",62.7963525835866,50,80,20
"Mon May 21 2018 00:00:00 GMT+0530 (India Standard Time)",55.4407294832827,50,80,20
"Tue May 22 2018 00:00:00 GMT+0530 (India Standard Time)",51.1246200607902,50,80,20
"Wed May 23 2018 00:00:00 GMT+0530 (India Standard Time)",47.4164133738602,50,80,20
"Thu May 24 2018 00:00:00 GMT+0530 (India Standard Time)",64.6808510638298,50,80,20
"Fri May 25 2018 00:00:00 GMT+0530 (India Standard Time)",69.6048632218845,50,80,20
"Mon May 28 2018 00:00:00 GMT+0530 (India Standard Time)",65.3692614770459,50,80,20
"Tue May 29 2018 00:00:00 GMT+0530 (India Standard Time)",67.2557172557173,50,80,20
"Wed May 30 2018 00:00:00 GMT+0530 (India Standard Time)",50.8436445444319,50,80,20
"Thu May 31 2018 00:00:00 GMT+0530 (India Standard Time)",60.4049493813273,50,80,20
"Fri Jun 01 2018 00:00:00 GMT+0530 (India Standard Time)",39.1156462585034,50,80,20
"Mon Jun 04 2018 00:00:00 GMT+0530 (India Standard Time)",40.0226757369614,50,80,20
"Tue Jun 05 2018 00:00:00 GMT+0530 (India Standard Time)",26.0770975056689,50,80,20
"Wed Jun 06 2018 00:00:00 GMT+0530 (India Standard Time)",27.2108843537415,50,80,20
"Thu Jun 07 2018 00:00:00 GMT+0530 (India Standard Time)",52.1541950113378,50,80,20
"Fri Jun 08 2018 00:00:00 GMT+0530 (India Standard Time)",40.8163265306122,50,80,20
"Mon Jun 11 2018 00:00:00 GMT+0530 (India Standard Time)",46.5986394557824,50,80,20
"Tue Jun 12 2018 00:00:00 GMT+0530 (India Standard Time)",52.8273809523809,50,80,20
"Wed Jun 13 2018 00:00:00 GMT+0530 (India Standard Time)",63.2440476190476,50,80,20
"Thu Jun 14 2018 00:00:00 GMT+0530 (India Standard Time)",38.888888888889,50,80,20
"Fri Jun 15 2018 00:00:00 GMT+0530 (India Standard Time)",35.4341736694678,50,80,20
"Mon Jun 18 2018 00:00:00 GMT+0530 (India Standard Time)",18.0672268907561,50,80,20
"Tue Jun 19 2018 00:00:00 GMT+0530 (India Standard Time)",7.48663101604297,50,80,20
"Wed Jun 20 2018 00:00:00 GMT+0530 (India Standard Time)",12.5668449197862,50,80,20
"Thu Jun 21 2018 00:00:00 GMT+0530 (India Standard Time)",4.79115479115463,50,80,20
"Fri Jun 22 2018 00:00:00 GMT+0530 (India Standard Time)",36.6060606060606,50,80,20
"Mon Jun 25 2018 00:00:00 GMT+0530 (India Standard Time)",11.2727272727274,50,80,20
"Tue Jun 26 2018 00:00:00 GMT+0530 (India Standard Time)",8.84848484848494,50,80,20
"Wed Jun 27 2018 00:00:00 GMT+0530 (India Standard Time)",12.4501992031873,50,80,20
"Thu Jun 28 2018 00:00:00 GMT+0530 (India Standard Time)",7.45098039215689,50,80,20
"Fri Jun 29 2018 00:00:00 GMT+0530 (India Standard Time)",22.7144203581527,50,80,20
"Mon Jul 02 2018 00:00:00 GMT+0530 (India Standard Time)",25.4476908576815,50,80,20
"Tue Jul 03 2018 00:00:00 GMT+0530 (India Standard Time)",24.1281809613573,50,80,20
