"date","williams","middle","overbought","oversold"
"Fri Aug 04 2017 00:00:00 GMT+0530 (India Standard Time)",58.5,50,80,20
"Mon Aug 07 2017 00:00:00 GMT+0530 (India Standard Time)",51.7241379310345,50,80,20
"Tue Aug 08 2017 00:00:00 GMT+0530 (India Standard Time)",47.1264367816092,50,80,20
"Wed Aug 09 2017 00:00:00 GMT+0530 (India Standard Time)",43.3908045977011,50,80,20
"Thu Aug 10 2017 00:00:00 GMT+0530 (India Standard Time)",48.1609195402299,50,80,20
"Fri Aug 11 2017 00:00:00 GMT+0530 (India Standard Time)",35.9770114942528,50,80,20
"Mon Aug 14 2017 00:00:00 GMT+0530 (India Standard Time)",21.9540229885058,50,80,20
"Wed Aug 16 2017 00:00:00 GMT+0530 (India Standard Time)",27.0114942528736,50,80,20
"Thu Aug 17 2017 00:00:00 GMT+0530 (India Standard Time)",34.9425287356322,50,80,20
"Fri Aug 18 2017 00:00:00 GMT+0530 (India Standard Time)",40.5172413793103,50,80,20
"Mon Aug 21 2017 00:00:00 GMT+0530 (India Standard Time)",37.9885057471264,50,80,20
"Tue Aug 22 2017 00:00:00 GMT+0530 (India Standard Time)",40.0574712643678,50,80,20
"Wed Aug 23 2017 00:00:00 GMT+0530 (India Standard Time)",44.8275862068966,50,80,20
"Thu Aug 24 2017 00:00:00 GMT+0530 (India Standard Time)",30.4597701149425,50,80,20
"Mon Aug 28 2017 00:00:00 GMT+0530 (India Standard Time)",46.7543859649122,50,80,20
"Tue Aug 29 2017 00:00:00 GMT+0530 (India Standard Time)",5.31249999999991,50,80,20
"Wed Aug 30 2017 00:00:00 GMT+0530 (India Standard Time)",10.8675799086759,50,80,20
"Thu Aug 31 2017 00:00:00 GMT+0530 (India Standard Time)",46.0550458715595,50,80,20
"Fri Sep 01 2017 00:00:00 GMT+0530 (India Standard Time)",46.880733944954,50,80,20
"Mon Sep 04 2017 00:00:00 GMT+0530 (India Standard Time)",37.4311926605504,50,80,20
"Tue Sep 05 2017 00:00:00 GMT+0530 (India Standard Time)",36.1467889908256,50,80,20
"Wed Sep 06 2017 00:00:00 GMT+0530 (India Standard Time)",22.142857142857,50,80,20
"Thu Sep 07 2017 00:00:00 GMT+0530 (India Standard Time)",38.9795918367345,50,80,20
"Fri Sep 08 2017 00:00:00 GMT+0530 (India Standard Time)",39.3877551020407,50,80,20
"Mon Sep 11 2017 00:00:00 GMT+0530 (India Standard Time)",41.8367346938776,50,80,20
"Tue Sep 12 2017 00:00:00 GMT+0530 (India Standard Time)",51.7915309446253,50,80,20
"Wed Sep 13 2017 00:00:00 GMT+0530 (India Standard Time)",67.5352877307273,50,80,20
"Thu Sep 14 2017 00:00:00 GMT+0530 (India Standard Time)",88.1650380021714,50,80,20
"Fri Sep 15 2017 00:00:00 GMT+0530 (India Standard Time)",88.1467544684853,50,80,20
"Mon Sep 18 2017 00:00:00 GMT+0530 (India Standard Time)",98.0274442538594,50,80,20
"Tue Sep 19 2017 00:00:00 GMT+0530 (India Standard Time)",91.680960548885,50,80,20
"Wed Sep 20 2017 00:00:00 GMT+0530 (India Standard Time)",84.4768439108062,50,80,20
"Thu Sep 21 2017 00:00:00 GMT+0530 (India Standard Time)",51.6295025728987,50,80,20
"Fri Sep 22 2017 00:00:00 GMT+0530 (India Standard Time)",75.9005145797599,50,80,20
"Mon Sep 25 2017 00:00:00 GMT+0530 (India Standard Time)",58.0617495711834,50,80,20
"Tue Sep 26 2017 00:00:00 GMT+0530 (India Standard Time)",57.3756432246998,50,80,20
"Wed Sep 27 2017 00:00:00 GMT+0530 (India Standard Time)",59.090909090909,50,80,20
"Thu Sep 28 2017 00:00:00 GMT+0530 (India Standard Time)",55.4493307839389,50,80,20
"Fri Sep 29 2017 00:00:00 GMT+0530 (India Standard Time)",54.6845124282981,50,80,20
"Tue Oct 03 2017 00:00:00 GMT+0530 (India Standard Time)",69.5028680688335,50,80,20
"Wed Oct 04 2017 00:00:00 GMT+0530 (India Standard Time)",77.2466539196941,50,80,20
"Thu Oct 05 2017 00:00:00 GMT+0530 (India Standard Time)",83.0525272547075,50,80,20
"Fri Oct 06 2017 00:00:00 GMT+0530 (India Standard Time)",98.0701754385965,50,80,20
"Mon Oct 09 2017 00:00:00 GMT+0530 (India Standard Time)",89.1228070175438,50,80,20
"Tue Oct 10 2017 00:00:00 GMT+0530 (India Standard Time)",71.4050944946591,50,80,20
"Wed Oct 11 2017 00:00:00 GMT+0530 (India Standard Time)",85.4561878952124,50,80,20
"Thu Oct 12 2017 00:00:00 GMT+0530 (India Standard Time)",93.1448157669237,50,80,20
"Fri Oct 13 2017 00:00:00 GMT+0530 (India Standard Time)",87.2225958305313,50,80,20
"Mon Oct 16 2017 00:00:00 GMT+0530 (India Standard Time)",82.5151311365165,50,80,20
"Tue Oct 17 2017 00:00:00 GMT+0530 (India Standard Time)",82.9186281102891,50,80,20
"Wed Oct 18 2017 00:00:00 GMT+0530 (India Standard Time)",83.4566240753195,50,80,20
"Thu Oct 19 2017 00:00:00 GMT+0530 (India Standard Time)",81.5736381977135,50,80,20
"Mon Oct 23 2017 00:00:00 GMT+0530 (India Standard Time)",92.0267802799757,50,80,20
"Tue Oct 24 2017 00:00:00 GMT+0530 (India Standard Time)",64.3944004869142,50,80,20
"Wed Oct 25 2017 00:00:00 GMT+0530 (India Standard Time)",55.2647595861229,50,80,20
"Thu Oct 26 2017 00:00:00 GMT+0530 (India Standard Time)",12.8787878787878,50,80,20
"Fri Oct 27 2017 00:00:00 GMT+0530 (India Standard Time)",2.9492080830148,50,80,20
"Mon Oct 30 2017 00:00:00 GMT+0530 (India Standard Time)",3.89087656529519,50,80,20
"Tue Oct 31 2017 00:00:00 GMT+0530 (India Standard Time)",21.2880143112701,50,80,20
"Wed Nov 01 2017 00:00:00 GMT+0530 (India Standard Time)",7.737030411449,50,80,20
"Thu Nov 02 2017 00:00:00 GMT+0530 (India Standard Time)",23.1663685152057,50,80,20
"Fri Nov 03 2017 00:00:00 GMT+0530 (India Standard Time)",13.5509838998211,50,80,20
"Mon Nov 06 2017 00:00:00 GMT+0530 (India Standard Time)",11.6726296958855,50,80,20
"Tue Nov 07 2017 00:00:00 GMT+0530 (India Standard Time)",40.0268336314848,50,80,20
"Wed Nov 08 2017 00:00:00 GMT+0530 (India Standard Time)",41.6815742397138,50,80,20
"Thu Nov 09 2017 00:00:00 GMT+0530 (India Standard Time)",39.3112701252237,50,80,20
"Fri Nov 10 2017 00:00:00 GMT+0530 (India Standard Time)",31.3506261180679,50,80,20
"Mon Nov 13 2017 00:00:00 GMT+0530 (India Standard Time)",33.5420393559929,50,80,20
"Tue Nov 14 2017 00:00:00 GMT+0530 (India Standard Time)",33.8103756708408,50,80,20
"Wed Nov 15 2017 00:00:00 GMT+0530 (India Standard Time)",14.6243291592129,50,80,20
"Thu Nov 16 2017 00:00:00 GMT+0530 (India Standard Time)",17.7996422182469,50,80,20
"Fri Nov 17 2017 00:00:00 GMT+0530 (India Standard Time)",7.15563506261181,50,80,20
"Mon Nov 20 2017 00:00:00 GMT+0530 (India Standard Time)",9.44186046511626,50,80,20
"Tue Nov 21 2017 00:00:00 GMT+0530 (India Standard Time)",6.19565217391309,50,80,20
"Wed Nov 22 2017 00:00:00 GMT+0530 (India Standard Time)",13.0128205128205,50,80,20
"Thu Nov 23 2017 00:00:00 GMT+0530 (India Standard Time)",38.4410983170948,50,80,20
"Fri Nov 24 2017 00:00:00 GMT+0530 (India Standard Time)",46.7670504871567,50,80,20
"Mon Nov 27 2017 00:00:00 GMT+0530 (India Standard Time)",48.658649398705,50,80,20
"Tue Nov 28 2017 00:00:00 GMT+0530 (India Standard Time)",45.9759481961147,50,80,20
"Wed Nov 29 2017 00:00:00 GMT+0530 (India Standard Time)",34.6901017576318,50,80,20
"Thu Nov 30 2017 00:00:00 GMT+0530 (India Standard Time)",25.1618871415356,50,80,20
"Fri Dec 01 2017 00:00:00 GMT+0530 (India Standard Time)",4.72697636511814,50,80,20
"Mon Dec 04 2017 00:00:00 GMT+0530 (India Standard Time)",36.3207547169812,50,80,20
"Tue Dec 05 2017 00:00:00 GMT+0530 (India Standard Time)",36.3993710691823,50,80,20
"Wed Dec 06 2017 00:00:00 GMT+0530 (India Standard Time)",53.066037735849,50,80,20
"Thu Dec 07 2017 00:00:00 GMT+0530 (India Standard Time)",64.4166666666666,50,80,20
"Fri Dec 08 2017 00:00:00 GMT+0530 (India Standard Time)",76,50,80,20
"Mon Dec 11 2017 00:00:00 GMT+0530 (India Standard Time)",91.9166666666666,50,80,20
"Tue Dec 12 2017 00:00:00 GMT+0530 (India Standard Time)",88.1014873140858,50,80,20
"Wed Dec 13 2017 00:00:00 GMT+0530 (India Standard Time)",72.6159230096238,50,80,20
"Thu Dec 14 2017 00:00:00 GMT+0530 (India Standard Time)",96.3455149501662,50,80,20
"Fri Dec 15 2017 00:00:00 GMT+0530 (India Standard Time)",93.5055865921786,50,80,20
"Mon Dec 18 2017 00:00:00 GMT+0530 (India Standard Time)",84.0083798882681,50,80,20
"Tue Dec 19 2017 00:00:00 GMT+0530 (India Standard Time)",62.2905027932961,50,80,20
"Wed Dec 20 2017 00:00:00 GMT+0530 (India Standard Time)",62.8491620111732,50,80,20
"Thu Dec 21 2017 00:00:00 GMT+0530 (India Standard Time)",91.340782122905,50,80,20
"Fri Dec 22 2017 00:00:00 GMT+0530 (India Standard Time)",86.6620111731843,50,80,20
"Tue Dec 26 2017 00:00:00 GMT+0530 (India Standard Time)",88.8268156424581,50,80,20
"Wed Dec 27 2017 00:00:00 GMT+0530 (India Standard Time)",82.1229050279329,50,80,20
"Thu Dec 28 2017 00:00:00 GMT+0530 (India Standard Time)",74.6508379888267,50,80,20
"Fri Dec 29 2017 00:00:00 GMT+0530 (India Standard Time)",85.370611183355,50,80,20
"Mon Jan 01 2018 00:00:00 GMT+0530 (India Standard Time)",70.0260078023408,50,80,20
"Tue Jan 02 2018 00:00:00 GMT+0530 (India Standard Time)",85.7142857142856,50,80,20
"Wed Jan 03 2018 00:00:00 GMT+0530 (India Standard Time)",83.2802547770701,50,80,20
"Thu Jan 04 2018 00:00:00 GMT+0530 (India Standard Time)",72.8782287822879,50,80,20
"Fri Jan 05 2018 00:00:00 GMT+0530 (India Standard Time)",83.0043859649122,50,80,20
"Mon Jan 08 2018 00:00:00 GMT+0530 (India Standard Time)",83.9912280701755,50,80,20
"Tue Jan 09 2018 00:00:00 GMT+0530 (India Standard Time)",69.4078947368422,50,80,20
"Wed Jan 10 2018 00:00:00 GMT+0530 (India Standard Time)",96.146953405018,50,80,20
"Thu Jan 11 2018 00:00:00 GMT+0530 (India Standard Time)",87.2408293460925,50,80,20
"Fri Jan 12 2018 00:00:00 GMT+0530 (India Standard Time)",96.71875,50,80,20
"Mon Jan 15 2018 00:00:00 GMT+0530 (India Standard Time)",67.4366616989568,50,80,20
"Tue Jan 16 2018 00:00:00 GMT+0530 (India Standard Time)",93.6813186813187,50,80,20
"Wed Jan 17 2018 00:00:00 GMT+0530 (India Standard Time)",89.2068273092369,50,80,20
"Thu Jan 18 2018 00:00:00 GMT+0530 (India Standard Time)",89.8534997287032,50,80,20
"Fri Jan 19 2018 00:00:00 GMT+0530 (India Standard Time)",90.5434782608695,50,80,20
"Mon Jan 22 2018 00:00:00 GMT+0530 (India Standard Time)",91.4414414414415,50,80,20
"Tue Jan 23 2018 00:00:00 GMT+0530 (India Standard Time)",96.28,50,80,20
"Wed Jan 24 2018 00:00:00 GMT+0530 (India Standard Time)",86.5721182860592,50,80,20
"Thu Jan 25 2018 00:00:00 GMT+0530 (India Standard Time)",81.2009656004828,50,80,20
"Mon Jan 29 2018 00:00:00 GMT+0530 (India Standard Time)",82.6100151745068,50,80,20
"Tue Jan 30 2018 00:00:00 GMT+0530 (India Standard Time)",75.4043332316142,50,80,20
"Wed Jan 31 2018 00:00:00 GMT+0530 (India Standard Time)",65.8143939393939,50,80,20
"Thu Feb 01 2018 00:00:00 GMT+0530 (India Standard Time)",64.7727272727273,50,80,20
"Fri Feb 02 2018 00:00:00 GMT+0530 (India Standard Time)",68.560606060606,50,80,20
"Mon Feb 05 2018 00:00:00 GMT+0530 (India Standard Time)",69.4605009633911,50,80,20
"Tue Feb 06 2018 00:00:00 GMT+0530 (India Standard Time)",44.2196531791908,50,80,20
"Wed Feb 07 2018 00:00:00 GMT+0530 (India Standard Time)",31.7179144385026,50,80,20
"Thu Feb 08 2018 00:00:00 GMT+0530 (India Standard Time)",28.7352071005917,50,80,20
"Fri Feb 09 2018 00:00:00 GMT+0530 (India Standard Time)",43.2692307692308,50,80,20
"Mon Feb 12 2018 00:00:00 GMT+0530 (India Standard Time)",24.8890532544378,50,80,20
"Wed Feb 14 2018 00:00:00 GMT+0530 (India Standard Time)",21.2700841622035,50,80,20
"Thu Feb 15 2018 00:00:00 GMT+0530 (India Standard Time)",14.9115417017692,50,80,20
"Fri Feb 16 2018 00:00:00 GMT+0530 (India Standard Time)",12.7211457455771,50,80,20
"Mon Feb 19 2018 00:00:00 GMT+0530 (India Standard Time)",10.0284495021337,50,80,20
"Tue Feb 20 2018 00:00:00 GMT+0530 (India Standard Time)",5.22759601706972,50,80,20
"Wed Feb 21 2018 00:00:00 GMT+0530 (India Standard Time)",30.4409672830725,50,80,20
"Thu Feb 22 2018 00:00:00 GMT+0530 (India Standard Time)",29.0896159317212,50,80,20
"Fri Feb 23 2018 00:00:00 GMT+0530 (India Standard Time)",45.9057071960298,50,80,20
"Mon Feb 26 2018 00:00:00 GMT+0530 (India Standard Time)",38.0066170388751,50,80,20
"Tue Feb 27 2018 00:00:00 GMT+0530 (India Standard Time)",42.2750424448217,50,80,20
"Wed Feb 28 2018 00:00:00 GMT+0530 (India Standard Time)",34.1256366723259,50,80,20
"Thu Mar 01 2018 00:00:00 GMT+0530 (India Standard Time)",37.1789290378754,50,80,20
"Mon Mar 05 2018 00:00:00 GMT+0530 (India Standard Time)",29.7397769516729,50,80,20
"Tue Mar 06 2018 00:00:00 GMT+0530 (India Standard Time)",32.1533923303834,50,80,20
"Wed Mar 07 2018 00:00:00 GMT+0530 (India Standard Time)",68.066070199587,50,80,20
"Thu Mar 08 2018 00:00:00 GMT+0530 (India Standard Time)",69.5801789401238,50,80,20
"Fri Mar 09 2018 00:00:00 GMT+0530 (India Standard Time)",59.050240880936,50,80,20
"Mon Mar 12 2018 00:00:00 GMT+0530 (India Standard Time)",88.9986824769433,50,80,20
"Tue Mar 13 2018 00:00:00 GMT+0530 (India Standard Time)",74.9670619235837,50,80,20
"Wed Mar 14 2018 00:00:00 GMT+0530 (India Standard Time)",85.5731225296442,50,80,20
"Thu Mar 15 2018 00:00:00 GMT+0530 (India Standard Time)",77.7997364953886,50,80,20
"Fri Mar 16 2018 00:00:00 GMT+0530 (India Standard Time)",84.9590937696665,50,80,20
"Mon Mar 19 2018 00:00:00 GMT+0530 (India Standard Time)",33.2284455632473,50,80,20
"Tue Mar 20 2018 00:00:00 GMT+0530 (India Standard Time)",43.1924882629109,50,80,20
"Wed Mar 21 2018 00:00:00 GMT+0530 (India Standard Time)",37.5277572168764,50,80,20
"Thu Mar 22 2018 00:00:00 GMT+0530 (India Standard Time)",23.377638780297,50,80,20
"Fri Mar 23 2018 00:00:00 GMT+0530 (India Standard Time)",70.8552631578948,50,80,20
"Mon Mar 26 2018 00:00:00 GMT+0530 (India Standard Time)",83.5526315789474,50,80,20
"Tue Mar 27 2018 00:00:00 GMT+0530 (India Standard Time)",90.1315789473684,50,80,20
"Wed Mar 28 2018 00:00:00 GMT+0530 (India Standard Time)",83.3440102498399,50,80,20
"Mon Apr 02 2018 00:00:00 GMT+0530 (India Standard Time)",93.3620159803319,50,80,20
"Tue Apr 03 2018 00:00:00 GMT+0530 (India Standard Time)",76.8870684610884,50,80,20
"Wed Apr 04 2018 00:00:00 GMT+0530 (India Standard Time)",65.184318314804,50,80,20
"Thu Apr 05 2018 00:00:00 GMT+0530 (India Standard Time)",68.4610883557636,50,80,20
"Fri Apr 06 2018 00:00:00 GMT+0530 (India Standard Time)",57.4605032182563,50,80,20
"Mon Apr 09 2018 00:00:00 GMT+0530 (India Standard Time)",58.1626682270334,50,80,20
"Tue Apr 10 2018 00:00:00 GMT+0530 (India Standard Time)",52.5453481568169,50,80,20
"Wed Apr 11 2018 00:00:00 GMT+0530 (India Standard Time)",74.6050321825629,50,80,20
"Thu Apr 12 2018 00:00:00 GMT+0530 (India Standard Time)",97.3047053449063,50,80,20
"Fri Apr 13 2018 00:00:00 GMT+0530 (India Standard Time)",75.3112924001718,50,80,20
"Mon Apr 16 2018 00:00:00 GMT+0530 (India Standard Time)",82.7393731215114,50,80,20
"Tue Apr 17 2018 00:00:00 GMT+0530 (India Standard Time)",92.2713610991842,50,80,20
"Wed Apr 18 2018 00:00:00 GMT+0530 (India Standard Time)",80.1202232717905,50,80,20
"Thu Apr 19 2018 00:00:00 GMT+0530 (India Standard Time)",97.4989402289105,50,80,20
"Fri Apr 20 2018 00:00:00 GMT+0530 (India Standard Time)",93.0559624963375,50,80,20
"Mon Apr 23 2018 00:00:00 GMT+0530 (India Standard Time)",90.2176571288824,50,80,20
"Tue Apr 24 2018 00:00:00 GMT+0530 (India Standard Time)",71.9975676497416,50,80,20
"Wed Apr 25 2018 00:00:00 GMT+0530 (India Standard Time)",76.1629674673153,50,80,20
"Thu Apr 26 2018 00:00:00 GMT+0530 (India Standard Time)",81.3317117664944,50,80,20
"Fri Apr 27 2018 00:00:00 GMT+0530 (India Standard Time)",59.6533900881728,50,80,20
"Mon Apr 30 2018 00:00:00 GMT+0530 (India Standard Time)",66.403162055336,50,80,20
"Wed May 02 2018 00:00:00 GMT+0530 (India Standard Time)",34.6305868044999,50,80,20
"Thu May 03 2018 00:00:00 GMT+0530 (India Standard Time)",3.03191489361705,50,80,20
"Fri May 04 2018 00:00:00 GMT+0530 (India Standard Time)",11.0584123814278,50,80,20
"Mon May 07 2018 00:00:00 GMT+0530 (India Standard Time)",10.2346480279581,50,80,20
"Tue May 08 2018 00:00:00 GMT+0530 (India Standard Time)",6.47088103534097,50,80,20
"Wed May 09 2018 00:00:00 GMT+0530 (India Standard Time)",10.1543056246889,50,80,20
"Thu May 10 2018 00:00:00 GMT+0530 (India Standard Time)",11.4982578397213,50,80,20
"Fri May 11 2018 00:00:00 GMT+0530 (India Standard Time)",12.8173220507715,50,80,20
"Mon May 14 2018 00:00:00 GMT+0530 (India Standard Time)",9.05923344947732,50,80,20
"Tue May 15 2018 00:00:00 GMT+0530 (India Standard Time)",8.90990542558486,50,80,20
"Wed May 16 2018 00:00:00 GMT+0530 (India Standard Time)",6.5455450472872,50,80,20
"Thu May 17 2018 00:00:00 GMT+0530 (India Standard Time)",2.48401377274961,50,80,20
"Fri May 18 2018 00:00:00 GMT+0530 (India Standard Time)",1.62969669533727,50,80,20
"Mon May 21 2018 00:00:00 GMT+0530 (India Standard Time)",4.04977375565613,50,80,20
"Tue May 22 2018 00:00:00 GMT+0530 (India Standard Time)",8.41363102232666,50,80,20
"Wed May 23 2018 00:00:00 GMT+0530 (India Standard Time)",3.60913331696539,50,80,20
"Thu May 24 2018 00:00:00 GMT+0530 (India Standard Time)",12.1286520991898,50,80,20
"Fri May 25 2018 00:00:00 GMT+0530 (India Standard Time)",14.2401178492512,50,80,20
"Mon May 28 2018 00:00:00 GMT+0530 (India Standard Time)",3.90625,50,80,20
"Tue May 29 2018 00:00:00 GMT+0530 (India Standard Time)",10.9730221279176,50,80,20
"Wed May 30 2018 00:00:00 GMT+0530 (India Standard Time)",18.5,50,80,20
"Thu May 31 2018 00:00:00 GMT+0530 (India Standard Time)",40.9649122807018,50,80,20
"Fri Jun 01 2018 00:00:00 GMT+0530 (India Standard Time)",33.2712022367195,50,80,20
"Mon Jun 04 2018 00:00:00 GMT+0530 (India Standard Time)",26.7317073170733,50,80,20
"Tue Jun 05 2018 00:00:00 GMT+0530 (India Standard Time)",8.59106529209621,50,80,20
"Wed Jun 06 2018 00:00:00 GMT+0530 (India Standard Time)",49.6563573883163,50,80,20
"Thu Jun 07 2018 00:00:00 GMT+0530 (India Standard Time)",70.9621993127148,50,80,20
"Fri Jun 08 2018 00:00:00 GMT+0530 (India Standard Time)",84.8299912816043,50,80,20
"Mon Jun 11 2018 00:00:00 GMT+0530 (India Standard Time)",50.5204163330665,50,80,20
"Tue Jun 12 2018 00:00:00 GMT+0530 (India Standard Time)",55.64451561249,50,80,20
"Wed Jun 13 2018 00:00:00 GMT+0530 (India Standard Time)",69.8959167333868,50,80,20
"Thu Jun 14 2018 00:00:00 GMT+0530 (India Standard Time)",91.1128903122499,50,80,20
"Fri Jun 15 2018 00:00:00 GMT+0530 (India Standard Time)",92.2920892494928,50,80,20
"Mon Jun 18 2018 00:00:00 GMT+0530 (India Standard Time)",68.7580853816301,50,80,20
"Tue Jun 19 2018 00:00:00 GMT+0530 (India Standard Time)",52.2639068564037,50,80,20
"Wed Jun 20 2018 00:00:00 GMT+0530 (India Standard Time)",39.974126778784,50,80,20
"Thu Jun 21 2018 00:00:00 GMT+0530 (India Standard Time)",29.1073738680465,50,80,20
"Fri Jun 22 2018 00:00:00 GMT+0530 (India Standard Time)",32.0181112548512,50,80,20
"Mon Jun 25 2018 00:00:00 GMT+0530 (India Standard Time)",37.3221216041397,50,80,20
"Tue Jun 26 2018 00:00:00 GMT+0530 (India Standard Time)",39.2626131953428,50,80,20
"Wed Jun 27 2018 00:00:00 GMT+0530 (India Standard Time)",53.0401034928848,50,80,20
"Thu Jun 28 2018 00:00:00 GMT+0530 (India Standard Time)",38.2276843467012,50,80,20
"Fri Jun 29 2018 00:00:00 GMT+0530 (India Standard Time)",59.7671410090556,50,80,20
"Mon Jul 02 2018 00:00:00 GMT+0530 (India Standard Time)",59.5730918499354,50,80,20
"Tue Jul 03 2018 00:00:00 GMT+0530 (India Standard Time)",70.5270972531551,50,80,20
"Wed Jul 04 2018 00:00:00 GMT+0530 (India Standard Time)",45.5793991416308,50,80,20
"Thu Jul 05 2018 00:00:00 GMT+0530 (India Standard Time)",54.8497854077252,50,80,20
"Fri Jul 06 2018 00:00:00 GMT+0530 (India Standard Time)",76.9098712446351,50,80,20
