"date","williams","middle","overbought","oversold"
"Thu Jul 06 2017 00:00:00 GMT+0530 (India Standard Time)",43.1297709923665,50,80,20
"Fri Jul 07 2017 00:00:00 GMT+0530 (India Standard Time)",39.6946564885498,50,80,20
"Mon Jul 10 2017 00:00:00 GMT+0530 (India Standard Time)",60.496183206107,50,80,20
"Tue Jul 11 2017 00:00:00 GMT+0530 (India Standard Time)",52.8625954198474,50,80,20
"Wed Jul 12 2017 00:00:00 GMT+0530 (India Standard Time)",68.5114503816794,50,80,20
"Thu Jul 13 2017 00:00:00 GMT+0530 (India Standard Time)",72.7099236641222,50,80,20
"Fri Jul 14 2017 00:00:00 GMT+0530 (India Standard Time)",83.5877862595422,50,80,20
"Mon Jul 17 2017 00:00:00 GMT+0530 (India Standard Time)",88.9312977099238,50,80,20
"Tue Jul 18 2017 00:00:00 GMT+0530 (India Standard Time)",79.7752808988765,50,80,20
"Wed Jul 19 2017 00:00:00 GMT+0530 (India Standard Time)",88.3895131086144,50,80,20
"Thu Jul 20 2017 00:00:00 GMT+0530 (India Standard Time)",79.5880149812734,50,80,20
"Fri Jul 21 2017 00:00:00 GMT+0530 (India Standard Time)",78.4644194756554,50,80,20
"Mon Jul 24 2017 00:00:00 GMT+0530 (India Standard Time)",93.0711610486893,50,80,20
"Tue Jul 25 2017 00:00:00 GMT+0530 (India Standard Time)",95.6521739130435,50,80,20
"Wed Jul 26 2017 00:00:00 GMT+0530 (India Standard Time)",87.145242070117,50,80,20
"Thu Jul 27 2017 00:00:00 GMT+0530 (India Standard Time)",95.0248756218905,50,80,20
"Fri Jul 28 2017 00:00:00 GMT+0530 (India Standard Time)",94.2508710801394,50,80,20
"Mon Jul 31 2017 00:00:00 GMT+0530 (India Standard Time)",96.7703349282296,50,80,20
"Tue Aug 01 2017 00:00:00 GMT+0530 (India Standard Time)",86.3368669022379,50,80,20
"Wed Aug 02 2017 00:00:00 GMT+0530 (India Standard Time)",82.3383084577114,50,80,20
"Thu Aug 03 2017 00:00:00 GMT+0530 (India Standard Time)",59.9719101123596,50,80,20
"Fri Aug 04 2017 00:00:00 GMT+0530 (India Standard Time)",69.9685534591195,50,80,20
"Mon Aug 07 2017 00:00:00 GMT+0530 (India Standard Time)",88.6792452830188,50,80,20
"Tue Aug 08 2017 00:00:00 GMT+0530 (India Standard Time)",64.7151898734176,50,80,20
"Wed Aug 09 2017 00:00:00 GMT+0530 (India Standard Time)",55.7522123893805,50,80,20
"Thu Aug 10 2017 00:00:00 GMT+0530 (India Standard Time)",34.3012704174228,50,80,20
"Fri Aug 11 2017 00:00:00 GMT+0530 (India Standard Time)",7.22891566265057,50,80,20
"Mon Aug 14 2017 00:00:00 GMT+0530 (India Standard Time)",4.4386422976501,50,80,20
"Wed Aug 16 2017 00:00:00 GMT+0530 (India Standard Time)",21.9211822660099,50,80,20
"Thu Aug 17 2017 00:00:00 GMT+0530 (India Standard Time)",16.3793103448277,50,80,20
"Fri Aug 18 2017 00:00:00 GMT+0530 (India Standard Time)",11.0837438423645,50,80,20
"Mon Aug 21 2017 00:00:00 GMT+0530 (India Standard Time)",3.13630880579,50,80,20
"Tue Aug 22 2017 00:00:00 GMT+0530 (India Standard Time)",6.19266055045869,50,80,20
"Wed Aug 23 2017 00:00:00 GMT+0530 (India Standard Time)",17.8899082568808,50,80,20
"Thu Aug 24 2017 00:00:00 GMT+0530 (India Standard Time)",20.8715596330276,50,80,20
"Mon Aug 28 2017 00:00:00 GMT+0530 (India Standard Time)",18.6926605504588,50,80,20
"Tue Aug 29 2017 00:00:00 GMT+0530 (India Standard Time)",13.302752293578,50,80,20
"Wed Aug 30 2017 00:00:00 GMT+0530 (India Standard Time)",12.3853211009175,50,80,20
"Thu Aug 31 2017 00:00:00 GMT+0530 (India Standard Time)",16.1330049261084,50,80,20
"Fri Sep 01 2017 00:00:00 GMT+0530 (India Standard Time)",16.3793103448277,50,80,20
"Mon Sep 04 2017 00:00:00 GMT+0530 (India Standard Time)",16.1330049261084,50,80,20
"Tue Sep 05 2017 00:00:00 GMT+0530 (India Standard Time)",13.1773399014779,50,80,20
"Wed Sep 06 2017 00:00:00 GMT+0530 (India Standard Time)",7.51231527093598,50,80,20
"Thu Sep 07 2017 00:00:00 GMT+0530 (India Standard Time)",8.27586206896552,50,80,20
"Fri Sep 08 2017 00:00:00 GMT+0530 (India Standard Time)",2.19435736677113,50,80,20
"Mon Sep 11 2017 00:00:00 GMT+0530 (India Standard Time)",4.185351270553,50,80,20
"Tue Sep 12 2017 00:00:00 GMT+0530 (India Standard Time)",25.7425742574256,50,80,20
"Wed Sep 13 2017 00:00:00 GMT+0530 (India Standard Time)",25.4125412541252,50,80,20
"Thu Sep 14 2017 00:00:00 GMT+0530 (India Standard Time)",30.6930693069306,50,80,20
"Fri Sep 15 2017 00:00:00 GMT+0530 (India Standard Time)",15.5378486055776,50,80,20
"Mon Sep 18 2017 00:00:00 GMT+0530 (India Standard Time)",7.50988142292479,50,80,20
"Tue Sep 19 2017 00:00:00 GMT+0530 (India Standard Time)",8.62619808306722,50,80,20
"Wed Sep 20 2017 00:00:00 GMT+0530 (India Standard Time)",23.003194888179,50,80,20
"Thu Sep 21 2017 00:00:00 GMT+0530 (India Standard Time)",13.0990415335464,50,80,20
"Fri Sep 22 2017 00:00:00 GMT+0530 (India Standard Time)",3.57142857142857,50,80,20
"Mon Sep 25 2017 00:00:00 GMT+0530 (India Standard Time)",16.4461247637051,50,80,20
"Tue Sep 26 2017 00:00:00 GMT+0530 (India Standard Time)",14.8076923076923,50,80,20
"Wed Sep 27 2017 00:00:00 GMT+0530 (India Standard Time)",2.91262135922332,50,80,20
"Thu Sep 28 2017 00:00:00 GMT+0530 (India Standard Time)",9.87055016181234,50,80,20
"Fri Sep 29 2017 00:00:00 GMT+0530 (India Standard Time)",14.4518272425249,50,80,20
"Tue Oct 03 2017 00:00:00 GMT+0530 (India Standard Time)",6.00000000000004,50,80,20
"Wed Oct 04 2017 00:00:00 GMT+0530 (India Standard Time)",13.5036496350365,50,80,20
"Thu Oct 05 2017 00:00:00 GMT+0530 (India Standard Time)",8.66425992779786,50,80,20
"Fri Oct 06 2017 00:00:00 GMT+0530 (India Standard Time)",27.5547445255475,50,80,20
"Mon Oct 09 2017 00:00:00 GMT+0530 (India Standard Time)",27.9197080291972,50,80,20
"Tue Oct 10 2017 00:00:00 GMT+0530 (India Standard Time)",28.2846715328467,50,80,20
"Wed Oct 11 2017 00:00:00 GMT+0530 (India Standard Time)",9.30656934306572,50,80,20
"Thu Oct 12 2017 00:00:00 GMT+0530 (India Standard Time)",9.96309963099626,50,80,20
"Fri Oct 13 2017 00:00:00 GMT+0530 (India Standard Time)",13.8461538461538,50,80,20
"Mon Oct 16 2017 00:00:00 GMT+0530 (India Standard Time)",13.921568627451,50,80,20
"Tue Oct 17 2017 00:00:00 GMT+0530 (India Standard Time)",11.2526539278132,50,80,20
"Wed Oct 18 2017 00:00:00 GMT+0530 (India Standard Time)",4.06779661016945,50,80,20
"Thu Oct 19 2017 00:00:00 GMT+0530 (India Standard Time)",5.28925619834709,50,80,20
"Mon Oct 23 2017 00:00:00 GMT+0530 (India Standard Time)",18.2857142857142,50,80,20
"Tue Oct 24 2017 00:00:00 GMT+0530 (India Standard Time)",64.4067796610168,50,80,20
"Wed Oct 25 2017 00:00:00 GMT+0530 (India Standard Time)",96.3751438434982,50,80,20
"Thu Oct 26 2017 00:00:00 GMT+0530 (India Standard Time)",72.0381298229687,50,80,20
"Fri Oct 27 2017 00:00:00 GMT+0530 (India Standard Time)",63.4589196550159,50,80,20
"Mon Oct 30 2017 00:00:00 GMT+0530 (India Standard Time)",64.3213799364503,50,80,20
"Tue Oct 31 2017 00:00:00 GMT+0530 (India Standard Time)",58.692691783931,50,80,20
"Wed Nov 01 2017 00:00:00 GMT+0530 (India Standard Time)",71.448025419882,50,80,20
"Thu Nov 02 2017 00:00:00 GMT+0530 (India Standard Time)",66.4548343168407,50,80,20
"Fri Nov 03 2017 00:00:00 GMT+0530 (India Standard Time)",76.1234679981843,50,80,20
"Mon Nov 06 2017 00:00:00 GMT+0530 (India Standard Time)",79.7548797094871,50,80,20
"Tue Nov 07 2017 00:00:00 GMT+0530 (India Standard Time)",69.0422151611439,50,80,20
"Wed Nov 08 2017 00:00:00 GMT+0530 (India Standard Time)",62.0971402632774,50,80,20
"Thu Nov 09 2017 00:00:00 GMT+0530 (India Standard Time)",65.8647299137539,50,80,20
"Fri Nov 10 2017 00:00:00 GMT+0530 (India Standard Time)",83.885610531094,50,80,20
"Mon Nov 13 2017 00:00:00 GMT+0530 (India Standard Time)",81.6159782115297,50,80,20
"Tue Nov 14 2017 00:00:00 GMT+0530 (India Standard Time)",79.8456650022696,50,80,20
"Wed Nov 15 2017 00:00:00 GMT+0530 (India Standard Time)",76.078075351793,50,80,20
"Thu Nov 16 2017 00:00:00 GMT+0530 (India Standard Time)",83.7494325919201,50,80,20
"Fri Nov 17 2017 00:00:00 GMT+0530 (India Standard Time)",87.3394495412844,50,80,20
"Mon Nov 20 2017 00:00:00 GMT+0530 (India Standard Time)",82.6293308020883,50,80,20
"Tue Nov 21 2017 00:00:00 GMT+0530 (India Standard Time)",71.0986703988803,50,80,20
"Wed Nov 22 2017 00:00:00 GMT+0530 (India Standard Time)",65.9574468085106,50,80,20
"Thu Nov 23 2017 00:00:00 GMT+0530 (India Standard Time)",72.2877358490566,50,80,20
"Fri Nov 24 2017 00:00:00 GMT+0530 (India Standard Time)",66.2735849056603,50,80,20
"Mon Nov 27 2017 00:00:00 GMT+0530 (India Standard Time)",73.938679245283,50,80,20
"Tue Nov 28 2017 00:00:00 GMT+0530 (India Standard Time)",63.2958801498128,50,80,20
"Wed Nov 29 2017 00:00:00 GMT+0530 (India Standard Time)",55.5555555555555,50,80,20
"Thu Nov 30 2017 00:00:00 GMT+0530 (India Standard Time)",34.2072409488141,50,80,20
"Fri Dec 01 2017 00:00:00 GMT+0530 (India Standard Time)",15.2309612983771,50,80,20
"Mon Dec 04 2017 00:00:00 GMT+0530 (India Standard Time)",17.3533083645444,50,80,20
"Tue Dec 05 2017 00:00:00 GMT+0530 (India Standard Time)",31.0861423220975,50,80,20
"Wed Dec 06 2017 00:00:00 GMT+0530 (India Standard Time)",10.9090909090909,50,80,20
"Thu Dec 07 2017 00:00:00 GMT+0530 (India Standard Time)",20.0527704485487,50,80,20
"Fri Dec 08 2017 00:00:00 GMT+0530 (India Standard Time)",11.3456464379948,50,80,20
"Mon Dec 11 2017 00:00:00 GMT+0530 (India Standard Time)",25.32981530343,50,80,20
"Tue Dec 12 2017 00:00:00 GMT+0530 (India Standard Time)",25.4617414248021,50,80,20
"Wed Dec 13 2017 00:00:00 GMT+0530 (India Standard Time)",11.8733509234829,50,80,20
"Thu Dec 14 2017 00:00:00 GMT+0530 (India Standard Time)",13.7203166226913,50,80,20
"Fri Dec 15 2017 00:00:00 GMT+0530 (India Standard Time)",11.1831442463533,50,80,20
"Mon Dec 18 2017 00:00:00 GMT+0530 (India Standard Time)",47.1337579617834,50,80,20
"Tue Dec 19 2017 00:00:00 GMT+0530 (India Standard Time)",49.4267515923568,50,80,20
"Wed Dec 20 2017 00:00:00 GMT+0530 (India Standard Time)",46.7213114754099,50,80,20
"Thu Dec 21 2017 00:00:00 GMT+0530 (India Standard Time)",44.672131147541,50,80,20
"Fri Dec 22 2017 00:00:00 GMT+0530 (India Standard Time)",53.1420765027323,50,80,20
"Tue Dec 26 2017 00:00:00 GMT+0530 (India Standard Time)",46.1432506887052,50,80,20
"Wed Dec 27 2017 00:00:00 GMT+0530 (India Standard Time)",41.944847605225,50,80,20
"Thu Dec 28 2017 00:00:00 GMT+0530 (India Standard Time)",30.6513409961686,50,80,20
"Fri Dec 29 2017 00:00:00 GMT+0530 (India Standard Time)",40.5117270788912,50,80,20
"Mon Jan 01 2018 00:00:00 GMT+0530 (India Standard Time)",28.5714285714287,50,80,20
"Tue Jan 02 2018 00:00:00 GMT+0530 (India Standard Time)",12.1535181236674,50,80,20
"Wed Jan 03 2018 00:00:00 GMT+0530 (India Standard Time)",10.44776119403,50,80,20
"Thu Jan 04 2018 00:00:00 GMT+0530 (India Standard Time)",34.5415778251599,50,80,20
"Fri Jan 05 2018 00:00:00 GMT+0530 (India Standard Time)",25.3731343283584,50,80,20
"Mon Jan 08 2018 00:00:00 GMT+0530 (India Standard Time)",23.0277185501067,50,80,20
"Tue Jan 09 2018 00:00:00 GMT+0530 (India Standard Time)",16.631130063966,50,80,20
"Wed Jan 10 2018 00:00:00 GMT+0530 (India Standard Time)",4.61215932914055,50,80,20
"Thu Jan 11 2018 00:00:00 GMT+0530 (India Standard Time)",9.22431865828086,50,80,20
"Fri Jan 12 2018 00:00:00 GMT+0530 (India Standard Time)",9.43396226415094,50,80,20
"Mon Jan 15 2018 00:00:00 GMT+0530 (India Standard Time)",10.9014675052412,50,80,20
"Tue Jan 16 2018 00:00:00 GMT+0530 (India Standard Time)",2.9772329246934,50,80,20
"Wed Jan 17 2018 00:00:00 GMT+0530 (India Standard Time)",46.4,50,80,20
"Thu Jan 18 2018 00:00:00 GMT+0530 (India Standard Time)",34.0799999999999,50,80,20
"Fri Jan 19 2018 00:00:00 GMT+0530 (India Standard Time)",53.2799999999999,50,80,20
"Mon Jan 22 2018 00:00:00 GMT+0530 (India Standard Time)",50.1805054151624,50,80,20
"Tue Jan 23 2018 00:00:00 GMT+0530 (India Standard Time)",91.2343470483006,50,80,20
"Wed Jan 24 2018 00:00:00 GMT+0530 (India Standard Time)",95.6410256410255,50,80,20
"Thu Jan 25 2018 00:00:00 GMT+0530 (India Standard Time)",51.1830635118306,50,80,20
"Mon Jan 29 2018 00:00:00 GMT+0530 (India Standard Time)",48.5678704856787,50,80,20
"Tue Jan 30 2018 00:00:00 GMT+0530 (India Standard Time)",52.1793275217933,50,80,20
"Wed Jan 31 2018 00:00:00 GMT+0530 (India Standard Time)",51.4321295143213,50,80,20
"Thu Feb 01 2018 00:00:00 GMT+0530 (India Standard Time)",33.4993773349938,50,80,20
"Fri Feb 02 2018 00:00:00 GMT+0530 (India Standard Time)",11.8306351183064,50,80,20
"Mon Feb 05 2018 00:00:00 GMT+0530 (India Standard Time)",18.8304093567252,50,80,20
"Tue Feb 06 2018 00:00:00 GMT+0530 (India Standard Time)",17.7532597793381,50,80,20
"Wed Feb 07 2018 00:00:00 GMT+0530 (India Standard Time)",19.8595787362087,50,80,20
"Thu Feb 08 2018 00:00:00 GMT+0530 (India Standard Time)",37.111334002006,50,80,20
"Fri Feb 09 2018 00:00:00 GMT+0530 (India Standard Time)",27.0812437311936,50,80,20
"Mon Feb 12 2018 00:00:00 GMT+0530 (India Standard Time)",11.7352056168506,50,80,20
"Wed Feb 14 2018 00:00:00 GMT+0530 (India Standard Time)",2.07792207792206,50,80,20
"Thu Feb 15 2018 00:00:00 GMT+0530 (India Standard Time)",7.60683760683759,50,80,20
"Fri Feb 16 2018 00:00:00 GMT+0530 (India Standard Time)",2.55183413078145,50,80,20
"Mon Feb 19 2018 00:00:00 GMT+0530 (India Standard Time)",15.5716162943496,50,80,20
"Tue Feb 20 2018 00:00:00 GMT+0530 (India Standard Time)",17.0827858081472,50,80,20
"Wed Feb 21 2018 00:00:00 GMT+0530 (India Standard Time)",21.8791064388962,50,80,20
"Thu Feb 22 2018 00:00:00 GMT+0530 (India Standard Time)",20.9592641261499,50,80,20
"Fri Feb 23 2018 00:00:00 GMT+0530 (India Standard Time)",25.4927726675427,50,80,20
"Mon Feb 26 2018 00:00:00 GMT+0530 (India Standard Time)",28.6173633440514,50,80,20
"Tue Feb 27 2018 00:00:00 GMT+0530 (India Standard Time)",17.6045016077171,50,80,20
"Wed Feb 28 2018 00:00:00 GMT+0530 (India Standard Time)",18.6831275720165,50,80,20
"Thu Mar 01 2018 00:00:00 GMT+0530 (India Standard Time)",9.05349794238683,50,80,20
"Mon Mar 05 2018 00:00:00 GMT+0530 (India Standard Time)",13.9511201629328,50,80,20
"Tue Mar 06 2018 00:00:00 GMT+0530 (India Standard Time)",3.20910973084888,50,80,20
"Wed Mar 07 2018 00:00:00 GMT+0530 (India Standard Time)",1.04803493449781,50,80,20
"Thu Mar 08 2018 00:00:00 GMT+0530 (India Standard Time)",21.1864406779661,50,80,20
"Fri Mar 09 2018 00:00:00 GMT+0530 (India Standard Time)",15.1694915254237,50,80,20
"Mon Mar 12 2018 00:00:00 GMT+0530 (India Standard Time)",15.1865008880994,50,80,20
"Tue Mar 13 2018 00:00:00 GMT+0530 (India Standard Time)",21.6216216216216,50,80,20
"Wed Mar 14 2018 00:00:00 GMT+0530 (India Standard Time)",28.7162162162162,50,80,20
"Thu Mar 15 2018 00:00:00 GMT+0530 (India Standard Time)",24.7368421052631,50,80,20
"Fri Mar 16 2018 00:00:00 GMT+0530 (India Standard Time)",21.680216802168,50,80,20
"Mon Mar 19 2018 00:00:00 GMT+0530 (India Standard Time)",10.2240896358543,50,80,20
"Tue Mar 20 2018 00:00:00 GMT+0530 (India Standard Time)",13.4453781512605,50,80,20
"Wed Mar 21 2018 00:00:00 GMT+0530 (India Standard Time)",10.3641456582633,50,80,20
"Thu Mar 22 2018 00:00:00 GMT+0530 (India Standard Time)",2.28716645489201,50,80,20
"Fri Mar 23 2018 00:00:00 GMT+0530 (India Standard Time)",5.14165792235051,50,80,20
"Mon Mar 26 2018 00:00:00 GMT+0530 (India Standard Time)",29.6956977964323,50,80,20
"Tue Mar 27 2018 00:00:00 GMT+0530 (India Standard Time)",50.5166475315729,50,80,20
"Wed Mar 28 2018 00:00:00 GMT+0530 (India Standard Time)",46.6135458167331,50,80,20
"Mon Apr 02 2018 00:00:00 GMT+0530 (India Standard Time)",36.6533864541833,50,80,20
"Tue Apr 03 2018 00:00:00 GMT+0530 (India Standard Time)",53.9375928677563,50,80,20
"Wed Apr 04 2018 00:00:00 GMT+0530 (India Standard Time)",44.4279346210996,50,80,20
"Thu Apr 05 2018 00:00:00 GMT+0530 (India Standard Time)",89.6838602329452,50,80,20
"Fri Apr 06 2018 00:00:00 GMT+0530 (India Standard Time)",91.0149750415974,50,80,20
"Mon Apr 09 2018 00:00:00 GMT+0530 (India Standard Time)",93.0921052631578,50,80,20
"Tue Apr 10 2018 00:00:00 GMT+0530 (India Standard Time)",94.7932618683002,50,80,20
"Wed Apr 11 2018 00:00:00 GMT+0530 (India Standard Time)",75.6508422664625,50,80,20
"Thu Apr 12 2018 00:00:00 GMT+0530 (India Standard Time)",65.6967840735069,50,80,20
"Fri Apr 13 2018 00:00:00 GMT+0530 (India Standard Time)",56.9678407350689,50,80,20
"Mon Apr 16 2018 00:00:00 GMT+0530 (India Standard Time)",50.9954058192956,50,80,20
"Tue Apr 17 2018 00:00:00 GMT+0530 (India Standard Time)",48.3920367534457,50,80,20
"Wed Apr 18 2018 00:00:00 GMT+0530 (India Standard Time)",43.1852986217458,50,80,20
"Thu Apr 19 2018 00:00:00 GMT+0530 (India Standard Time)",42.2664624808576,50,80,20
"Fri Apr 20 2018 00:00:00 GMT+0530 (India Standard Time)",27.1056661562021,50,80,20
"Mon Apr 23 2018 00:00:00 GMT+0530 (India Standard Time)",30.9341500765697,50,80,20
"Tue Apr 24 2018 00:00:00 GMT+0530 (India Standard Time)",20.650406504065,50,80,20
"Wed Apr 25 2018 00:00:00 GMT+0530 (India Standard Time)",1.59292035398226,50,80,20
"Thu Apr 26 2018 00:00:00 GMT+0530 (India Standard Time)",2.15384615384612,50,80,20
"Fri Apr 27 2018 00:00:00 GMT+0530 (India Standard Time)",31.0769230769231,50,80,20
"Mon Apr 30 2018 00:00:00 GMT+0530 (India Standard Time)",42.7692307692308,50,80,20
"Wed May 02 2018 00:00:00 GMT+0530 (India Standard Time)",26.1538461538462,50,80,20
"Thu May 03 2018 00:00:00 GMT+0530 (India Standard Time)",28.9230769230769,50,80,20
"Fri May 04 2018 00:00:00 GMT+0530 (India Standard Time)",29.076923076923,50,80,20
"Mon May 07 2018 00:00:00 GMT+0530 (India Standard Time)",43.0769230769231,50,80,20
"Tue May 08 2018 00:00:00 GMT+0530 (India Standard Time)",54,50,80,20
"Wed May 09 2018 00:00:00 GMT+0530 (India Standard Time)",50.8196721311475,50,80,20
"Thu May 10 2018 00:00:00 GMT+0530 (India Standard Time)",61.8,50,80,20
"Fri May 11 2018 00:00:00 GMT+0530 (India Standard Time)",76.1194029850746,50,80,20
"Mon May 14 2018 00:00:00 GMT+0530 (India Standard Time)",90.557939914163,50,80,20
"Tue May 15 2018 00:00:00 GMT+0530 (India Standard Time)",62.124248496994,50,80,20
"Wed May 16 2018 00:00:00 GMT+0530 (India Standard Time)",42.4849699398798,50,80,20
"Thu May 17 2018 00:00:00 GMT+0530 (India Standard Time)",40.8817635270541,50,80,20
"Fri May 18 2018 00:00:00 GMT+0530 (India Standard Time)",25.4509018036072,50,80,20
"Mon May 21 2018 00:00:00 GMT+0530 (India Standard Time)",47.8957915831663,50,80,20
"Tue May 22 2018 00:00:00 GMT+0530 (India Standard Time)",78.6764705882353,50,80,20
"Wed May 23 2018 00:00:00 GMT+0530 (India Standard Time)",82.4161073825503,50,80,20
"Thu May 24 2018 00:00:00 GMT+0530 (India Standard Time)",96.6442953020134,50,80,20
"Fri May 25 2018 00:00:00 GMT+0530 (India Standard Time)",92.3287671232876,50,80,20
"Mon May 28 2018 00:00:00 GMT+0530 (India Standard Time)",94.0852819807428,50,80,20
"Tue May 29 2018 00:00:00 GMT+0530 (India Standard Time)",72.7647867950482,50,80,20
"Wed May 30 2018 00:00:00 GMT+0530 (India Standard Time)",80.60522696011,50,80,20
"Thu May 31 2018 00:00:00 GMT+0530 (India Standard Time)",85.7916102841678,50,80,20
"Fri Jun 01 2018 00:00:00 GMT+0530 (India Standard Time)",78.0784844384303,50,80,20
"Mon Jun 04 2018 00:00:00 GMT+0530 (India Standard Time)",68.0649526387009,50,80,20
"Tue Jun 05 2018 00:00:00 GMT+0530 (India Standard Time)",69.553450608931,50,80,20
"Wed Jun 06 2018 00:00:00 GMT+0530 (India Standard Time)",87.4154262516914,50,80,20
"Thu Jun 07 2018 00:00:00 GMT+0530 (India Standard Time)",86.062246278755,50,80,20
"Fri Jun 08 2018 00:00:00 GMT+0530 (India Standard Time)",95.1285520974289,50,80,20
