"date","williams","middle","overbought","oversold"
"Mon Oct 30 2017 00:00:00 GMT+0530 (India Standard Time)",36.9376920927633,50,80,20
"Tue Oct 31 2017 00:00:00 GMT+0530 (India Standard Time)",22.609472743521,50,80,20
"Wed Nov 01 2017 00:00:00 GMT+0530 (India Standard Time)",23.4733392910337,50,80,20
"Thu Nov 02 2017 00:00:00 GMT+0530 (India Standard Time)",14.0303842716712,50,80,20
"Fri Nov 03 2017 00:00:00 GMT+0530 (India Standard Time)",7.71522192433723,50,80,20
"Mon Nov 06 2017 00:00:00 GMT+0530 (India Standard Time)",12.4218051831994,50,80,20
"Tue Nov 07 2017 00:00:00 GMT+0530 (India Standard Time)",2.82685512367494,50,80,20
"Wed Nov 08 2017 00:00:00 GMT+0530 (India Standard Time)",12.6011277273842,50,80,20
"Thu Nov 09 2017 00:00:00 GMT+0530 (India Standard Time)",31.8705565089483,50,80,20
"Fri Nov 10 2017 00:00:00 GMT+0530 (India Standard Time)",26.9919097818092,50,80,20
"Mon Nov 13 2017 00:00:00 GMT+0530 (India Standard Time)",12.9443491051729,50,80,20
"Tue Nov 14 2017 00:00:00 GMT+0530 (India Standard Time)",14.565627950897,50,80,20
"Wed Nov 15 2017 00:00:00 GMT+0530 (India Standard Time)",5.57158712541618,50,80,20
"Thu Nov 16 2017 00:00:00 GMT+0530 (India Standard Time)",13.1266490765172,50,80,20
"Fri Nov 17 2017 00:00:00 GMT+0530 (India Standard Time)",16.4687774846086,50,80,20
"Mon Nov 20 2017 00:00:00 GMT+0530 (India Standard Time)",24.1836035624572,50,80,20
"Tue Nov 21 2017 00:00:00 GMT+0530 (India Standard Time)",15.8558104360978,50,80,20
"Wed Nov 22 2017 00:00:00 GMT+0530 (India Standard Time)",25.5276782158502,50,80,20
"Thu Nov 23 2017 00:00:00 GMT+0530 (India Standard Time)",10.4340900039826,50,80,20
"Fri Nov 24 2017 00:00:00 GMT+0530 (India Standard Time)",20.47308319739,50,80,20
"Mon Nov 27 2017 00:00:00 GMT+0530 (India Standard Time)",28.3203923171231,50,80,20
"Tue Nov 28 2017 00:00:00 GMT+0530 (India Standard Time)",51.1472275334607,50,80,20
"Wed Nov 29 2017 00:00:00 GMT+0530 (India Standard Time)",52.013422818792,50,80,20
"Thu Nov 30 2017 00:00:00 GMT+0530 (India Standard Time)",60.2336211274758,50,80,20
"Fri Dec 01 2017 00:00:00 GMT+0530 (India Standard Time)",11.0470275066549,50,80,20
"Mon Dec 04 2017 00:00:00 GMT+0530 (India Standard Time)",38.3214920071048,50,80,20
"Tue Dec 05 2017 00:00:00 GMT+0530 (India Standard Time)",50.4884547069272,50,80,20
"Wed Dec 06 2017 00:00:00 GMT+0530 (India Standard Time)",36.2788632326821,50,80,20
"Thu Dec 07 2017 00:00:00 GMT+0530 (India Standard Time)",59.0029041626332,50,80,20
"Fri Dec 08 2017 00:00:00 GMT+0530 (India Standard Time)",77.8427205100955,50,80,20
"Mon Dec 11 2017 00:00:00 GMT+0530 (India Standard Time)",72.3009814612867,50,80,20
"Tue Dec 12 2017 00:00:00 GMT+0530 (India Standard Time)",62.9225736095965,50,80,20
"Wed Dec 13 2017 00:00:00 GMT+0530 (India Standard Time)",53.1624863685932,50,80,20
"Thu Dec 14 2017 00:00:00 GMT+0530 (India Standard Time)",58.8331515812432,50,80,20
"Fri Dec 15 2017 00:00:00 GMT+0530 (India Standard Time)",79.8255179934569,50,80,20
"Mon Dec 18 2017 00:00:00 GMT+0530 (India Standard Time)",72.3555070883316,50,80,20
"Tue Dec 19 2017 00:00:00 GMT+0530 (India Standard Time)",76.2268266085061,50,80,20
"Wed Dec 20 2017 00:00:00 GMT+0530 (India Standard Time)",68.1570338058887,50,80,20
"Thu Dec 21 2017 00:00:00 GMT+0530 (India Standard Time)",66.030534351145,50,80,20
"Fri Dec 22 2017 00:00:00 GMT+0530 (India Standard Time)",66.630316248637,50,80,20
"Tue Dec 26 2017 00:00:00 GMT+0530 (India Standard Time)",73.3914940021809,50,80,20
"Wed Dec 27 2017 00:00:00 GMT+0530 (India Standard Time)",65.8124318429663,50,80,20
"Thu Dec 28 2017 00:00:00 GMT+0530 (India Standard Time)",71.537622682661,50,80,20
"Fri Dec 29 2017 00:00:00 GMT+0530 (India Standard Time)",70.1199563794983,50,80,20
"Mon Jan 01 2018 00:00:00 GMT+0530 (India Standard Time)",72.2820236813779,50,80,20
"Tue Jan 02 2018 00:00:00 GMT+0530 (India Standard Time)",26.3125763125762,50,80,20
"Wed Jan 03 2018 00:00:00 GMT+0530 (India Standard Time)",28.876678876679,50,80,20
"Thu Jan 04 2018 00:00:00 GMT+0530 (India Standard Time)",22.794591113973,50,80,20
"Fri Jan 05 2018 00:00:00 GMT+0530 (India Standard Time)",42.1120412105602,50,80,20
"Mon Jan 08 2018 00:00:00 GMT+0530 (India Standard Time)",76.0463618802317,50,80,20
"Tue Jan 09 2018 00:00:00 GMT+0530 (India Standard Time)",65.0998068254989,50,80,20
"Wed Jan 10 2018 00:00:00 GMT+0530 (India Standard Time)",48.8731487443657,50,80,20
"Thu Jan 11 2018 00:00:00 GMT+0530 (India Standard Time)",80.360592401803,50,80,20
"Fri Jan 12 2018 00:00:00 GMT+0530 (India Standard Time)",74.095238095238,50,80,20
"Mon Jan 15 2018 00:00:00 GMT+0530 (India Standard Time)",68.6880466472304,50,80,20
"Tue Jan 16 2018 00:00:00 GMT+0530 (India Standard Time)",34.6740638002774,50,80,20
"Wed Jan 17 2018 00:00:00 GMT+0530 (India Standard Time)",40.8460471567266,50,80,20
"Thu Jan 18 2018 00:00:00 GMT+0530 (India Standard Time)",75.4137115839244,50,80,20
"Fri Jan 19 2018 00:00:00 GMT+0530 (India Standard Time)",94.5694336695112,50,80,20
"Mon Jan 22 2018 00:00:00 GMT+0530 (India Standard Time)",95.348204570185,50,80,20
"Tue Jan 23 2018 00:00:00 GMT+0530 (India Standard Time)",91.7549516351911,50,80,20
"Wed Jan 24 2018 00:00:00 GMT+0530 (India Standard Time)",79.2083514571553,50,80,20
"Thu Jan 25 2018 00:00:00 GMT+0530 (India Standard Time)",93.1274467159635,50,80,20
"Mon Jan 29 2018 00:00:00 GMT+0530 (India Standard Time)",92.7527873894656,50,80,20
"Tue Jan 30 2018 00:00:00 GMT+0530 (India Standard Time)",90.3883121876201,50,80,20
"Wed Jan 31 2018 00:00:00 GMT+0530 (India Standard Time)",81.0763888888889,50,80,20
"Thu Feb 01 2018 00:00:00 GMT+0530 (India Standard Time)",75.8680555555556,50,80,20
"Fri Feb 02 2018 00:00:00 GMT+0530 (India Standard Time)",52.5984251968504,50,80,20
"Mon Feb 05 2018 00:00:00 GMT+0530 (India Standard Time)",41.5296215573608,50,80,20
"Tue Feb 06 2018 00:00:00 GMT+0530 (India Standard Time)",42.5203090945116,50,80,20
"Wed Feb 07 2018 00:00:00 GMT+0530 (India Standard Time)",34.257975034674,50,80,20
"Thu Feb 08 2018 00:00:00 GMT+0530 (India Standard Time)",50.2278581335447,50,80,20
"Fri Feb 09 2018 00:00:00 GMT+0530 (India Standard Time)",39.9247077471766,50,80,20
"Mon Feb 12 2018 00:00:00 GMT+0530 (India Standard Time)",50.4061818902318,50,80,20
"Wed Feb 14 2018 00:00:00 GMT+0530 (India Standard Time)",63.6219536358233,50,80,20
"Thu Feb 15 2018 00:00:00 GMT+0530 (India Standard Time)",49.395680602338,50,80,20
"Fri Feb 16 2018 00:00:00 GMT+0530 (India Standard Time)",28.1089193825043,50,80,20
"Mon Feb 19 2018 00:00:00 GMT+0530 (India Standard Time)",18.97512864494,50,80,20
"Tue Feb 20 2018 00:00:00 GMT+0530 (India Standard Time)",13.1432246998285,50,80,20
"Wed Feb 21 2018 00:00:00 GMT+0530 (India Standard Time)",15.9734133790738,50,80,20
"Thu Feb 22 2018 00:00:00 GMT+0530 (India Standard Time)",25.9862778730704,50,80,20
"Fri Feb 23 2018 00:00:00 GMT+0530 (India Standard Time)",32.9545454545455,50,80,20
"Mon Feb 26 2018 00:00:00 GMT+0530 (India Standard Time)",37.5428816466552,50,80,20
"Tue Feb 27 2018 00:00:00 GMT+0530 (India Standard Time)",32.1578135331717,50,80,20
"Wed Feb 28 2018 00:00:00 GMT+0530 (India Standard Time)",22.6586826347305,50,80,20
"Thu Mar 01 2018 00:00:00 GMT+0530 (India Standard Time)",24.0232953166707,50,80,20
"Mon Mar 05 2018 00:00:00 GMT+0530 (India Standard Time)",19.3896424167694,50,80,20
"Tue Mar 06 2018 00:00:00 GMT+0530 (India Standard Time)",19.6979038224415,50,80,20
"Wed Mar 07 2018 00:00:00 GMT+0530 (India Standard Time)",1.84659090909091,50,80,20
"Thu Mar 08 2018 00:00:00 GMT+0530 (India Standard Time)",9.13407821229045,50,80,20
"Fri Mar 09 2018 00:00:00 GMT+0530 (India Standard Time)",5.1396648044693,50,80,20
"Mon Mar 12 2018 00:00:00 GMT+0530 (India Standard Time)",11.4245810055866,50,80,20
"Tue Mar 13 2018 00:00:00 GMT+0530 (India Standard Time)",23.3519553072625,50,80,20
"Wed Mar 14 2018 00:00:00 GMT+0530 (India Standard Time)",20.6145251396649,50,80,20
"Thu Mar 15 2018 00:00:00 GMT+0530 (India Standard Time)",28.5416666666667,50,80,20
"Fri Mar 16 2018 00:00:00 GMT+0530 (India Standard Time)",12.5179340028695,50,80,20
"Mon Mar 19 2018 00:00:00 GMT+0530 (India Standard Time)",5.27568425228073,50,80,20
"Tue Mar 20 2018 00:00:00 GMT+0530 (India Standard Time)",16.0954948016942,50,80,20
"Wed Mar 21 2018 00:00:00 GMT+0530 (India Standard Time)",30.0346553715826,50,80,20
"Thu Mar 22 2018 00:00:00 GMT+0530 (India Standard Time)",33.0766268771658,50,80,20
"Fri Mar 23 2018 00:00:00 GMT+0530 (India Standard Time)",17.7127454755487,50,80,20
"Mon Mar 26 2018 00:00:00 GMT+0530 (India Standard Time)",20.9087408548324,50,80,20
"Tue Mar 27 2018 00:00:00 GMT+0530 (India Standard Time)",52.6376588371197,50,80,20
"Wed Mar 28 2018 00:00:00 GMT+0530 (India Standard Time)",58.3333333333333,50,80,20
"Mon Apr 02 2018 00:00:00 GMT+0530 (India Standard Time)",66.9858870967741,50,80,20
"Tue Apr 03 2018 00:00:00 GMT+0530 (India Standard Time)",93.7283570604079,50,80,20
"Wed Apr 04 2018 00:00:00 GMT+0530 (India Standard Time)",83.9633027522935,50,80,20
"Thu Apr 05 2018 00:00:00 GMT+0530 (India Standard Time)",94.3478260869565,50,80,20
"Fri Apr 06 2018 00:00:00 GMT+0530 (India Standard Time)",96.2837837837838,50,80,20
"Mon Apr 09 2018 00:00:00 GMT+0530 (India Standard Time)",82.3313782991202,50,80,20
"Tue Apr 10 2018 00:00:00 GMT+0530 (India Standard Time)",71.9208211143695,50,80,20
"Wed Apr 11 2018 00:00:00 GMT+0530 (India Standard Time)",65.9335288367546,50,80,20
"Thu Apr 12 2018 00:00:00 GMT+0530 (India Standard Time)",67.4242424242424,50,80,20
"Fri Apr 13 2018 00:00:00 GMT+0530 (India Standard Time)",81.8181818181818,50,80,20
"Mon Apr 16 2018 00:00:00 GMT+0530 (India Standard Time)",95.1857282502444,50,80,20
"Tue Apr 17 2018 00:00:00 GMT+0530 (India Standard Time)",87.0733478576616,50,80,20
"Wed Apr 18 2018 00:00:00 GMT+0530 (India Standard Time)",91.9837281646327,50,80,20
"Thu Apr 19 2018 00:00:00 GMT+0530 (India Standard Time)",90.6769154475577,50,80,20
"Fri Apr 20 2018 00:00:00 GMT+0530 (India Standard Time)",84.9739647904786,50,80,20
"Mon Apr 23 2018 00:00:00 GMT+0530 (India Standard Time)",67.2749691738594,50,80,20
"Tue Apr 24 2018 00:00:00 GMT+0530 (India Standard Time)",69.4407981097401,50,80,20
"Wed Apr 25 2018 00:00:00 GMT+0530 (India Standard Time)",62.3346074683917,50,80,20
"Thu Apr 26 2018 00:00:00 GMT+0530 (India Standard Time)",52.833078101072,50,80,20
"Fri Apr 27 2018 00:00:00 GMT+0530 (India Standard Time)",56.5696784073506,50,80,20
"Mon Apr 30 2018 00:00:00 GMT+0530 (India Standard Time)",43.9763231197772,50,80,20
"Wed May 02 2018 00:00:00 GMT+0530 (India Standard Time)",18.3188670625856,50,80,20
"Thu May 03 2018 00:00:00 GMT+0530 (India Standard Time)",3.02267002518903,50,80,20
"Fri May 04 2018 00:00:00 GMT+0530 (India Standard Time)",7.52760120441619,50,80,20
"Mon May 07 2018 00:00:00 GMT+0530 (India Standard Time)",4.18200066912011,50,80,20
"Tue May 08 2018 00:00:00 GMT+0530 (India Standard Time)",3.97203686050206,50,80,20
"Wed May 09 2018 00:00:00 GMT+0530 (India Standard Time)",3.90848427073409,50,80,20
"Thu May 10 2018 00:00:00 GMT+0530 (India Standard Time)",2.93159609120526,50,80,20
"Fri May 11 2018 00:00:00 GMT+0530 (India Standard Time)",19.9239956568947,50,80,20
"Mon May 14 2018 00:00:00 GMT+0530 (India Standard Time)",7.30184581976115,50,80,20
"Tue May 15 2018 00:00:00 GMT+0530 (India Standard Time)",4.9176172370089,50,80,20
"Wed May 16 2018 00:00:00 GMT+0530 (India Standard Time)",4.22967863894142,50,80,20
"Thu May 17 2018 00:00:00 GMT+0530 (India Standard Time)",2.46913580246911,50,80,20
"Fri May 18 2018 00:00:00 GMT+0530 (India Standard Time)",2.16620716817645,50,80,20
"Mon May 21 2018 00:00:00 GMT+0530 (India Standard Time)",4.53223875491705,50,80,20
"Tue May 22 2018 00:00:00 GMT+0530 (India Standard Time)",8.15715995213404,50,80,20
"Wed May 23 2018 00:00:00 GMT+0530 (India Standard Time)",11.1687275628241,50,80,20
"Thu May 24 2018 00:00:00 GMT+0530 (India Standard Time)",12.0500782472613,50,80,20
"Fri May 25 2018 00:00:00 GMT+0530 (India Standard Time)",35.641627543036,50,80,20
"Mon May 28 2018 00:00:00 GMT+0530 (India Standard Time)",52.6274509803922,50,80,20
"Tue May 29 2018 00:00:00 GMT+0530 (India Standard Time)",58.5206976255516,50,80,20
"Wed May 30 2018 00:00:00 GMT+0530 (India Standard Time)",69.0896423594984,50,80,20
"Thu May 31 2018 00:00:00 GMT+0530 (India Standard Time)",77.9652844744455,50,80,20
"Fri Jun 01 2018 00:00:00 GMT+0530 (India Standard Time)",79.806181246726,50,80,20
"Mon Jun 04 2018 00:00:00 GMT+0530 (India Standard Time)",48.69041382923,50,80,20
"Tue Jun 05 2018 00:00:00 GMT+0530 (India Standard Time)",33.5254059717129,50,80,20
"Wed Jun 06 2018 00:00:00 GMT+0530 (India Standard Time)",51.9119958093242,50,80,20
"Thu Jun 07 2018 00:00:00 GMT+0530 (India Standard Time)",66.6317443687795,50,80,20
"Fri Jun 08 2018 00:00:00 GMT+0530 (India Standard Time)",64.379256155055,50,80,20
"Mon Jun 11 2018 00:00:00 GMT+0530 (India Standard Time)",63.6720796228391,50,80,20
"Tue Jun 12 2018 00:00:00 GMT+0530 (India Standard Time)",73.205866946045,50,80,20
"Wed Jun 13 2018 00:00:00 GMT+0530 (India Standard Time)",67.6008381351492,50,80,20
"Thu Jun 14 2018 00:00:00 GMT+0530 (India Standard Time)",55.1073860660031,50,80,20
"Fri Jun 15 2018 00:00:00 GMT+0530 (India Standard Time)",57.6217915138816,50,80,20
"Mon Jun 18 2018 00:00:00 GMT+0530 (India Standard Time)",62.3101100052383,50,80,20
"Tue Jun 19 2018 00:00:00 GMT+0530 (India Standard Time)",53.2215819800942,50,80,20
"Wed Jun 20 2018 00:00:00 GMT+0530 (India Standard Time)",59.219486642221,50,80,20
"Thu Jun 21 2018 00:00:00 GMT+0530 (India Standard Time)",37.5237492083597,50,80,20
"Fri Jun 22 2018 00:00:00 GMT+0530 (India Standard Time)",52.9622395833334,50,80,20
"Mon Jun 25 2018 00:00:00 GMT+0530 (India Standard Time)",48.4049479166667,50,80,20
"Tue Jun 26 2018 00:00:00 GMT+0530 (India Standard Time)",46.5169270833333,50,80,20
"Wed Jun 27 2018 00:00:00 GMT+0530 (India Standard Time)",40.7877604166667,50,80,20
"Thu Jun 28 2018 00:00:00 GMT+0530 (India Standard Time)",12.1507472384666,50,80,20
"Fri Jun 29 2018 00:00:00 GMT+0530 (India Standard Time)",19.3522906793049,50,80,20
"Mon Jul 02 2018 00:00:00 GMT+0530 (India Standard Time)",4.44355484387506,50,80,20
"Tue Jul 03 2018 00:00:00 GMT+0530 (India Standard Time)",14.5447378793851,50,80,20
"Wed Jul 04 2018 00:00:00 GMT+0530 (India Standard Time)",25.7390618841151,50,80,20
"Thu Jul 05 2018 00:00:00 GMT+0530 (India Standard Time)",19.4324004729997,50,80,20
"Fri Jul 06 2018 00:00:00 GMT+0530 (India Standard Time)",27.1186440677967,50,80,20
"Mon Jul 09 2018 00:00:00 GMT+0530 (India Standard Time)",38.2735514387071,50,80,20
"Tue Jul 10 2018 00:00:00 GMT+0530 (India Standard Time)",28.8529759558534,50,80,20
"Wed Jul 11 2018 00:00:00 GMT+0530 (India Standard Time)",36.5968362548097,50,80,20
"Thu Jul 12 2018 00:00:00 GMT+0530 (India Standard Time)",36.2599206349206,50,80,20
"Fri Jul 13 2018 00:00:00 GMT+0530 (India Standard Time)",19.2460317460318,50,80,20
"Mon Jul 16 2018 00:00:00 GMT+0530 (India Standard Time)",30.8070866141732,50,80,20
"Tue Jul 17 2018 00:00:00 GMT+0530 (India Standard Time)",45.6200787401574,50,80,20
"Wed Jul 18 2018 00:00:00 GMT+0530 (India Standard Time)",90.3288201160542,50,80,20
"Thu Jul 19 2018 00:00:00 GMT+0530 (India Standard Time)",85.4949494949495,50,80,20
"Fri Jul 20 2018 00:00:00 GMT+0530 (India Standard Time)",73.2929292929293,50,80,20
"Mon Jul 23 2018 00:00:00 GMT+0530 (India Standard Time)",73.4545454545455,50,80,20
"Tue Jul 24 2018 00:00:00 GMT+0530 (India Standard Time)",87.9340277777778,50,80,20
"Wed Jul 25 2018 00:00:00 GMT+0530 (India Standard Time)",94.1272812353767,50,80,20
"Thu Jul 26 2018 00:00:00 GMT+0530 (India Standard Time)",80.1884816753927,50,80,20
"Fri Jul 27 2018 00:00:00 GMT+0530 (India Standard Time)",87.7905759162303,50,80,20
"Mon Jul 30 2018 00:00:00 GMT+0530 (India Standard Time)",97.9123173277662,50,80,20
"Tue Jul 31 2018 00:00:00 GMT+0530 (India Standard Time)",79.6659707724426,50,80,20
"Wed Aug 01 2018 00:00:00 GMT+0530 (India Standard Time)",74.3632567849686,50,80,20
"Thu Aug 02 2018 00:00:00 GMT+0530 (India Standard Time)",80.2922755741127,50,80,20
"Fri Aug 03 2018 00:00:00 GMT+0530 (India Standard Time)",97.3094170403588,50,80,20
"Mon Aug 06 2018 00:00:00 GMT+0530 (India Standard Time)",90.0601891659501,50,80,20
"Tue Aug 07 2018 00:00:00 GMT+0530 (India Standard Time)",87.7558039552881,50,80,20
"Wed Aug 08 2018 00:00:00 GMT+0530 (India Standard Time)",90.7652622527945,50,80,20
"Thu Aug 09 2018 00:00:00 GMT+0530 (India Standard Time)",83.6629406706793,50,80,20
"Fri Aug 10 2018 00:00:00 GMT+0530 (India Standard Time)",75.2020636285469,50,80,20
"Mon Aug 13 2018 00:00:00 GMT+0530 (India Standard Time)",55.6985294117647,50,80,20
"Tue Aug 14 2018 00:00:00 GMT+0530 (India Standard Time)",56.577868852459,50,80,20
"Thu Aug 16 2018 00:00:00 GMT+0530 (India Standard Time)",38.2379450202795,50,80,20
"Fri Aug 17 2018 00:00:00 GMT+0530 (India Standard Time)",41.3699864803966,50,80,20
"Mon Aug 20 2018 00:00:00 GMT+0530 (India Standard Time)",54.5741324921136,50,80,20
"Tue Aug 21 2018 00:00:00 GMT+0530 (India Standard Time)",43.3266932270916,50,80,20
"Thu Aug 23 2018 00:00:00 GMT+0530 (India Standard Time)",15.447991761071,50,80,20
"Fri Aug 24 2018 00:00:00 GMT+0530 (India Standard Time)",10.9165808444903,50,80,20
"Mon Aug 27 2018 00:00:00 GMT+0530 (India Standard Time)",22.0391349124615,50,80,20
"Tue Aug 28 2018 00:00:00 GMT+0530 (India Standard Time)",27.0854788877446,50,80,20
"Wed Aug 29 2018 00:00:00 GMT+0530 (India Standard Time)",20.0823892893924,50,80,20
"Thu Aug 30 2018 00:00:00 GMT+0530 (India Standard Time)",7.51802265705461,50,80,20
"Fri Aug 31 2018 00:00:00 GMT+0530 (India Standard Time)",5.42396155166501,50,80,20
"Mon Sep 03 2018 00:00:00 GMT+0530 (India Standard Time)",5.9732234809475,50,80,20
"Tue Sep 04 2018 00:00:00 GMT+0530 (India Standard Time)",3.81578947368421,50,80,20
"Wed Sep 05 2018 00:00:00 GMT+0530 (India Standard Time)",20.6720233747261,50,80,20
"Thu Sep 06 2018 00:00:00 GMT+0530 (India Standard Time)",16.756624141315,50,80,20
"Fri Sep 07 2018 00:00:00 GMT+0530 (India Standard Time)",17.8339169584793,50,80,20
"Mon Sep 10 2018 00:00:00 GMT+0530 (India Standard Time)",3.8257940327238,50,80,20
"Tue Sep 11 2018 00:00:00 GMT+0530 (India Standard Time)",2.83783783783784,50,80,20
"Wed Sep 12 2018 00:00:00 GMT+0530 (India Standard Time)",12.2872340425531,50,80,20
"Fri Sep 14 2018 00:00:00 GMT+0530 (India Standard Time)",55.9042553191489,50,80,20
"Mon Sep 17 2018 00:00:00 GMT+0530 (India Standard Time)",41.9414893617021,50,80,20
"Tue Sep 18 2018 00:00:00 GMT+0530 (India Standard Time)",19.281914893617,50,80,20
"Wed Sep 19 2018 00:00:00 GMT+0530 (India Standard Time)",19.813829787234,50,80,20
"Fri Sep 21 2018 00:00:00 GMT+0530 (India Standard Time)",55.6128669230048,50,80,20
"Mon Sep 24 2018 00:00:00 GMT+0530 (India Standard Time)",40.5701960048767,50,80,20
"Tue Sep 25 2018 00:00:00 GMT+0530 (India Standard Time)",30.7605739472944,50,80,20
"Wed Sep 26 2018 00:00:00 GMT+0530 (India Standard Time)",43.9182218887743,50,80,20
