"date","williams","middle","overbought","oversold"
"Mon Jul 10 2017 00:00:00 GMT+0530 (India Standard Time)",91.7293233082707,50,80,20
"Tue Jul 11 2017 00:00:00 GMT+0530 (India Standard Time)",81.0650887573965,50,80,20
"Wed Jul 12 2017 00:00:00 GMT+0530 (India Standard Time)",87.869822485207,50,80,20
"Thu Jul 13 2017 00:00:00 GMT+0530 (India Standard Time)",97.1893491124261,50,80,20
"Fri Jul 14 2017 00:00:00 GMT+0530 (India Standard Time)",93.3139534883721,50,80,20
"Mon Jul 17 2017 00:00:00 GMT+0530 (India Standard Time)",98.6180904522613,50,80,20
"Tue Jul 18 2017 00:00:00 GMT+0530 (India Standard Time)",88.8242142025612,50,80,20
"Wed Jul 19 2017 00:00:00 GMT+0530 (India Standard Time)",97.9568671963678,50,80,20
"Thu Jul 20 2017 00:00:00 GMT+0530 (India Standard Time)",89.3303064699206,50,80,20
"Fri Jul 21 2017 00:00:00 GMT+0530 (India Standard Time)",86.6061293984109,50,80,20
"Mon Jul 24 2017 00:00:00 GMT+0530 (India Standard Time)",76.2899262899263,50,80,20
"Tue Jul 25 2017 00:00:00 GMT+0530 (India Standard Time)",95.137157107232,50,80,20
"Wed Jul 26 2017 00:00:00 GMT+0530 (India Standard Time)",94.0645161290322,50,80,20
"Thu Jul 27 2017 00:00:00 GMT+0530 (India Standard Time)",89.5604395604395,50,80,20
"Fri Jul 28 2017 00:00:00 GMT+0530 (India Standard Time)",72.6726726726728,50,80,20
"Mon Jul 31 2017 00:00:00 GMT+0530 (India Standard Time)",87.377049180328,50,80,20
"Tue Aug 01 2017 00:00:00 GMT+0530 (India Standard Time)",94.3298969072166,50,80,20
"Wed Aug 02 2017 00:00:00 GMT+0530 (India Standard Time)",89.963503649635,50,80,20
"Thu Aug 03 2017 00:00:00 GMT+0530 (India Standard Time)",86.3138686131387,50,80,20
"Fri Aug 04 2017 00:00:00 GMT+0530 (India Standard Time)",96.8656716417912,50,80,20
"Mon Aug 07 2017 00:00:00 GMT+0530 (India Standard Time)",86.7036011080332,50,80,20
"Tue Aug 08 2017 00:00:00 GMT+0530 (India Standard Time)",91.1012235817575,50,80,20
"Wed Aug 09 2017 00:00:00 GMT+0530 (India Standard Time)",86.986986986987,50,80,20
"Thu Aug 10 2017 00:00:00 GMT+0530 (India Standard Time)",83.3508956796629,50,80,20
"Fri Aug 11 2017 00:00:00 GMT+0530 (India Standard Time)",38.9380530973452,50,80,20
"Mon Aug 14 2017 00:00:00 GMT+0530 (India Standard Time)",61.1725663716814,50,80,20
"Wed Aug 16 2017 00:00:00 GMT+0530 (India Standard Time)",78.9823008849557,50,80,20
"Thu Aug 17 2017 00:00:00 GMT+0530 (India Standard Time)",88.8205128205128,50,80,20
"Fri Aug 18 2017 00:00:00 GMT+0530 (India Standard Time)",75.6923076923077,50,80,20
"Mon Aug 21 2017 00:00:00 GMT+0530 (India Standard Time)",65.3684210526316,50,80,20
"Tue Aug 22 2017 00:00:00 GMT+0530 (India Standard Time)",61.0419026047565,50,80,20
"Wed Aug 23 2017 00:00:00 GMT+0530 (India Standard Time)",72.5515463917526,50,80,20
"Thu Aug 24 2017 00:00:00 GMT+0530 (India Standard Time)",69.8453608247423,50,80,20
"Mon Aug 28 2017 00:00:00 GMT+0530 (India Standard Time)",77.0618556701032,50,80,20
"Tue Aug 29 2017 00:00:00 GMT+0530 (India Standard Time)",67.7233429394813,50,80,20
"Wed Aug 30 2017 00:00:00 GMT+0530 (India Standard Time)",86.0326894502229,50,80,20
"Thu Aug 31 2017 00:00:00 GMT+0530 (India Standard Time)",95.9881129271916,50,80,20
"Fri Sep 01 2017 00:00:00 GMT+0530 (India Standard Time)",97.9565772669221,50,80,20
"Mon Sep 04 2017 00:00:00 GMT+0530 (India Standard Time)",92.4528301886793,50,80,20
"Tue Sep 05 2017 00:00:00 GMT+0530 (India Standard Time)",95.1834862385322,50,80,20
"Wed Sep 06 2017 00:00:00 GMT+0530 (India Standard Time)",95.5275229357798,50,80,20
"Thu Sep 07 2017 00:00:00 GMT+0530 (India Standard Time)",97.2868217054264,50,80,20
"Fri Sep 08 2017 00:00:00 GMT+0530 (India Standard Time)",93.6952714535903,50,80,20
"Mon Sep 11 2017 00:00:00 GMT+0530 (India Standard Time)",92.9947460595447,50,80,20
"Tue Sep 12 2017 00:00:00 GMT+0530 (India Standard Time)",92.352371732817,50,80,20
"Wed Sep 13 2017 00:00:00 GMT+0530 (India Standard Time)",84.3198338525442,50,80,20
"Thu Sep 14 2017 00:00:00 GMT+0530 (India Standard Time)",65.3534183082271,50,80,20
"Fri Sep 15 2017 00:00:00 GMT+0530 (India Standard Time)",63.7311703360371,50,80,20
"Mon Sep 18 2017 00:00:00 GMT+0530 (India Standard Time)",79.6060254924682,50,80,20
"Tue Sep 19 2017 00:00:00 GMT+0530 (India Standard Time)",73.5805330243338,50,80,20
"Wed Sep 20 2017 00:00:00 GMT+0530 (India Standard Time)",73.4883720930233,50,80,20
"Thu Sep 21 2017 00:00:00 GMT+0530 (India Standard Time)",68.8946015424165,50,80,20
"Fri Sep 22 2017 00:00:00 GMT+0530 (India Standard Time)",28.5714285714285,50,80,20
"Mon Sep 25 2017 00:00:00 GMT+0530 (India Standard Time)",26.0292164674635,50,80,20
"Tue Sep 26 2017 00:00:00 GMT+0530 (India Standard Time)",56.4409030544489,50,80,20
"Wed Sep 27 2017 00:00:00 GMT+0530 (India Standard Time)",35.4581673306774,50,80,20
"Thu Sep 28 2017 00:00:00 GMT+0530 (India Standard Time)",31.6069057104913,50,80,20
"Fri Sep 29 2017 00:00:00 GMT+0530 (India Standard Time)",45.8167330677291,50,80,20
"Tue Oct 03 2017 00:00:00 GMT+0530 (India Standard Time)",56.4409030544489,50,80,20
"Wed Oct 04 2017 00:00:00 GMT+0530 (India Standard Time)",58.6985391766269,50,80,20
"Thu Oct 05 2017 00:00:00 GMT+0530 (India Standard Time)",56.8393094289508,50,80,20
"Fri Oct 06 2017 00:00:00 GMT+0530 (India Standard Time)",80.0796812749004,50,80,20
"Mon Oct 09 2017 00:00:00 GMT+0530 (India Standard Time)",71.7131474103586,50,80,20
"Tue Oct 10 2017 00:00:00 GMT+0530 (India Standard Time)",63.7450199203188,50,80,20
"Wed Oct 11 2017 00:00:00 GMT+0530 (India Standard Time)",46.5248226950354,50,80,20
"Thu Oct 12 2017 00:00:00 GMT+0530 (India Standard Time)",67.1641791044776,50,80,20
"Fri Oct 13 2017 00:00:00 GMT+0530 (India Standard Time)",77.4603174603174,50,80,20
"Mon Oct 16 2017 00:00:00 GMT+0530 (India Standard Time)",98.2005141388175,50,80,20
"Tue Oct 17 2017 00:00:00 GMT+0530 (India Standard Time)",95.1592356687899,50,80,20
"Wed Oct 18 2017 00:00:00 GMT+0530 (India Standard Time)",87.7707006369426,50,80,20
"Thu Oct 19 2017 00:00:00 GMT+0530 (India Standard Time)",78.8535031847133,50,80,20
"Mon Oct 23 2017 00:00:00 GMT+0530 (India Standard Time)",82.0382165605095,50,80,20
"Tue Oct 24 2017 00:00:00 GMT+0530 (India Standard Time)",86.7455621301775,50,80,20
"Wed Oct 25 2017 00:00:00 GMT+0530 (India Standard Time)",89.9550224887556,50,80,20
"Thu Oct 26 2017 00:00:00 GMT+0530 (India Standard Time)",95.7937584803258,50,80,20
"Fri Oct 27 2017 00:00:00 GMT+0530 (India Standard Time)",85.7901726427624,50,80,20
"Mon Oct 30 2017 00:00:00 GMT+0530 (India Standard Time)",88.1780250347705,50,80,20
"Tue Oct 31 2017 00:00:00 GMT+0530 (India Standard Time)",61.9115549215408,50,80,20
"Wed Nov 01 2017 00:00:00 GMT+0530 (India Standard Time)",94.7218259629102,50,80,20
"Thu Nov 02 2017 00:00:00 GMT+0530 (India Standard Time)",87.4465049928674,50,80,20
"Fri Nov 03 2017 00:00:00 GMT+0530 (India Standard Time)",77.1034482758622,50,80,20
"Mon Nov 06 2017 00:00:00 GMT+0530 (India Standard Time)",79.3103448275862,50,80,20
"Tue Nov 07 2017 00:00:00 GMT+0530 (India Standard Time)",70.4827586206897,50,80,20
"Wed Nov 08 2017 00:00:00 GMT+0530 (India Standard Time)",32.4137931034483,50,80,20
"Thu Nov 09 2017 00:00:00 GMT+0530 (India Standard Time)",32.5892857142857,50,80,20
"Fri Nov 10 2017 00:00:00 GMT+0530 (India Standard Time)",20.5985915492959,50,80,20
"Mon Nov 13 2017 00:00:00 GMT+0530 (India Standard Time)",5.08982035928141,50,80,20
"Tue Nov 14 2017 00:00:00 GMT+0530 (India Standard Time)",3.72750642673519,50,80,20
"Wed Nov 15 2017 00:00:00 GMT+0530 (India Standard Time)",2.76981852913083,50,80,20
"Thu Nov 16 2017 00:00:00 GMT+0530 (India Standard Time)",13.8490926456543,50,80,20
"Fri Nov 17 2017 00:00:00 GMT+0530 (India Standard Time)",25.883476599809,50,80,20
"Mon Nov 20 2017 00:00:00 GMT+0530 (India Standard Time)",37.9178605539637,50,80,20
"Tue Nov 21 2017 00:00:00 GMT+0530 (India Standard Time)",36.007640878701,50,80,20
"Wed Nov 22 2017 00:00:00 GMT+0530 (India Standard Time)",29.4173829990449,50,80,20
"Thu Nov 23 2017 00:00:00 GMT+0530 (India Standard Time)",28.1757402101242,50,80,20
"Fri Nov 24 2017 00:00:00 GMT+0530 (India Standard Time)",22.6361031518624,50,80,20
"Mon Nov 27 2017 00:00:00 GMT+0530 (India Standard Time)",21.3944603629417,50,80,20
"Tue Nov 28 2017 00:00:00 GMT+0530 (India Standard Time)",16.7144221585482,50,80,20
"Wed Nov 29 2017 00:00:00 GMT+0530 (India Standard Time)",8.21394460362944,50,80,20
"Thu Nov 30 2017 00:00:00 GMT+0530 (India Standard Time)",2.76717557251906,50,80,20
"Fri Dec 01 2017 00:00:00 GMT+0530 (India Standard Time)",2.06540447504301,50,80,20
"Mon Dec 04 2017 00:00:00 GMT+0530 (India Standard Time)",7.83132530120484,50,80,20
"Tue Dec 05 2017 00:00:00 GMT+0530 (India Standard Time)",6.65380906460943,50,80,20
"Wed Dec 06 2017 00:00:00 GMT+0530 (India Standard Time)",8.35010060362179,50,80,20
"Thu Dec 07 2017 00:00:00 GMT+0530 (India Standard Time)",16.0965794768612,50,80,20
"Fri Dec 08 2017 00:00:00 GMT+0530 (India Standard Time)",28.7380699893955,50,80,20
"Mon Dec 11 2017 00:00:00 GMT+0530 (India Standard Time)",33.5373317013465,50,80,20
"Tue Dec 12 2017 00:00:00 GMT+0530 (India Standard Time)",38.2244143033292,50,80,20
"Wed Dec 13 2017 00:00:00 GMT+0530 (India Standard Time)",14.5499383477189,50,80,20
"Thu Dec 14 2017 00:00:00 GMT+0530 (India Standard Time)",17.016029593095,50,80,20
"Fri Dec 15 2017 00:00:00 GMT+0530 (India Standard Time)",50.1849568434032,50,80,20
"Mon Dec 18 2017 00:00:00 GMT+0530 (India Standard Time)",75.8323057953144,50,80,20
"Tue Dec 19 2017 00:00:00 GMT+0530 (India Standard Time)",97.9695431472081,50,80,20
"Wed Dec 20 2017 00:00:00 GMT+0530 (India Standard Time)",94.7368421052632,50,80,20
"Thu Dec 21 2017 00:00:00 GMT+0530 (India Standard Time)",92.6143024618991,50,80,20
"Fri Dec 22 2017 00:00:00 GMT+0530 (India Standard Time)",91.2075029308324,50,80,20
"Tue Dec 26 2017 00:00:00 GMT+0530 (India Standard Time)",97.6846747519294,50,80,20
"Wed Dec 27 2017 00:00:00 GMT+0530 (India Standard Time)",95.9486166007905,50,80,20
"Thu Dec 28 2017 00:00:00 GMT+0530 (India Standard Time)",95.9895379250218,50,80,20
"Fri Dec 29 2017 00:00:00 GMT+0530 (India Standard Time)",90.3197925669836,50,80,20
"Mon Jan 01 2018 00:00:00 GMT+0530 (India Standard Time)",82.6274848746759,50,80,20
"Tue Jan 02 2018 00:00:00 GMT+0530 (India Standard Time)",86.6032843560933,50,80,20
"Wed Jan 03 2018 00:00:00 GMT+0530 (India Standard Time)",94.8141745894555,50,80,20
"Thu Jan 04 2018 00:00:00 GMT+0530 (India Standard Time)",96.0975609756098,50,80,20
"Fri Jan 05 2018 00:00:00 GMT+0530 (India Standard Time)",89.764973464746,50,80,20
"Mon Jan 08 2018 00:00:00 GMT+0530 (India Standard Time)",90.8263836239575,50,80,20
"Tue Jan 09 2018 00:00:00 GMT+0530 (India Standard Time)",86.9598180439727,50,80,20
"Wed Jan 10 2018 00:00:00 GMT+0530 (India Standard Time)",82.5625473843821,50,80,20
"Thu Jan 11 2018 00:00:00 GMT+0530 (India Standard Time)",81.1978771796815,50,80,20
"Fri Jan 12 2018 00:00:00 GMT+0530 (India Standard Time)",88.7123745819398,50,80,20
"Mon Jan 15 2018 00:00:00 GMT+0530 (India Standard Time)",88.1270903010033,50,80,20
"Tue Jan 16 2018 00:00:00 GMT+0530 (India Standard Time)",56.1736770691994,50,80,20
"Wed Jan 17 2018 00:00:00 GMT+0530 (India Standard Time)",66.02086438152,50,80,20
"Thu Jan 18 2018 00:00:00 GMT+0530 (India Standard Time)",41.5797317436661,50,80,20
"Fri Jan 19 2018 00:00:00 GMT+0530 (India Standard Time)",56.3338301043218,50,80,20
"Mon Jan 22 2018 00:00:00 GMT+0530 (India Standard Time)",31.0160427807486,50,80,20
"Tue Jan 23 2018 00:00:00 GMT+0530 (India Standard Time)",79.36,50,80,20
"Wed Jan 24 2018 00:00:00 GMT+0530 (India Standard Time)",68.16,50,80,20
"Thu Jan 25 2018 00:00:00 GMT+0530 (India Standard Time)",80.6596701649176,50,80,20
"Mon Jan 29 2018 00:00:00 GMT+0530 (India Standard Time)",71.0810810810811,50,80,20
"Tue Jan 30 2018 00:00:00 GMT+0530 (India Standard Time)",61.0810810810811,50,80,20
"Wed Jan 31 2018 00:00:00 GMT+0530 (India Standard Time)",54.3833580980684,50,80,20
"Thu Feb 01 2018 00:00:00 GMT+0530 (India Standard Time)",57.6523031203566,50,80,20
"Fri Feb 02 2018 00:00:00 GMT+0530 (India Standard Time)",36.4041604754829,50,80,20
"Mon Feb 05 2018 00:00:00 GMT+0530 (India Standard Time)",36.3744075829385,50,80,20
"Tue Feb 06 2018 00:00:00 GMT+0530 (India Standard Time)",25.9782608695652,50,80,20
"Wed Feb 07 2018 00:00:00 GMT+0530 (India Standard Time)",13.0434782608696,50,80,20
"Thu Feb 08 2018 00:00:00 GMT+0530 (India Standard Time)",18.3976261127597,50,80,20
"Fri Feb 09 2018 00:00:00 GMT+0530 (India Standard Time)",22.057368941642,50,80,20
"Mon Feb 12 2018 00:00:00 GMT+0530 (India Standard Time)",20.5736894164194,50,80,20
"Wed Feb 14 2018 00:00:00 GMT+0530 (India Standard Time)",20.9693372898121,50,80,20
"Thu Feb 15 2018 00:00:00 GMT+0530 (India Standard Time)",38.0811078140455,50,80,20
"Fri Feb 16 2018 00:00:00 GMT+0530 (India Standard Time)",28.8822947576657,50,80,20
"Mon Feb 19 2018 00:00:00 GMT+0530 (India Standard Time)",30.0692383778438,50,80,20
"Tue Feb 20 2018 00:00:00 GMT+0530 (India Standard Time)",46.5875370919881,50,80,20
"Wed Feb 21 2018 00:00:00 GMT+0530 (India Standard Time)",44.4114737883285,50,80,20
"Thu Feb 22 2018 00:00:00 GMT+0530 (India Standard Time)",46.4886251236399,50,80,20
"Fri Feb 23 2018 00:00:00 GMT+0530 (India Standard Time)",64.7873392680514,50,80,20
"Mon Feb 26 2018 00:00:00 GMT+0530 (India Standard Time)",75.1730959446093,50,80,20
"Tue Feb 27 2018 00:00:00 GMT+0530 (India Standard Time)",85.8353510895885,50,80,20
"Wed Feb 28 2018 00:00:00 GMT+0530 (India Standard Time)",59.5641646489104,50,80,20
"Thu Mar 01 2018 00:00:00 GMT+0530 (India Standard Time)",44.0925700365408,50,80,20
"Mon Mar 05 2018 00:00:00 GMT+0530 (India Standard Time)",26.3480392156863,50,80,20
"Tue Mar 06 2018 00:00:00 GMT+0530 (India Standard Time)",20.8281053952321,50,80,20
"Wed Mar 07 2018 00:00:00 GMT+0530 (India Standard Time)",14.7129186602872,50,80,20
"Thu Mar 08 2018 00:00:00 GMT+0530 (India Standard Time)",15.1796060254924,50,80,20
"Fri Mar 09 2018 00:00:00 GMT+0530 (India Standard Time)",5.33024333719573,50,80,20
"Mon Mar 12 2018 00:00:00 GMT+0530 (India Standard Time)",36.03707995365,50,80,20
"Tue Mar 13 2018 00:00:00 GMT+0530 (India Standard Time)",44.4959443800695,50,80,20
"Wed Mar 14 2018 00:00:00 GMT+0530 (India Standard Time)",39.6292004634994,50,80,20
"Thu Mar 15 2018 00:00:00 GMT+0530 (India Standard Time)",34.9942062572421,50,80,20
"Fri Mar 16 2018 00:00:00 GMT+0530 (India Standard Time)",16.3383545770567,50,80,20
"Mon Mar 19 2018 00:00:00 GMT+0530 (India Standard Time)",12.3986095017381,50,80,20
"Tue Mar 20 2018 00:00:00 GMT+0530 (India Standard Time)",5.46938775510208,50,80,20
"Wed Mar 21 2018 00:00:00 GMT+0530 (India Standard Time)",5.2,50,80,20
"Thu Mar 22 2018 00:00:00 GMT+0530 (India Standard Time)",14.88,50,80,20
"Fri Mar 23 2018 00:00:00 GMT+0530 (India Standard Time)",2.40452616690239,50,80,20
"Mon Mar 26 2018 00:00:00 GMT+0530 (India Standard Time)",19.0819672131148,50,80,20
"Tue Mar 27 2018 00:00:00 GMT+0530 (India Standard Time)",23.9816031537451,50,80,20
"Wed Mar 28 2018 00:00:00 GMT+0530 (India Standard Time)",13.0092923516798,50,80,20
"Mon Apr 02 2018 00:00:00 GMT+0530 (India Standard Time)",20.8782742681048,50,80,20
"Tue Apr 03 2018 00:00:00 GMT+0530 (India Standard Time)",24.6166950596252,50,80,20
"Wed Apr 04 2018 00:00:00 GMT+0530 (India Standard Time)",9.45485519591143,50,80,20
"Thu Apr 05 2018 00:00:00 GMT+0530 (India Standard Time)",38.2805429864253,50,80,20
"Fri Apr 06 2018 00:00:00 GMT+0530 (India Standard Time)",29.5022624434389,50,80,20
"Mon Apr 09 2018 00:00:00 GMT+0530 (India Standard Time)",22.8054298642534,50,80,20
"Tue Apr 10 2018 00:00:00 GMT+0530 (India Standard Time)",27.7828054298643,50,80,20
"Wed Apr 11 2018 00:00:00 GMT+0530 (India Standard Time)",50.7692307692308,50,80,20
"Thu Apr 12 2018 00:00:00 GMT+0530 (India Standard Time)",36.7065317387304,50,80,20
"Fri Apr 13 2018 00:00:00 GMT+0530 (India Standard Time)",43.9961575408261,50,80,20
"Mon Apr 16 2018 00:00:00 GMT+0530 (India Standard Time)",44.6632124352332,50,80,20
"Tue Apr 17 2018 00:00:00 GMT+0530 (India Standard Time)",44.7045707915273,50,80,20
"Wed Apr 18 2018 00:00:00 GMT+0530 (India Standard Time)",77.2020725388602,50,80,20
"Thu Apr 19 2018 00:00:00 GMT+0530 (India Standard Time)",95.9776536312849,50,80,20
"Fri Apr 20 2018 00:00:00 GMT+0530 (India Standard Time)",89.050279329609,50,80,20
"Mon Apr 23 2018 00:00:00 GMT+0530 (India Standard Time)",81.1173184357542,50,80,20
"Tue Apr 24 2018 00:00:00 GMT+0530 (India Standard Time)",64.022346368715,50,80,20
"Wed Apr 25 2018 00:00:00 GMT+0530 (India Standard Time)",44.5238095238095,50,80,20
"Thu Apr 26 2018 00:00:00 GMT+0530 (India Standard Time)",44.7619047619048,50,80,20
"Fri Apr 27 2018 00:00:00 GMT+0530 (India Standard Time)",53.6904761904762,50,80,20
"Mon Apr 30 2018 00:00:00 GMT+0530 (India Standard Time)",64.047619047619,50,80,20
"Wed May 02 2018 00:00:00 GMT+0530 (India Standard Time)",28.3333333333333,50,80,20
"Thu May 03 2018 00:00:00 GMT+0530 (India Standard Time)",24.4813278008298,50,80,20
"Fri May 04 2018 00:00:00 GMT+0530 (India Standard Time)",11.8948824343014,50,80,20
"Mon May 07 2018 00:00:00 GMT+0530 (India Standard Time)",22.4066390041493,50,80,20
"Tue May 08 2018 00:00:00 GMT+0530 (India Standard Time)",15.3526970954356,50,80,20
"Wed May 09 2018 00:00:00 GMT+0530 (India Standard Time)",16.0442600276624,50,80,20
"Thu May 10 2018 00:00:00 GMT+0530 (India Standard Time)",6.50069156293214,50,80,20
"Fri May 11 2018 00:00:00 GMT+0530 (India Standard Time)",26.5560165975103,50,80,20
"Mon May 14 2018 00:00:00 GMT+0530 (India Standard Time)",13.1396957123098,50,80,20
"Tue May 15 2018 00:00:00 GMT+0530 (India Standard Time)",12.0331950207468,50,80,20
"Wed May 16 2018 00:00:00 GMT+0530 (India Standard Time)",6.21621621621625,50,80,20
"Thu May 17 2018 00:00:00 GMT+0530 (India Standard Time)",4.31937172774863,50,80,20
"Fri May 18 2018 00:00:00 GMT+0530 (India Standard Time)",2.25653206650829,50,80,20
"Mon May 21 2018 00:00:00 GMT+0530 (India Standard Time)",5.55555555555558,50,80,20
"Tue May 22 2018 00:00:00 GMT+0530 (India Standard Time)",21.6019417475728,50,80,20
"Wed May 23 2018 00:00:00 GMT+0530 (India Standard Time)",4.70701248799235,50,80,20
"Thu May 24 2018 00:00:00 GMT+0530 (India Standard Time)",16.8276972624799,50,80,20
"Fri May 25 2018 00:00:00 GMT+0530 (India Standard Time)",18.7600644122383,50,80,20
"Mon May 28 2018 00:00:00 GMT+0530 (India Standard Time)",21.7391304347826,50,80,20
"Tue May 29 2018 00:00:00 GMT+0530 (India Standard Time)",26.1276595744681,50,80,20
"Wed May 30 2018 00:00:00 GMT+0530 (India Standard Time)",25,50,80,20
"Thu May 31 2018 00:00:00 GMT+0530 (India Standard Time)",19.6969696969697,50,80,20
"Fri Jun 01 2018 00:00:00 GMT+0530 (India Standard Time)",19.7142857142857,50,80,20
"Mon Jun 04 2018 00:00:00 GMT+0530 (India Standard Time)",16.8571428571429,50,80,20
"Tue Jun 05 2018 00:00:00 GMT+0530 (India Standard Time)",15.9047619047619,50,80,20
"Wed Jun 06 2018 00:00:00 GMT+0530 (India Standard Time)",16.9474727452923,50,80,20
"Thu Jun 07 2018 00:00:00 GMT+0530 (India Standard Time)",18.434093161546,50,80,20
"Fri Jun 08 2018 00:00:00 GMT+0530 (India Standard Time)",16.6501486620416,50,80,20
"Mon Jun 11 2018 00:00:00 GMT+0530 (India Standard Time)",17.2268907563025,50,80,20
