"date","williams","middle","overbought","oversold"
"Tue Aug 01 2017 00:00:00 GMT+0530 (India Standard Time)",97.26609963548,50,80,20
"Wed Aug 02 2017 00:00:00 GMT+0530 (India Standard Time)",93.7463357435998,50,80,20
"Thu Aug 03 2017 00:00:00 GMT+0530 (India Standard Time)",85.3288364249579,50,80,20
"Fri Aug 04 2017 00:00:00 GMT+0530 (India Standard Time)",90.9631391200951,50,80,20
"Mon Aug 07 2017 00:00:00 GMT+0530 (India Standard Time)",98.4913542996403,50,80,20
"Tue Aug 08 2017 00:00:00 GMT+0530 (India Standard Time)",68.8272810100221,50,80,20
"Wed Aug 09 2017 00:00:00 GMT+0530 (India Standard Time)",55.6970509383378,50,80,20
"Thu Aug 10 2017 00:00:00 GMT+0530 (India Standard Time)",34.8422496570644,50,80,20
"Fri Aug 11 2017 00:00:00 GMT+0530 (India Standard Time)",35.2173913043478,50,80,20
"Mon Aug 14 2017 00:00:00 GMT+0530 (India Standard Time)",25.0739644970415,50,80,20
"Wed Aug 16 2017 00:00:00 GMT+0530 (India Standard Time)",33.3579881656805,50,80,20
"Thu Aug 17 2017 00:00:00 GMT+0530 (India Standard Time)",47.7810650887574,50,80,20
"Fri Aug 18 2017 00:00:00 GMT+0530 (India Standard Time)",61.9822485207101,50,80,20
"Mon Aug 21 2017 00:00:00 GMT+0530 (India Standard Time)",52.1072796934866,50,80,20
"Tue Aug 22 2017 00:00:00 GMT+0530 (India Standard Time)",71.4176245210728,50,80,20
"Wed Aug 23 2017 00:00:00 GMT+0530 (India Standard Time)",69.701726844584,50,80,20
"Thu Aug 24 2017 00:00:00 GMT+0530 (India Standard Time)",67.3469387755102,50,80,20
"Mon Aug 28 2017 00:00:00 GMT+0530 (India Standard Time)",67.032967032967,50,80,20
"Tue Aug 29 2017 00:00:00 GMT+0530 (India Standard Time)",60.9105180533752,50,80,20
"Wed Aug 30 2017 00:00:00 GMT+0530 (India Standard Time)",87.3626373626374,50,80,20
"Thu Aug 31 2017 00:00:00 GMT+0530 (India Standard Time)",92.1185827910339,50,80,20
"Fri Sep 01 2017 00:00:00 GMT+0530 (India Standard Time)",96.7136150234741,50,80,20
"Mon Sep 04 2017 00:00:00 GMT+0530 (India Standard Time)",81.4975247524752,50,80,20
"Tue Sep 05 2017 00:00:00 GMT+0530 (India Standard Time)",91.5222772277228,50,80,20
"Wed Sep 06 2017 00:00:00 GMT+0530 (India Standard Time)",86.1386138613861,50,80,20
"Thu Sep 07 2017 00:00:00 GMT+0530 (India Standard Time)",72.7722772277228,50,80,20
"Fri Sep 08 2017 00:00:00 GMT+0530 (India Standard Time)",59.4678217821782,50,80,20
"Mon Sep 11 2017 00:00:00 GMT+0530 (India Standard Time)",58.1064356435643,50,80,20
"Tue Sep 12 2017 00:00:00 GMT+0530 (India Standard Time)",84.8391089108911,50,80,20
"Wed Sep 13 2017 00:00:00 GMT+0530 (India Standard Time)",36.3384188626907,50,80,20
"Thu Sep 14 2017 00:00:00 GMT+0530 (India Standard Time)",30.8567096285065,50,80,20
"Fri Sep 15 2017 00:00:00 GMT+0530 (India Standard Time)",17.2734970364098,50,80,20
"Mon Sep 18 2017 00:00:00 GMT+0530 (India Standard Time)",18.4589331075359,50,80,20
"Tue Sep 19 2017 00:00:00 GMT+0530 (India Standard Time)",33.6155800169347,50,80,20
"Wed Sep 20 2017 00:00:00 GMT+0530 (India Standard Time)",12.2777307366638,50,80,20
"Thu Sep 21 2017 00:00:00 GMT+0530 (India Standard Time)",15.4106689246401,50,80,20
"Fri Sep 22 2017 00:00:00 GMT+0530 (India Standard Time)",14.1269841269841,50,80,20
"Mon Sep 25 2017 00:00:00 GMT+0530 (India Standard Time)",13.1171702284451,50,80,20
"Tue Sep 26 2017 00:00:00 GMT+0530 (India Standard Time)",10.691458454387,50,80,20
"Wed Sep 27 2017 00:00:00 GMT+0530 (India Standard Time)",6.4497385241139,50,80,20
"Thu Sep 28 2017 00:00:00 GMT+0530 (India Standard Time)",13.9089968976216,50,80,20
"Fri Sep 29 2017 00:00:00 GMT+0530 (India Standard Time)",22.6473629782834,50,80,20
"Tue Oct 03 2017 00:00:00 GMT+0530 (India Standard Time)",31.9761129207384,50,80,20
"Wed Oct 04 2017 00:00:00 GMT+0530 (India Standard Time)",40.3846153846154,50,80,20
"Thu Oct 05 2017 00:00:00 GMT+0530 (India Standard Time)",33.7362637362638,50,80,20
"Fri Oct 06 2017 00:00:00 GMT+0530 (India Standard Time)",44.1758241758242,50,80,20
"Mon Oct 09 2017 00:00:00 GMT+0530 (India Standard Time)",35,50,80,20
"Tue Oct 10 2017 00:00:00 GMT+0530 (India Standard Time)",36.1538461538462,50,80,20
"Wed Oct 11 2017 00:00:00 GMT+0530 (India Standard Time)",43.9010989010989,50,80,20
"Thu Oct 12 2017 00:00:00 GMT+0530 (India Standard Time)",55.8940397350994,50,80,20
"Fri Oct 13 2017 00:00:00 GMT+0530 (India Standard Time)",66.8367346938776,50,80,20
"Mon Oct 16 2017 00:00:00 GMT+0530 (India Standard Time)",83.3333333333333,50,80,20
"Tue Oct 17 2017 00:00:00 GMT+0530 (India Standard Time)",97.3118279569892,50,80,20
"Wed Oct 18 2017 00:00:00 GMT+0530 (India Standard Time)",91.6488222698073,50,80,20
"Thu Oct 19 2017 00:00:00 GMT+0530 (India Standard Time)",83.8686652391148,50,80,20
"Mon Oct 23 2017 00:00:00 GMT+0530 (India Standard Time)",88.1766381766382,50,80,20
"Tue Oct 24 2017 00:00:00 GMT+0530 (India Standard Time)",85.8262108262108,50,80,20
"Wed Oct 25 2017 00:00:00 GMT+0530 (India Standard Time)",86.039886039886,50,80,20
"Thu Oct 26 2017 00:00:00 GMT+0530 (India Standard Time)",96.2410171365396,50,80,20
"Fri Oct 27 2017 00:00:00 GMT+0530 (India Standard Time)",79.0639154504278,50,80,20
"Mon Oct 30 2017 00:00:00 GMT+0530 (India Standard Time)",82.8954723309112,50,80,20
"Tue Oct 31 2017 00:00:00 GMT+0530 (India Standard Time)",88.2318154937907,50,80,20
"Wed Nov 01 2017 00:00:00 GMT+0530 (India Standard Time)",84.6103470857891,50,80,20
"Thu Nov 02 2017 00:00:00 GMT+0530 (India Standard Time)",88.6051080550099,50,80,20
"Fri Nov 03 2017 00:00:00 GMT+0530 (India Standard Time)",75.5467196819086,50,80,20
"Mon Nov 06 2017 00:00:00 GMT+0530 (India Standard Time)",63.7508283631545,50,80,20
"Tue Nov 07 2017 00:00:00 GMT+0530 (India Standard Time)",60.0397614314115,50,80,20
"Wed Nov 08 2017 00:00:00 GMT+0530 (India Standard Time)",56.6089965397925,50,80,20
"Thu Nov 09 2017 00:00:00 GMT+0530 (India Standard Time)",56.4766839378238,50,80,20
"Fri Nov 10 2017 00:00:00 GMT+0530 (India Standard Time)",41.59881569208,50,80,20
"Mon Nov 13 2017 00:00:00 GMT+0530 (India Standard Time)",18.5451638689049,50,80,20
"Tue Nov 14 2017 00:00:00 GMT+0530 (India Standard Time)",8.7363494539782,50,80,20
"Wed Nov 15 2017 00:00:00 GMT+0530 (India Standard Time)",26.9110764430577,50,80,20
"Thu Nov 16 2017 00:00:00 GMT+0530 (India Standard Time)",18.5647425897037,50,80,20
"Fri Nov 17 2017 00:00:00 GMT+0530 (India Standard Time)",25.8190327613105,50,80,20
"Mon Nov 20 2017 00:00:00 GMT+0530 (India Standard Time)",26.5210608424337,50,80,20
"Tue Nov 21 2017 00:00:00 GMT+0530 (India Standard Time)",37.5195007800312,50,80,20
"Wed Nov 22 2017 00:00:00 GMT+0530 (India Standard Time)",31.591263650546,50,80,20
"Thu Nov 23 2017 00:00:00 GMT+0530 (India Standard Time)",27.613104524181,50,80,20
"Fri Nov 24 2017 00:00:00 GMT+0530 (India Standard Time)",36.7394695787832,50,80,20
"Mon Nov 27 2017 00:00:00 GMT+0530 (India Standard Time)",35.5029585798816,50,80,20
"Tue Nov 28 2017 00:00:00 GMT+0530 (India Standard Time)",34.0659340659341,50,80,20
"Wed Nov 29 2017 00:00:00 GMT+0530 (India Standard Time)",34.4040574809806,50,80,20
"Thu Nov 30 2017 00:00:00 GMT+0530 (India Standard Time)",29.2595896520964,50,80,20
"Fri Dec 01 2017 00:00:00 GMT+0530 (India Standard Time)",19.5414847161572,50,80,20
"Mon Dec 04 2017 00:00:00 GMT+0530 (India Standard Time)",22.0403022670025,50,80,20
"Tue Dec 05 2017 00:00:00 GMT+0530 (India Standard Time)",33.8790931989924,50,80,20
"Wed Dec 06 2017 00:00:00 GMT+0530 (India Standard Time)",9.07911802853437,50,80,20
"Thu Dec 07 2017 00:00:00 GMT+0530 (India Standard Time)",38.3855024711698,50,80,20
"Fri Dec 08 2017 00:00:00 GMT+0530 (India Standard Time)",88.9621087314665,50,80,20
"Mon Dec 11 2017 00:00:00 GMT+0530 (India Standard Time)",78.216374269006,50,80,20
"Tue Dec 12 2017 00:00:00 GMT+0530 (India Standard Time)",29.7213622291021,50,80,20
"Wed Dec 13 2017 00:00:00 GMT+0530 (India Standard Time)",52.4767801857586,50,80,20
"Thu Dec 14 2017 00:00:00 GMT+0530 (India Standard Time)",74.922600619195,50,80,20
"Fri Dec 15 2017 00:00:00 GMT+0530 (India Standard Time)",94.5301542776997,50,80,20
"Mon Dec 18 2017 00:00:00 GMT+0530 (India Standard Time)",91.4814814814814,50,80,20
"Tue Dec 19 2017 00:00:00 GMT+0530 (India Standard Time)",97.9820627802688,50,80,20
"Wed Dec 20 2017 00:00:00 GMT+0530 (India Standard Time)",93.7431394072447,50,80,20
"Thu Dec 21 2017 00:00:00 GMT+0530 (India Standard Time)",89.4428152492669,50,80,20
"Fri Dec 22 2017 00:00:00 GMT+0530 (India Standard Time)",89.5405669599217,50,80,20
"Tue Dec 26 2017 00:00:00 GMT+0530 (India Standard Time)",93.2267168391345,50,80,20
"Wed Dec 27 2017 00:00:00 GMT+0530 (India Standard Time)",82.8786453433678,50,80,20
"Thu Dec 28 2017 00:00:00 GMT+0530 (India Standard Time)",69.3320790216369,50,80,20
"Fri Dec 29 2017 00:00:00 GMT+0530 (India Standard Time)",53.3396048918157,50,80,20
"Mon Jan 01 2018 00:00:00 GMT+0530 (India Standard Time)",36.2182502351835,50,80,20
"Tue Jan 02 2018 00:00:00 GMT+0530 (India Standard Time)",19.6613358419567,50,80,20
"Wed Jan 03 2018 00:00:00 GMT+0530 (India Standard Time)",10.4421448730009,50,80,20
"Thu Jan 04 2018 00:00:00 GMT+0530 (India Standard Time)",1.92307692307692,50,80,20
"Fri Jan 05 2018 00:00:00 GMT+0530 (India Standard Time)",6.80272108843537,50,80,20
"Mon Jan 08 2018 00:00:00 GMT+0530 (India Standard Time)",22.9591836734694,50,80,20
"Tue Jan 09 2018 00:00:00 GMT+0530 (India Standard Time)",21.0884353741497,50,80,20
"Wed Jan 10 2018 00:00:00 GMT+0530 (India Standard Time)",18.0272108843538,50,80,20
"Thu Jan 11 2018 00:00:00 GMT+0530 (India Standard Time)",14.7959183673469,50,80,20
"Fri Jan 12 2018 00:00:00 GMT+0530 (India Standard Time)",10.5442176870748,50,80,20
"Mon Jan 15 2018 00:00:00 GMT+0530 (India Standard Time)",5.95238095238095,50,80,20
"Tue Jan 16 2018 00:00:00 GMT+0530 (India Standard Time)",5.96569724086502,50,80,20
"Wed Jan 17 2018 00:00:00 GMT+0530 (India Standard Time)",7.5276752767528,50,80,20
"Thu Jan 18 2018 00:00:00 GMT+0530 (India Standard Time)",3.02013422818792,50,80,20
"Fri Jan 19 2018 00:00:00 GMT+0530 (India Standard Time)",15.4345006485085,50,80,20
"Mon Jan 22 2018 00:00:00 GMT+0530 (India Standard Time)",5.04854368932036,50,80,20
"Tue Jan 23 2018 00:00:00 GMT+0530 (India Standard Time)",20.9348255431204,50,80,20
"Wed Jan 24 2018 00:00:00 GMT+0530 (India Standard Time)",20.9910529938059,50,80,20
"Thu Jan 25 2018 00:00:00 GMT+0530 (India Standard Time)",23.875968992248,50,80,20
"Mon Jan 29 2018 00:00:00 GMT+0530 (India Standard Time)",7.8787878787879,50,80,20
"Tue Jan 30 2018 00:00:00 GMT+0530 (India Standard Time)",42.6624737945493,50,80,20
"Wed Jan 31 2018 00:00:00 GMT+0530 (India Standard Time)",68.2219419924339,50,80,20
"Thu Feb 01 2018 00:00:00 GMT+0530 (India Standard Time)",69.2413793103449,50,80,20
"Fri Feb 02 2018 00:00:00 GMT+0530 (India Standard Time)",32.8275862068965,50,80,20
"Mon Feb 05 2018 00:00:00 GMT+0530 (India Standard Time)",29.5172413793103,50,80,20
"Tue Feb 06 2018 00:00:00 GMT+0530 (India Standard Time)",6.15384615384612,50,80,20
"Wed Feb 07 2018 00:00:00 GMT+0530 (India Standard Time)",33.8855421686747,50,80,20
"Thu Feb 08 2018 00:00:00 GMT+0530 (India Standard Time)",44,50,80,20
"Fri Feb 09 2018 00:00:00 GMT+0530 (India Standard Time)",35.8620689655172,50,80,20
"Mon Feb 12 2018 00:00:00 GMT+0530 (India Standard Time)",16.0317460317461,50,80,20
"Wed Feb 14 2018 00:00:00 GMT+0530 (India Standard Time)",2.86532951289398,50,80,20
"Thu Feb 15 2018 00:00:00 GMT+0530 (India Standard Time)",45.702005730659,50,80,20
"Fri Feb 16 2018 00:00:00 GMT+0530 (India Standard Time)",18.9111747851002,50,80,20
"Mon Feb 19 2018 00:00:00 GMT+0530 (India Standard Time)",8.49753694581292,50,80,20
"Tue Feb 20 2018 00:00:00 GMT+0530 (India Standard Time)",2.84697508896795,50,80,20
"Wed Feb 21 2018 00:00:00 GMT+0530 (India Standard Time)",13.821892393321,50,80,20
"Thu Feb 22 2018 00:00:00 GMT+0530 (India Standard Time)",2.91757840991977,50,80,20
"Fri Feb 23 2018 00:00:00 GMT+0530 (India Standard Time)",10.0981767180925,50,80,20
"Mon Feb 26 2018 00:00:00 GMT+0530 (India Standard Time)",14.4460028050491,50,80,20
"Tue Feb 27 2018 00:00:00 GMT+0530 (India Standard Time)",5.96072931276297,50,80,20
"Wed Feb 28 2018 00:00:00 GMT+0530 (India Standard Time)",9.60729312762976,50,80,20
"Thu Mar 01 2018 00:00:00 GMT+0530 (India Standard Time)",26.9284712482468,50,80,20
"Mon Mar 05 2018 00:00:00 GMT+0530 (India Standard Time)",16.2692847124825,50,80,20
"Tue Mar 06 2018 00:00:00 GMT+0530 (India Standard Time)",31.5568022440393,50,80,20
"Wed Mar 07 2018 00:00:00 GMT+0530 (India Standard Time)",29.0322580645161,50,80,20
"Thu Mar 08 2018 00:00:00 GMT+0530 (India Standard Time)",27.3492286115007,50,80,20
"Fri Mar 09 2018 00:00:00 GMT+0530 (India Standard Time)",23.422159887798,50,80,20
"Mon Mar 12 2018 00:00:00 GMT+0530 (India Standard Time)",40.6937394247039,50,80,20
"Tue Mar 13 2018 00:00:00 GMT+0530 (India Standard Time)",74.3654822335025,50,80,20
"Wed Mar 14 2018 00:00:00 GMT+0530 (India Standard Time)",72.8428701180745,50,80,20
"Thu Mar 15 2018 00:00:00 GMT+0530 (India Standard Time)",71.480472297911,50,80,20
"Fri Mar 16 2018 00:00:00 GMT+0530 (India Standard Time)",45.1407811080836,50,80,20
"Mon Mar 19 2018 00:00:00 GMT+0530 (India Standard Time)",17.6148796498906,50,80,20
"Tue Mar 20 2018 00:00:00 GMT+0530 (India Standard Time)",5.22875816993459,50,80,20
"Wed Mar 21 2018 00:00:00 GMT+0530 (India Standard Time)",17.755991285403,50,80,20
"Thu Mar 22 2018 00:00:00 GMT+0530 (India Standard Time)",2.00729927007293,50,80,20
"Fri Mar 23 2018 00:00:00 GMT+0530 (India Standard Time)",11.5848753016894,50,80,20
"Mon Mar 26 2018 00:00:00 GMT+0530 (India Standard Time)",25.8725341426404,50,80,20
"Tue Mar 27 2018 00:00:00 GMT+0530 (India Standard Time)",27.6934749620637,50,80,20
"Wed Mar 28 2018 00:00:00 GMT+0530 (India Standard Time)",37.8603945371775,50,80,20
"Mon Apr 02 2018 00:00:00 GMT+0530 (India Standard Time)",31.7147192716236,50,80,20
"Tue Apr 03 2018 00:00:00 GMT+0530 (India Standard Time)",36.0394537177542,50,80,20
"Wed Apr 04 2018 00:00:00 GMT+0530 (India Standard Time)",18.8922610015174,50,80,20
"Thu Apr 05 2018 00:00:00 GMT+0530 (India Standard Time)",30.2731411229135,50,80,20
"Fri Apr 06 2018 00:00:00 GMT+0530 (India Standard Time)",47.7238239757208,50,80,20
"Mon Apr 09 2018 00:00:00 GMT+0530 (India Standard Time)",72.6100151745069,50,80,20
"Tue Apr 10 2018 00:00:00 GMT+0530 (India Standard Time)",73.8239757207891,50,80,20
"Wed Apr 11 2018 00:00:00 GMT+0530 (India Standard Time)",22.4582701062216,50,80,20
"Thu Apr 12 2018 00:00:00 GMT+0530 (India Standard Time)",25.6938937351308,50,80,20
"Fri Apr 13 2018 00:00:00 GMT+0530 (India Standard Time)",4.67882632831085,50,80,20
"Mon Apr 16 2018 00:00:00 GMT+0530 (India Standard Time)",13.9435414884516,50,80,20
"Tue Apr 17 2018 00:00:00 GMT+0530 (India Standard Time)",19.467401285583,50,80,20
"Wed Apr 18 2018 00:00:00 GMT+0530 (India Standard Time)",9.4582185491276,50,80,20
"Thu Apr 19 2018 00:00:00 GMT+0530 (India Standard Time)",1.51610865445356,50,80,20
"Fri Apr 20 2018 00:00:00 GMT+0530 (India Standard Time)",1.83106910809209,50,80,20
"Mon Apr 23 2018 00:00:00 GMT+0530 (India Standard Time)",13.5853514471353,50,80,20
"Tue Apr 24 2018 00:00:00 GMT+0530 (India Standard Time)",16.3614884819846,50,80,20
"Wed Apr 25 2018 00:00:00 GMT+0530 (India Standard Time)",18.8422917897224,50,80,20
"Thu Apr 26 2018 00:00:00 GMT+0530 (India Standard Time)",18.4878913171884,50,80,20
"Fri Apr 27 2018 00:00:00 GMT+0530 (India Standard Time)",23.9810986414648,50,80,20
"Mon Apr 30 2018 00:00:00 GMT+0530 (India Standard Time)",20.6733608978145,50,80,20
"Wed May 02 2018 00:00:00 GMT+0530 (India Standard Time)",13.1128174837566,50,80,20
"Thu May 03 2018 00:00:00 GMT+0530 (India Standard Time)",9.27347903130534,50,80,20
"Fri May 04 2018 00:00:00 GMT+0530 (India Standard Time)",12.2268163024217,50,80,20
"Mon May 07 2018 00:00:00 GMT+0530 (India Standard Time)",18.8422917897224,50,80,20
"Tue May 08 2018 00:00:00 GMT+0530 (India Standard Time)",26.8753691671589,50,80,20
"Wed May 09 2018 00:00:00 GMT+0530 (India Standard Time)",19.2236598890942,50,80,20
"Thu May 10 2018 00:00:00 GMT+0530 (India Standard Time)",38.1086142322097,50,80,20
"Fri May 11 2018 00:00:00 GMT+0530 (India Standard Time)",56.5259117082534,50,80,20
"Mon May 14 2018 00:00:00 GMT+0530 (India Standard Time)",80.7285546415981,50,80,20
"Tue May 15 2018 00:00:00 GMT+0530 (India Standard Time)",83.3140208574739,50,80,20
"Wed May 16 2018 00:00:00 GMT+0530 (India Standard Time)",66.0486674391657,50,80,20
"Thu May 17 2018 00:00:00 GMT+0530 (India Standard Time)",48.0880648899189,50,80,20
"Fri May 18 2018 00:00:00 GMT+0530 (India Standard Time)",38.2387022016223,50,80,20
"Mon May 21 2018 00:00:00 GMT+0530 (India Standard Time)",53.1784841075795,50,80,20
"Tue May 22 2018 00:00:00 GMT+0530 (India Standard Time)",62.3471882640587,50,80,20
"Wed May 23 2018 00:00:00 GMT+0530 (India Standard Time)",9.08032596041904,50,80,20
"Thu May 24 2018 00:00:00 GMT+0530 (India Standard Time)",22.0767072029935,50,80,20
"Fri May 25 2018 00:00:00 GMT+0530 (India Standard Time)",39.289055191768,50,80,20
"Mon May 28 2018 00:00:00 GMT+0530 (India Standard Time)",79.4200187090739,50,80,20
"Tue May 29 2018 00:00:00 GMT+0530 (India Standard Time)",85.687558465856,50,80,20
"Wed May 30 2018 00:00:00 GMT+0530 (India Standard Time)",76.1459307764266,50,80,20
"Thu May 31 2018 00:00:00 GMT+0530 (India Standard Time)",83.068288119738,50,80,20
"Fri Jun 01 2018 00:00:00 GMT+0530 (India Standard Time)",92.9840972871843,50,80,20
"Mon Jun 04 2018 00:00:00 GMT+0530 (India Standard Time)",85.1304347826087,50,80,20
"Tue Jun 05 2018 00:00:00 GMT+0530 (India Standard Time)",79.6521739130435,50,80,20
"Wed Jun 06 2018 00:00:00 GMT+0530 (India Standard Time)",87.7391304347826,50,80,20
"Thu Jun 07 2018 00:00:00 GMT+0530 (India Standard Time)",96.9125214408233,50,80,20
"Fri Jun 08 2018 00:00:00 GMT+0530 (India Standard Time)",86.2778730703259,50,80,20
"Mon Jun 11 2018 00:00:00 GMT+0530 (India Standard Time)",93.8408896492728,50,80,20
"Tue Jun 12 2018 00:00:00 GMT+0530 (India Standard Time)",91.1402789171452,50,80,20
"Wed Jun 13 2018 00:00:00 GMT+0530 (India Standard Time)",97.4959612277867,50,80,20
"Thu Jun 14 2018 00:00:00 GMT+0530 (India Standard Time)",91.7609046849758,50,80,20
"Fri Jun 15 2018 00:00:00 GMT+0530 (India Standard Time)",85.1373182552504,50,80,20
"Mon Jun 18 2018 00:00:00 GMT+0530 (India Standard Time)",91.3074712643679,50,80,20
"Tue Jun 19 2018 00:00:00 GMT+0530 (India Standard Time)",77.6580459770116,50,80,20
"Wed Jun 20 2018 00:00:00 GMT+0530 (India Standard Time)",73.4913793103448,50,80,20
"Thu Jun 21 2018 00:00:00 GMT+0530 (India Standard Time)",88.3683360258482,50,80,20
"Fri Jun 22 2018 00:00:00 GMT+0530 (India Standard Time)",92.2651933701659,50,80,20
"Mon Jun 25 2018 00:00:00 GMT+0530 (India Standard Time)",52.6243093922652,50,80,20
"Tue Jun 26 2018 00:00:00 GMT+0530 (India Standard Time)",61.6022099447514,50,80,20
"Wed Jun 27 2018 00:00:00 GMT+0530 (India Standard Time)",8.66995073891632,50,80,20
"Thu Jun 28 2018 00:00:00 GMT+0530 (India Standard Time)",5.25514089870524,50,80,20
"Fri Jun 29 2018 00:00:00 GMT+0530 (India Standard Time)",17.0133729569094,50,80,20
"Mon Jul 02 2018 00:00:00 GMT+0530 (India Standard Time)",10.9212481426448,50,80,20
"Tue Jul 03 2018 00:00:00 GMT+0530 (India Standard Time)",17.9049034175334,50,80,20
