"date","williams","middle","overbought","oversold"
"Fri Aug 18 2017 00:00:00 GMT+0530 (India Standard Time)",9.12682734097194,50,80,20
"Mon Aug 21 2017 00:00:00 GMT+0530 (India Standard Time)",3.3809335666309,50,80,20
"Tue Aug 22 2017 00:00:00 GMT+0530 (India Standard Time)",10.0991665145708,50,80,20
"Wed Aug 23 2017 00:00:00 GMT+0530 (India Standard Time)",15.7936363083288,50,80,20
"Thu Aug 24 2017 00:00:00 GMT+0530 (India Standard Time)",22.753543834033,50,80,20
"Mon Aug 28 2017 00:00:00 GMT+0530 (India Standard Time)",24.4879418566237,50,80,20
"Tue Aug 29 2017 00:00:00 GMT+0530 (India Standard Time)",25.303043907695,50,80,20
"Wed Aug 30 2017 00:00:00 GMT+0530 (India Standard Time)",24.7373619466643,50,80,20
"Thu Aug 31 2017 00:00:00 GMT+0530 (India Standard Time)",22.2273781902552,50,80,20
"Fri Sep 01 2017 00:00:00 GMT+0530 (India Standard Time)",63.8096198447111,50,80,20
"Mon Sep 04 2017 00:00:00 GMT+0530 (India Standard Time)",71.019569944431,50,80,20
"Tue Sep 05 2017 00:00:00 GMT+0530 (India Standard Time)",86.5533230293663,50,80,20
"Wed Sep 06 2017 00:00:00 GMT+0530 (India Standard Time)",88.2177479492916,50,80,20
"Thu Sep 07 2017 00:00:00 GMT+0530 (India Standard Time)",96.5846383296047,50,80,20
"Fri Sep 08 2017 00:00:00 GMT+0530 (India Standard Time)",77.9567486950037,50,80,20
"Mon Sep 11 2017 00:00:00 GMT+0530 (India Standard Time)",77.061894108874,50,80,20
"Tue Sep 12 2017 00:00:00 GMT+0530 (India Standard Time)",77.592768791627,50,80,20
"Wed Sep 13 2017 00:00:00 GMT+0530 (India Standard Time)",93.9581351094195,50,80,20
"Thu Sep 14 2017 00:00:00 GMT+0530 (India Standard Time)",96.6264359459067,50,80,20
"Fri Sep 15 2017 00:00:00 GMT+0530 (India Standard Time)",84.368183801076,50,80,20
"Mon Sep 18 2017 00:00:00 GMT+0530 (India Standard Time)",93.3401192380399,50,80,20
"Tue Sep 19 2017 00:00:00 GMT+0530 (India Standard Time)",92.8939393939394,50,80,20
"Wed Sep 20 2017 00:00:00 GMT+0530 (India Standard Time)",95.7692307692307,50,80,20
"Thu Sep 21 2017 00:00:00 GMT+0530 (India Standard Time)",97.2773279352227,50,80,20
"Fri Sep 22 2017 00:00:00 GMT+0530 (India Standard Time)",86.7498799807969,50,80,20
"Mon Sep 25 2017 00:00:00 GMT+0530 (India Standard Time)",78.9726356216995,50,80,20
"Tue Sep 26 2017 00:00:00 GMT+0530 (India Standard Time)",70.0432069131061,50,80,20
"Wed Sep 27 2017 00:00:00 GMT+0530 (India Standard Time)",57.3595775324051,50,80,20
"Thu Sep 28 2017 00:00:00 GMT+0530 (India Standard Time)",67.1406860616587,50,80,20
"Fri Sep 29 2017 00:00:00 GMT+0530 (India Standard Time)",57.0125922709509,50,80,20
"Tue Oct 03 2017 00:00:00 GMT+0530 (India Standard Time)",58.488927485888,50,80,20
"Wed Oct 04 2017 00:00:00 GMT+0530 (India Standard Time)",69.7894051237516,50,80,20
"Thu Oct 05 2017 00:00:00 GMT+0530 (India Standard Time)",70.1259227095094,50,80,20
"Fri Oct 06 2017 00:00:00 GMT+0530 (India Standard Time)",67.2383847155883,50,80,20
"Mon Oct 09 2017 00:00:00 GMT+0530 (India Standard Time)",69.8990673310335,50,80,20
"Tue Oct 10 2017 00:00:00 GMT+0530 (India Standard Time)",70.5123291171585,50,80,20
"Wed Oct 11 2017 00:00:00 GMT+0530 (India Standard Time)",56.7673378076063,50,80,20
"Thu Oct 12 2017 00:00:00 GMT+0530 (India Standard Time)",58.1660259148512,50,80,20
"Fri Oct 13 2017 00:00:00 GMT+0530 (India Standard Time)",50.9326498647301,50,80,20
"Mon Oct 16 2017 00:00:00 GMT+0530 (India Standard Time)",64.901039441834,50,80,20
"Tue Oct 17 2017 00:00:00 GMT+0530 (India Standard Time)",55.5011476664116,50,80,20
"Wed Oct 18 2017 00:00:00 GMT+0530 (India Standard Time)",50.7061900610288,50,80,20
"Thu Oct 19 2017 00:00:00 GMT+0530 (India Standard Time)",39.6189353761541,50,80,20
"Mon Oct 23 2017 00:00:00 GMT+0530 (India Standard Time)",36.9279120015714,50,80,20
"Tue Oct 24 2017 00:00:00 GMT+0530 (India Standard Time)",45.0936883629192,50,80,20
"Wed Oct 25 2017 00:00:00 GMT+0530 (India Standard Time)",47.6679104477612,50,80,20
"Thu Oct 26 2017 00:00:00 GMT+0530 (India Standard Time)",44.8694029850746,50,80,20
"Fri Oct 27 2017 00:00:00 GMT+0530 (India Standard Time)",76.3370646766168,50,80,20
"Mon Oct 30 2017 00:00:00 GMT+0530 (India Standard Time)",82.3333333333333,50,80,20
"Tue Oct 31 2017 00:00:00 GMT+0530 (India Standard Time)",59.8677248677249,50,80,20
"Wed Nov 01 2017 00:00:00 GMT+0530 (India Standard Time)",20.7407407407406,50,80,20
"Thu Nov 02 2017 00:00:00 GMT+0530 (India Standard Time)",51.0052910052911,50,80,20
"Fri Nov 03 2017 00:00:00 GMT+0530 (India Standard Time)",55.079365079365,50,80,20
"Mon Nov 06 2017 00:00:00 GMT+0530 (India Standard Time)",40.8730158730159,50,80,20
"Tue Nov 07 2017 00:00:00 GMT+0530 (India Standard Time)",33.3333333333333,50,80,20
"Wed Nov 08 2017 00:00:00 GMT+0530 (India Standard Time)",16.7195767195767,50,80,20
"Thu Nov 09 2017 00:00:00 GMT+0530 (India Standard Time)",29.1534391534391,50,80,20
"Fri Nov 10 2017 00:00:00 GMT+0530 (India Standard Time)",17.3809523809523,50,80,20
"Mon Nov 13 2017 00:00:00 GMT+0530 (India Standard Time)",15.3968253968253,50,80,20
"Tue Nov 14 2017 00:00:00 GMT+0530 (India Standard Time)",5.28486723382316,50,80,20
"Wed Nov 15 2017 00:00:00 GMT+0530 (India Standard Time)",8.1279620853081,50,80,20
"Thu Nov 16 2017 00:00:00 GMT+0530 (India Standard Time)",19.2180094786731,50,80,20
"Fri Nov 17 2017 00:00:00 GMT+0530 (India Standard Time)",14.0284360189573,50,80,20
"Mon Nov 20 2017 00:00:00 GMT+0530 (India Standard Time)",5.86426081607535,50,80,20
"Tue Nov 21 2017 00:00:00 GMT+0530 (India Standard Time)",54.9518146401477,50,80,20
"Wed Nov 22 2017 00:00:00 GMT+0530 (India Standard Time)",41.2138609801107,50,80,20
"Thu Nov 23 2017 00:00:00 GMT+0530 (India Standard Time)",18.9050645888866,50,80,20
"Fri Nov 24 2017 00:00:00 GMT+0530 (India Standard Time)",14.3120770965758,50,80,20
"Mon Nov 27 2017 00:00:00 GMT+0530 (India Standard Time)",14.2095550543367,50,80,20
"Tue Nov 28 2017 00:00:00 GMT+0530 (India Standard Time)",13.1494547787043,50,80,20
"Wed Nov 29 2017 00:00:00 GMT+0530 (India Standard Time)",7.11994868505456,50,80,20
"Thu Nov 30 2017 00:00:00 GMT+0530 (India Standard Time)",10.2202266410092,50,80,20
"Fri Dec 01 2017 00:00:00 GMT+0530 (India Standard Time)",4.19889502762434,50,80,20
"Mon Dec 04 2017 00:00:00 GMT+0530 (India Standard Time)",7.32965009208107,50,80,20
"Tue Dec 05 2017 00:00:00 GMT+0530 (India Standard Time)",2.48372730387119,50,80,20
"Wed Dec 06 2017 00:00:00 GMT+0530 (India Standard Time)",1.93591455273689,50,80,20
"Thu Dec 07 2017 00:00:00 GMT+0530 (India Standard Time)",2.72875816993461,50,80,20
"Fri Dec 08 2017 00:00:00 GMT+0530 (India Standard Time)",1.9386620054028,50,80,20
"Mon Dec 11 2017 00:00:00 GMT+0530 (India Standard Time)",6.78018575851396,50,80,20
"Tue Dec 12 2017 00:00:00 GMT+0530 (India Standard Time)",26.4241486068111,50,80,20
"Wed Dec 13 2017 00:00:00 GMT+0530 (India Standard Time)",27.7708978328173,50,80,20
"Thu Dec 14 2017 00:00:00 GMT+0530 (India Standard Time)",43.2352941176471,50,80,20
"Fri Dec 15 2017 00:00:00 GMT+0530 (India Standard Time)",62.0743034055727,50,80,20
"Mon Dec 18 2017 00:00:00 GMT+0530 (India Standard Time)",69.3498452012384,50,80,20
"Tue Dec 19 2017 00:00:00 GMT+0530 (India Standard Time)",88.9105058365759,50,80,20
"Wed Dec 20 2017 00:00:00 GMT+0530 (India Standard Time)",71.9844357976654,50,80,20
"Thu Dec 21 2017 00:00:00 GMT+0530 (India Standard Time)",70.3307392996109,50,80,20
"Fri Dec 22 2017 00:00:00 GMT+0530 (India Standard Time)",62.9182879377431,50,80,20
"Tue Dec 26 2017 00:00:00 GMT+0530 (India Standard Time)",73.6575875486382,50,80,20
"Wed Dec 27 2017 00:00:00 GMT+0530 (India Standard Time)",89.2217898832686,50,80,20
"Thu Dec 28 2017 00:00:00 GMT+0530 (India Standard Time)",93.3669790915645,50,80,20
"Fri Dec 29 2017 00:00:00 GMT+0530 (India Standard Time)",87.6712328767122,50,80,20
"Mon Jan 01 2018 00:00:00 GMT+0530 (India Standard Time)",84.0483056957462,50,80,20
"Tue Jan 02 2018 00:00:00 GMT+0530 (India Standard Time)",85.8687815428982,50,80,20
"Wed Jan 03 2018 00:00:00 GMT+0530 (India Standard Time)",60.56236481615,50,80,20
"Thu Jan 04 2018 00:00:00 GMT+0530 (India Standard Time)",86.4455659697189,50,80,20
"Fri Jan 05 2018 00:00:00 GMT+0530 (India Standard Time)",98.1818181818182,50,80,20
"Mon Jan 08 2018 00:00:00 GMT+0530 (India Standard Time)",89.6187683284457,50,80,20
"Tue Jan 09 2018 00:00:00 GMT+0530 (India Standard Time)",80.5176132278937,50,80,20
"Wed Jan 10 2018 00:00:00 GMT+0530 (India Standard Time)",66.7117204093455,50,80,20
"Thu Jan 11 2018 00:00:00 GMT+0530 (India Standard Time)",63.4388185654008,50,80,20
"Fri Jan 12 2018 00:00:00 GMT+0530 (India Standard Time)",70.7366984993179,50,80,20
"Mon Jan 15 2018 00:00:00 GMT+0530 (India Standard Time)",63.506139154161,50,80,20
"Tue Jan 16 2018 00:00:00 GMT+0530 (India Standard Time)",80.3092314688494,50,80,20
"Wed Jan 17 2018 00:00:00 GMT+0530 (India Standard Time)",90.8367439745338,50,80,20
"Thu Jan 18 2018 00:00:00 GMT+0530 (India Standard Time)",70.0289375775114,50,80,20
"Fri Jan 19 2018 00:00:00 GMT+0530 (India Standard Time)",81.9553534518396,50,80,20
"Mon Jan 22 2018 00:00:00 GMT+0530 (India Standard Time)",84.518396031418,50,80,20
"Tue Jan 23 2018 00:00:00 GMT+0530 (India Standard Time)",88.5398487492729,50,80,20
"Wed Jan 24 2018 00:00:00 GMT+0530 (India Standard Time)",82.781046763704,50,80,20
"Thu Jan 25 2018 00:00:00 GMT+0530 (India Standard Time)",66.7853824713534,50,80,20
"Mon Jan 29 2018 00:00:00 GMT+0530 (India Standard Time)",20.1300712294828,50,80,20
"Tue Jan 30 2018 00:00:00 GMT+0530 (India Standard Time)",6.3523347483324,50,80,20
"Wed Jan 31 2018 00:00:00 GMT+0530 (India Standard Time)",5.298335156155,50,80,20
"Thu Feb 01 2018 00:00:00 GMT+0530 (India Standard Time)",1.05001082485384,50,80,20
"Fri Feb 02 2018 00:00:00 GMT+0530 (India Standard Time)",2.67353203287454,50,80,20
"Mon Feb 05 2018 00:00:00 GMT+0530 (India Standard Time)",5.29115607485512,50,80,20
"Tue Feb 06 2018 00:00:00 GMT+0530 (India Standard Time)",14.7920255968496,50,80,20
"Wed Feb 07 2018 00:00:00 GMT+0530 (India Standard Time)",17.3681187956354,50,80,20
"Thu Feb 08 2018 00:00:00 GMT+0530 (India Standard Time)",28.6980063992124,50,80,20
"Fri Feb 09 2018 00:00:00 GMT+0530 (India Standard Time)",30.8885060300271,50,80,20
"Mon Feb 12 2018 00:00:00 GMT+0530 (India Standard Time)",32.6031667897284,50,80,20
"Wed Feb 14 2018 00:00:00 GMT+0530 (India Standard Time)",29.1656411518583,50,80,20
"Thu Feb 15 2018 00:00:00 GMT+0530 (India Standard Time)",31.2166707687259,50,80,20
"Fri Feb 16 2018 00:00:00 GMT+0530 (India Standard Time)",34.129132824678,50,80,20
"Mon Feb 19 2018 00:00:00 GMT+0530 (India Standard Time)",24.0298629912216,50,80,20
"Tue Feb 20 2018 00:00:00 GMT+0530 (India Standard Time)",25.9414225941423,50,80,20
"Wed Feb 21 2018 00:00:00 GMT+0530 (India Standard Time)",26.3106079251785,50,80,20
"Thu Feb 22 2018 00:00:00 GMT+0530 (India Standard Time)",19.3453113462958,50,80,20
"Fri Feb 23 2018 00:00:00 GMT+0530 (India Standard Time)",27.301157974812,50,80,20
"Mon Feb 26 2018 00:00:00 GMT+0530 (India Standard Time)",42.1659760331505,50,80,20
"Tue Feb 27 2018 00:00:00 GMT+0530 (India Standard Time)",65.75831074333,50,80,20
"Wed Feb 28 2018 00:00:00 GMT+0530 (India Standard Time)",77.0791749833666,50,80,20
"Thu Mar 01 2018 00:00:00 GMT+0530 (India Standard Time)",86.4384085692426,50,80,20
"Mon Mar 05 2018 00:00:00 GMT+0530 (India Standard Time)",67.042846212701,50,80,20
"Tue Mar 06 2018 00:00:00 GMT+0530 (India Standard Time)",65.3787299158378,50,80,20
"Wed Mar 07 2018 00:00:00 GMT+0530 (India Standard Time)",55.1071155317521,50,80,20
"Thu Mar 08 2018 00:00:00 GMT+0530 (India Standard Time)",31.5133037694013,50,80,20
"Fri Mar 09 2018 00:00:00 GMT+0530 (India Standard Time)",24.029933481153,50,80,20
"Mon Mar 12 2018 00:00:00 GMT+0530 (India Standard Time)",34.2849223946785,50,80,20
"Tue Mar 13 2018 00:00:00 GMT+0530 (India Standard Time)",52.6330376940133,50,80,20
"Wed Mar 14 2018 00:00:00 GMT+0530 (India Standard Time)",52.6053215077604,50,80,20
"Thu Mar 15 2018 00:00:00 GMT+0530 (India Standard Time)",53.3259423503326,50,80,20
"Fri Mar 16 2018 00:00:00 GMT+0530 (India Standard Time)",30.8203991130821,50,80,20
"Mon Mar 19 2018 00:00:00 GMT+0530 (India Standard Time)",18.4589800443458,50,80,20
"Tue Mar 20 2018 00:00:00 GMT+0530 (India Standard Time)",39.1352549889136,50,80,20
"Wed Mar 21 2018 00:00:00 GMT+0530 (India Standard Time)",30.570953436807,50,80,20
"Thu Mar 22 2018 00:00:00 GMT+0530 (India Standard Time)",12.0565410199557,50,80,20
"Fri Mar 23 2018 00:00:00 GMT+0530 (India Standard Time)",5.85247883917793,50,80,20
"Mon Mar 26 2018 00:00:00 GMT+0530 (India Standard Time)",24.7865220401569,50,80,20
"Tue Mar 27 2018 00:00:00 GMT+0530 (India Standard Time)",24.071082390953,50,80,20
"Wed Mar 28 2018 00:00:00 GMT+0530 (India Standard Time)",13.9626125086545,50,80,20
"Mon Apr 02 2018 00:00:00 GMT+0530 (India Standard Time)",43.1434599156117,50,80,20
"Tue Apr 03 2018 00:00:00 GMT+0530 (India Standard Time)",39.3459915611814,50,80,20
"Wed Apr 04 2018 00:00:00 GMT+0530 (India Standard Time)",23.6887608069164,50,80,20
"Thu Apr 05 2018 00:00:00 GMT+0530 (India Standard Time)",36.1689470553241,50,80,20
"Fri Apr 06 2018 00:00:00 GMT+0530 (India Standard Time)",44.3188578227246,50,80,20
"Mon Apr 09 2018 00:00:00 GMT+0530 (India Standard Time)",42.2070196311718,50,80,20
"Tue Apr 10 2018 00:00:00 GMT+0530 (India Standard Time)",36.7638310529445,50,80,20
"Wed Apr 11 2018 00:00:00 GMT+0530 (India Standard Time)",29.9821534800712,50,80,20
"Thu Apr 12 2018 00:00:00 GMT+0530 (India Standard Time)",6.06781677572863,50,80,20
"Fri Apr 13 2018 00:00:00 GMT+0530 (India Standard Time)",23.5871505056512,50,80,20
"Mon Apr 16 2018 00:00:00 GMT+0530 (India Standard Time)",32.8607435412727,50,80,20
"Tue Apr 17 2018 00:00:00 GMT+0530 (India Standard Time)",42.6476263990738,50,80,20
"Wed Apr 18 2018 00:00:00 GMT+0530 (India Standard Time)",39.6372057120803,50,80,20
"Thu Apr 19 2018 00:00:00 GMT+0530 (India Standard Time)",66.3836356619067,50,80,20
"Fri Apr 20 2018 00:00:00 GMT+0530 (India Standard Time)",71.279243404679,50,80,20
"Mon Apr 23 2018 00:00:00 GMT+0530 (India Standard Time)",85.6353591160223,50,80,20
"Tue Apr 24 2018 00:00:00 GMT+0530 (India Standard Time)",76.9853508095606,50,80,20
"Wed Apr 25 2018 00:00:00 GMT+0530 (India Standard Time)",50.6762132060461,50,80,20
"Thu Apr 26 2018 00:00:00 GMT+0530 (India Standard Time)",17.9395385839298,50,80,20
"Fri Apr 27 2018 00:00:00 GMT+0530 (India Standard Time)",34.5664280031821,50,80,20
"Mon Apr 30 2018 00:00:00 GMT+0530 (India Standard Time)",44.1925218774859,50,80,20
"Wed May 02 2018 00:00:00 GMT+0530 (India Standard Time)",50.8353221957038,50,80,20
"Thu May 03 2018 00:00:00 GMT+0530 (India Standard Time)",53.1424025457437,50,80,20
"Fri May 04 2018 00:00:00 GMT+0530 (India Standard Time)",41.6070007955448,50,80,20
"Mon May 07 2018 00:00:00 GMT+0530 (India Standard Time)",12.0922832140015,50,80,20
"Tue May 08 2018 00:00:00 GMT+0530 (India Standard Time)",16.4280031821795,50,80,20
"Wed May 09 2018 00:00:00 GMT+0530 (India Standard Time)",7.99522673031006,50,80,20
"Thu May 10 2018 00:00:00 GMT+0530 (India Standard Time)",3.83838383838379,50,80,20
"Fri May 11 2018 00:00:00 GMT+0530 (India Standard Time)",13.8636363636364,50,80,20
"Mon May 14 2018 00:00:00 GMT+0530 (India Standard Time)",26.25,50,80,20
"Tue May 15 2018 00:00:00 GMT+0530 (India Standard Time)",22.0454545454545,50,80,20
"Wed May 16 2018 00:00:00 GMT+0530 (India Standard Time)",15.4318181818182,50,80,20
"Thu May 17 2018 00:00:00 GMT+0530 (India Standard Time)",11.7659852109614,50,80,20
"Fri May 18 2018 00:00:00 GMT+0530 (India Standard Time)",13.8755980861244,50,80,20
"Mon May 21 2018 00:00:00 GMT+0530 (India Standard Time)",2.06484641638224,50,80,20
"Tue May 22 2018 00:00:00 GMT+0530 (India Standard Time)",41.8430034129693,50,80,20
"Wed May 23 2018 00:00:00 GMT+0530 (India Standard Time)",25.0418293363078,50,80,20
"Thu May 24 2018 00:00:00 GMT+0530 (India Standard Time)",33.032282859339,50,80,20
"Fri May 25 2018 00:00:00 GMT+0530 (India Standard Time)",31.3372093023255,50,80,20
"Mon May 28 2018 00:00:00 GMT+0530 (India Standard Time)",41.6860465116279,50,80,20
"Tue May 29 2018 00:00:00 GMT+0530 (India Standard Time)",36.3178294573644,50,80,20
"Wed May 30 2018 00:00:00 GMT+0530 (India Standard Time)",28.9922480620155,50,80,20
"Thu May 31 2018 00:00:00 GMT+0530 (India Standard Time)",19.2248062015504,50,80,20
"Fri Jun 01 2018 00:00:00 GMT+0530 (India Standard Time)",24.3128491620112,50,80,20
"Mon Jun 04 2018 00:00:00 GMT+0530 (India Standard Time)",52.6442888191258,50,80,20
"Tue Jun 05 2018 00:00:00 GMT+0530 (India Standard Time)",38.5858585858586,50,80,20
"Wed Jun 06 2018 00:00:00 GMT+0530 (India Standard Time)",42.703488372093,50,80,20
"Thu Jun 07 2018 00:00:00 GMT+0530 (India Standard Time)",49.9679487179487,50,80,20
"Fri Jun 08 2018 00:00:00 GMT+0530 (India Standard Time)",94.7737068965518,50,80,20
"Mon Jun 11 2018 00:00:00 GMT+0530 (India Standard Time)",82.4369747899159,50,80,20
"Tue Jun 12 2018 00:00:00 GMT+0530 (India Standard Time)",98.5876623376624,50,80,20
"Wed Jun 13 2018 00:00:00 GMT+0530 (India Standard Time)",88.5611510791367,50,80,20
"Thu Jun 14 2018 00:00:00 GMT+0530 (India Standard Time)",91.7026378896883,50,80,20
"Fri Jun 15 2018 00:00:00 GMT+0530 (India Standard Time)",92.7927024859663,50,80,20
"Mon Jun 18 2018 00:00:00 GMT+0530 (India Standard Time)",95.172744721689,50,80,20
"Tue Jun 19 2018 00:00:00 GMT+0530 (India Standard Time)",92.7330487441676,50,80,20
"Wed Jun 20 2018 00:00:00 GMT+0530 (India Standard Time)",87.7196465799663,50,80,20
"Thu Jun 21 2018 00:00:00 GMT+0530 (India Standard Time)",77.5240742579172,50,80,20
"Fri Jun 22 2018 00:00:00 GMT+0530 (India Standard Time)",81.4653032860121,50,80,20
"Mon Jun 25 2018 00:00:00 GMT+0530 (India Standard Time)",72.3121215129555,50,80,20
"Tue Jun 26 2018 00:00:00 GMT+0530 (India Standard Time)",67.7454581554651,50,80,20
"Wed Jun 27 2018 00:00:00 GMT+0530 (India Standard Time)",73.0368311327311,50,80,20
"Thu Jun 28 2018 00:00:00 GMT+0530 (India Standard Time)",73.0819507290096,50,80,20
"Fri Jun 29 2018 00:00:00 GMT+0530 (India Standard Time)",59.6034053156147,50,80,20
"Mon Jul 02 2018 00:00:00 GMT+0530 (India Standard Time)",60.703903654485,50,80,20
"Tue Jul 03 2018 00:00:00 GMT+0530 (India Standard Time)",67.6391196013289,50,80,20
"Wed Jul 04 2018 00:00:00 GMT+0530 (India Standard Time)",76.0140905209223,50,80,20
"Thu Jul 05 2018 00:00:00 GMT+0530 (India Standard Time)",71.3206307490145,50,80,20
"Fri Jul 06 2018 00:00:00 GMT+0530 (India Standard Time)",57.5208360894299,50,80,20
"Mon Jul 09 2018 00:00:00 GMT+0530 (India Standard Time)",70.0691521346964,50,80,20
"Tue Jul 10 2018 00:00:00 GMT+0530 (India Standard Time)",55.9484873262469,50,80,20
"Wed Jul 11 2018 00:00:00 GMT+0530 (India Standard Time)",43.5891796789091,50,80,20
"Thu Jul 12 2018 00:00:00 GMT+0530 (India Standard Time)",68.1768198812404,50,80,20
"Fri Jul 13 2018 00:00:00 GMT+0530 (India Standard Time)",51.7264130195733,50,80,20
"Tue Jul 17 2018 00:00:00 GMT+0530 (India Standard Time)",2.21446785666354,50,80,20
"Wed Jul 18 2018 00:00:00 GMT+0530 (India Standard Time)",6.80833784515433,50,80,20
"Thu Jul 19 2018 00:00:00 GMT+0530 (India Standard Time)",1.15384615384617,50,80,20
