"date","williams","middle","overbought","oversold"
"Thu Aug 03 2017 00:00:00 GMT+0530 (India Standard Time)",48.6735870818916,50,80,20
"Fri Aug 04 2017 00:00:00 GMT+0530 (India Standard Time)",75.3171856978087,50,80,20
"Mon Aug 07 2017 00:00:00 GMT+0530 (India Standard Time)",70.242214532872,50,80,20
"Tue Aug 08 2017 00:00:00 GMT+0530 (India Standard Time)",96.7441860465117,50,80,20
"Wed Aug 09 2017 00:00:00 GMT+0530 (India Standard Time)",54.5670225385528,50,80,20
"Thu Aug 10 2017 00:00:00 GMT+0530 (India Standard Time)",18.3063511830636,50,80,20
"Fri Aug 11 2017 00:00:00 GMT+0530 (India Standard Time)",28.7128712871286,50,80,20
"Mon Aug 14 2017 00:00:00 GMT+0530 (India Standard Time)",80.2880288028802,50,80,20
"Wed Aug 16 2017 00:00:00 GMT+0530 (India Standard Time)",95.2380952380952,50,80,20
"Thu Aug 17 2017 00:00:00 GMT+0530 (India Standard Time)",69.6571845368345,50,80,20
"Fri Aug 18 2017 00:00:00 GMT+0530 (India Standard Time)",58.1327498176513,50,80,20
"Mon Aug 21 2017 00:00:00 GMT+0530 (India Standard Time)",52.9540481400437,50,80,20
"Tue Aug 22 2017 00:00:00 GMT+0530 (India Standard Time)",49.307075127644,50,80,20
"Wed Aug 23 2017 00:00:00 GMT+0530 (India Standard Time)",49.161196207148,50,80,20
"Thu Aug 24 2017 00:00:00 GMT+0530 (India Standard Time)",70.8971553610503,50,80,20
"Mon Aug 28 2017 00:00:00 GMT+0530 (India Standard Time)",70.9700948212983,50,80,20
"Tue Aug 29 2017 00:00:00 GMT+0530 (India Standard Time)",63.3843909555069,50,80,20
"Wed Aug 30 2017 00:00:00 GMT+0530 (India Standard Time)",59.6644784828592,50,80,20
"Thu Aug 31 2017 00:00:00 GMT+0530 (India Standard Time)",67.7607585703865,50,80,20
"Fri Sep 01 2017 00:00:00 GMT+0530 (India Standard Time)",62.6549963530269,50,80,20
"Mon Sep 04 2017 00:00:00 GMT+0530 (India Standard Time)",52.8811086797958,50,80,20
"Tue Sep 05 2017 00:00:00 GMT+0530 (India Standard Time)",49.81765134938,50,80,20
"Wed Sep 06 2017 00:00:00 GMT+0530 (India Standard Time)",47.9212253829321,50,80,20
"Thu Sep 07 2017 00:00:00 GMT+0530 (India Standard Time)",41.9401896425967,50,80,20
"Fri Sep 08 2017 00:00:00 GMT+0530 (India Standard Time)",38.7308533916849,50,80,20
"Mon Sep 11 2017 00:00:00 GMT+0530 (India Standard Time)",41.4296134208607,50,80,20
"Tue Sep 12 2017 00:00:00 GMT+0530 (India Standard Time)",33.8598223099704,50,80,20
"Wed Sep 13 2017 00:00:00 GMT+0530 (India Standard Time)",21.8163869693977,50,80,20
"Thu Sep 14 2017 00:00:00 GMT+0530 (India Standard Time)",44.6199407699902,50,80,20
"Fri Sep 15 2017 00:00:00 GMT+0530 (India Standard Time)",47.9415670650729,50,80,20
"Mon Sep 18 2017 00:00:00 GMT+0530 (India Standard Time)",72.6427622841966,50,80,20
"Tue Sep 19 2017 00:00:00 GMT+0530 (India Standard Time)",79.8140770252323,50,80,20
"Wed Sep 20 2017 00:00:00 GMT+0530 (India Standard Time)",69.9867197875167,50,80,20
"Thu Sep 21 2017 00:00:00 GMT+0530 (India Standard Time)",95.8538993089832,50,80,20
"Fri Sep 22 2017 00:00:00 GMT+0530 (India Standard Time)",74.1394527802295,50,80,20
"Mon Sep 25 2017 00:00:00 GMT+0530 (India Standard Time)",59.7528684907326,50,80,20
"Tue Sep 26 2017 00:00:00 GMT+0530 (India Standard Time)",62.9302736098852,50,80,20
"Wed Sep 27 2017 00:00:00 GMT+0530 (India Standard Time)",47.2197705207414,50,80,20
"Thu Sep 28 2017 00:00:00 GMT+0530 (India Standard Time)",69.3733451015004,50,80,20
"Fri Sep 29 2017 00:00:00 GMT+0530 (India Standard Time)",75.4633715798765,50,80,20
"Tue Oct 03 2017 00:00:00 GMT+0530 (India Standard Time)",62.7537511032656,50,80,20
"Wed Oct 04 2017 00:00:00 GMT+0530 (India Standard Time)",66.5489849955868,50,80,20
"Thu Oct 05 2017 00:00:00 GMT+0530 (India Standard Time)",74.1394527802295,50,80,20
"Fri Oct 06 2017 00:00:00 GMT+0530 (India Standard Time)",74.2277140335392,50,80,20
"Mon Oct 09 2017 00:00:00 GMT+0530 (India Standard Time)",74.4924977934686,50,80,20
"Tue Oct 10 2017 00:00:00 GMT+0530 (India Standard Time)",82.6125330979699,50,80,20
"Wed Oct 11 2017 00:00:00 GMT+0530 (India Standard Time)",70.8113804004215,50,80,20
"Thu Oct 12 2017 00:00:00 GMT+0530 (India Standard Time)",76.7676767676767,50,80,20
"Fri Oct 13 2017 00:00:00 GMT+0530 (India Standard Time)",83.5443037974684,50,80,20
"Mon Oct 16 2017 00:00:00 GMT+0530 (India Standard Time)",95.5440414507773,50,80,20
"Tue Oct 17 2017 00:00:00 GMT+0530 (India Standard Time)",94.7873799725652,50,80,20
"Wed Oct 18 2017 00:00:00 GMT+0530 (India Standard Time)",65.843621399177,50,80,20
"Thu Oct 19 2017 00:00:00 GMT+0530 (India Standard Time)",61.4540466392318,50,80,20
"Mon Oct 23 2017 00:00:00 GMT+0530 (India Standard Time)",41.0150891632373,50,80,20
"Tue Oct 24 2017 00:00:00 GMT+0530 (India Standard Time)",43.9643347050754,50,80,20
"Wed Oct 25 2017 00:00:00 GMT+0530 (India Standard Time)",40.6721536351166,50,80,20
"Thu Oct 26 2017 00:00:00 GMT+0530 (India Standard Time)",66.5294924554184,50,80,20
"Fri Oct 27 2017 00:00:00 GMT+0530 (India Standard Time)",84.8780487804878,50,80,20
"Mon Oct 30 2017 00:00:00 GMT+0530 (India Standard Time)",83.6920529801324,50,80,20
"Tue Oct 31 2017 00:00:00 GMT+0530 (India Standard Time)",86.2582781456954,50,80,20
"Wed Nov 01 2017 00:00:00 GMT+0530 (India Standard Time)",84.0592334494774,50,80,20
"Thu Nov 02 2017 00:00:00 GMT+0530 (India Standard Time)",89.4245723172629,50,80,20
"Fri Nov 03 2017 00:00:00 GMT+0530 (India Standard Time)",88.4422110552764,50,80,20
"Mon Nov 06 2017 00:00:00 GMT+0530 (India Standard Time)",92.4848484848484,50,80,20
"Tue Nov 07 2017 00:00:00 GMT+0530 (India Standard Time)",33.3929636255218,50,80,20
"Wed Nov 08 2017 00:00:00 GMT+0530 (India Standard Time)",51.3416815742398,50,80,20
"Thu Nov 09 2017 00:00:00 GMT+0530 (India Standard Time)",41.2154031287605,50,80,20
"Fri Nov 10 2017 00:00:00 GMT+0530 (India Standard Time)",27.9627163781624,50,80,20
"Mon Nov 13 2017 00:00:00 GMT+0530 (India Standard Time)",17.0500676589987,50,80,20
"Tue Nov 14 2017 00:00:00 GMT+0530 (India Standard Time)",17.5236806495265,50,80,20
"Wed Nov 15 2017 00:00:00 GMT+0530 (India Standard Time)",5.61569688768603,50,80,20
"Thu Nov 16 2017 00:00:00 GMT+0530 (India Standard Time)",4.53315290933697,50,80,20
"Fri Nov 17 2017 00:00:00 GMT+0530 (India Standard Time)",25.7780784844384,50,80,20
"Mon Nov 20 2017 00:00:00 GMT+0530 (India Standard Time)",19.9594046008119,50,80,20
"Tue Nov 21 2017 00:00:00 GMT+0530 (India Standard Time)",35.9945872801083,50,80,20
"Wed Nov 22 2017 00:00:00 GMT+0530 (India Standard Time)",39.850136239782,50,80,20
"Thu Nov 23 2017 00:00:00 GMT+0530 (India Standard Time)",37.6021798365123,50,80,20
"Fri Nov 24 2017 00:00:00 GMT+0530 (India Standard Time)",35.0136239782017,50,80,20
"Mon Nov 27 2017 00:00:00 GMT+0530 (India Standard Time)",33.7874659400544,50,80,20
"Tue Nov 28 2017 00:00:00 GMT+0530 (India Standard Time)",29.700272479564,50,80,20
"Wed Nov 29 2017 00:00:00 GMT+0530 (India Standard Time)",24.3869209809264,50,80,20
"Thu Nov 30 2017 00:00:00 GMT+0530 (India Standard Time)",14.850136239782,50,80,20
"Fri Dec 01 2017 00:00:00 GMT+0530 (India Standard Time)",11.0354223433243,50,80,20
"Mon Dec 04 2017 00:00:00 GMT+0530 (India Standard Time)",10.5898123324398,50,80,20
"Tue Dec 05 2017 00:00:00 GMT+0530 (India Standard Time)",15.6122448979594,50,80,20
"Wed Dec 06 2017 00:00:00 GMT+0530 (India Standard Time)",19.5153061224492,50,80,20
"Thu Dec 07 2017 00:00:00 GMT+0530 (India Standard Time)",13.770053475936,50,80,20
"Fri Dec 08 2017 00:00:00 GMT+0530 (India Standard Time)",39.5721925133691,50,80,20
"Mon Dec 11 2017 00:00:00 GMT+0530 (India Standard Time)",41.0427807486631,50,80,20
"Tue Dec 12 2017 00:00:00 GMT+0530 (India Standard Time)",8.95721925133694,50,80,20
"Wed Dec 13 2017 00:00:00 GMT+0530 (India Standard Time)",3.64741641337377,50,80,20
"Thu Dec 14 2017 00:00:00 GMT+0530 (India Standard Time)",30.3359683794467,50,80,20
"Fri Dec 15 2017 00:00:00 GMT+0530 (India Standard Time)",6.19047619047619,50,80,20
"Mon Dec 18 2017 00:00:00 GMT+0530 (India Standard Time)",37.0027752081406,50,80,20
"Tue Dec 19 2017 00:00:00 GMT+0530 (India Standard Time)",59.6669750231267,50,80,20
"Wed Dec 20 2017 00:00:00 GMT+0530 (India Standard Time)",54.1549953314658,50,80,20
"Thu Dec 21 2017 00:00:00 GMT+0530 (India Standard Time)",53.8755980861244,50,80,20
"Fri Dec 22 2017 00:00:00 GMT+0530 (India Standard Time)",59.0409590409591,50,80,20
"Tue Dec 26 2017 00:00:00 GMT+0530 (India Standard Time)",80.1198801198801,50,80,20
"Wed Dec 27 2017 00:00:00 GMT+0530 (India Standard Time)",78.6948176583493,50,80,20
"Thu Dec 28 2017 00:00:00 GMT+0530 (India Standard Time)",66.0268714011516,50,80,20
"Fri Dec 29 2017 00:00:00 GMT+0530 (India Standard Time)",70.7293666026872,50,80,20
"Mon Jan 01 2018 00:00:00 GMT+0530 (India Standard Time)",76.4875239923225,50,80,20
"Tue Jan 02 2018 00:00:00 GMT+0530 (India Standard Time)",69.3857965451055,50,80,20
"Wed Jan 03 2018 00:00:00 GMT+0530 (India Standard Time)",67.4664107485604,50,80,20
"Thu Jan 04 2018 00:00:00 GMT+0530 (India Standard Time)",86.5642994241843,50,80,20
"Fri Jan 05 2018 00:00:00 GMT+0530 (India Standard Time)",83.4932821497121,50,80,20
"Mon Jan 08 2018 00:00:00 GMT+0530 (India Standard Time)",77.7081468218442,50,80,20
"Tue Jan 09 2018 00:00:00 GMT+0530 (India Standard Time)",78.6929274843331,50,80,20
"Wed Jan 10 2018 00:00:00 GMT+0530 (India Standard Time)",86.123545210385,50,80,20
"Thu Jan 11 2018 00:00:00 GMT+0530 (India Standard Time)",72.8737690241719,50,80,20
"Fri Jan 12 2018 00:00:00 GMT+0530 (India Standard Time)",72.4261414503134,50,80,20
"Mon Jan 15 2018 00:00:00 GMT+0530 (India Standard Time)",69.1136974037601,50,80,20
"Tue Jan 16 2018 00:00:00 GMT+0530 (India Standard Time)",25.5349500713265,50,80,20
"Wed Jan 17 2018 00:00:00 GMT+0530 (India Standard Time)",35.3968253968253,50,80,20
"Thu Jan 18 2018 00:00:00 GMT+0530 (India Standard Time)",24.2857142857142,50,80,20
"Fri Jan 19 2018 00:00:00 GMT+0530 (India Standard Time)",21.1783439490445,50,80,20
"Mon Jan 22 2018 00:00:00 GMT+0530 (India Standard Time)",23.4011627906976,50,80,20
"Tue Jan 23 2018 00:00:00 GMT+0530 (India Standard Time)",85.0290697674419,50,80,20
"Wed Jan 24 2018 00:00:00 GMT+0530 (India Standard Time)",73.2558139534882,50,80,20
"Thu Jan 25 2018 00:00:00 GMT+0530 (India Standard Time)",74.6701846965698,50,80,20
"Mon Jan 29 2018 00:00:00 GMT+0530 (India Standard Time)",57.7836411609498,50,80,20
"Tue Jan 30 2018 00:00:00 GMT+0530 (India Standard Time)",33.9050131926122,50,80,20
"Wed Jan 31 2018 00:00:00 GMT+0530 (India Standard Time)",5.24390243902433,50,80,20
"Thu Feb 01 2018 00:00:00 GMT+0530 (India Standard Time)",13.4842519685038,50,80,20
"Fri Feb 02 2018 00:00:00 GMT+0530 (India Standard Time)",10.8228980322003,50,80,20
"Mon Feb 05 2018 00:00:00 GMT+0530 (India Standard Time)",14.8829431438127,50,80,20
"Tue Feb 06 2018 00:00:00 GMT+0530 (India Standard Time)",8.49897189856071,50,80,20
"Wed Feb 07 2018 00:00:00 GMT+0530 (India Standard Time)",19.5963541666666,50,80,20
"Thu Feb 08 2018 00:00:00 GMT+0530 (India Standard Time)",76.1067708333333,50,80,20
"Fri Feb 09 2018 00:00:00 GMT+0530 (India Standard Time)",87.5,50,80,20
"Mon Feb 12 2018 00:00:00 GMT+0530 (India Standard Time)",83.4777227722772,50,80,20
"Wed Feb 14 2018 00:00:00 GMT+0530 (India Standard Time)",76.6707920792079,50,80,20
"Thu Feb 15 2018 00:00:00 GMT+0530 (India Standard Time)",63.9232673267327,50,80,20
"Fri Feb 16 2018 00:00:00 GMT+0530 (India Standard Time)",70.4207920792079,50,80,20
"Mon Feb 19 2018 00:00:00 GMT+0530 (India Standard Time)",57.1782178217821,50,80,20
"Tue Feb 20 2018 00:00:00 GMT+0530 (India Standard Time)",60.9529702970297,50,80,20
"Wed Feb 21 2018 00:00:00 GMT+0530 (India Standard Time)",53.279702970297,50,80,20
"Thu Feb 22 2018 00:00:00 GMT+0530 (India Standard Time)",43.8737623762376,50,80,20
"Fri Feb 23 2018 00:00:00 GMT+0530 (India Standard Time)",51.299504950495,50,80,20
"Mon Feb 26 2018 00:00:00 GMT+0530 (India Standard Time)",44.4306930693069,50,80,20
"Tue Feb 27 2018 00:00:00 GMT+0530 (India Standard Time)",39.9752475247524,50,80,20
"Wed Feb 28 2018 00:00:00 GMT+0530 (India Standard Time)",43.8737623762376,50,80,20
"Thu Mar 01 2018 00:00:00 GMT+0530 (India Standard Time)",34.0346534653466,50,80,20
"Mon Mar 05 2018 00:00:00 GMT+0530 (India Standard Time)",31.0024752475247,50,80,20
"Tue Mar 06 2018 00:00:00 GMT+0530 (India Standard Time)",37.0049504950495,50,80,20
"Wed Mar 07 2018 00:00:00 GMT+0530 (India Standard Time)",32.1782178217822,50,80,20
"Thu Mar 08 2018 00:00:00 GMT+0530 (India Standard Time)",29.4554455445544,50,80,20
"Fri Mar 09 2018 00:00:00 GMT+0530 (India Standard Time)",4.48095593726661,50,80,20
"Mon Mar 12 2018 00:00:00 GMT+0530 (India Standard Time)",23.9328201539538,50,80,20
"Tue Mar 13 2018 00:00:00 GMT+0530 (India Standard Time)",21.2736179146257,50,80,20
"Wed Mar 14 2018 00:00:00 GMT+0530 (India Standard Time)",21.498127340824,50,80,20
"Thu Mar 15 2018 00:00:00 GMT+0530 (India Standard Time)",13.126079447323,50,80,20
"Fri Mar 16 2018 00:00:00 GMT+0530 (India Standard Time)",4.13005272407736,50,80,20
"Mon Mar 19 2018 00:00:00 GMT+0530 (India Standard Time)",7.6651982378855,50,80,20
"Tue Mar 20 2018 00:00:00 GMT+0530 (India Standard Time)",35.3565114908662,50,80,20
"Wed Mar 21 2018 00:00:00 GMT+0530 (India Standard Time)",33.1761932822628,50,80,20
"Thu Mar 22 2018 00:00:00 GMT+0530 (India Standard Time)",21.741778319123,50,80,20
"Fri Mar 23 2018 00:00:00 GMT+0530 (India Standard Time)",18.8794153471376,50,80,20
"Mon Mar 26 2018 00:00:00 GMT+0530 (India Standard Time)",24.8684210526315,50,80,20
"Tue Mar 27 2018 00:00:00 GMT+0530 (India Standard Time)",29.1447368421052,50,80,20
"Wed Mar 28 2018 00:00:00 GMT+0530 (India Standard Time)",30.5970149253732,50,80,20
"Mon Apr 02 2018 00:00:00 GMT+0530 (India Standard Time)",75.1408450704226,50,80,20
"Tue Apr 03 2018 00:00:00 GMT+0530 (India Standard Time)",71.2781954887218,50,80,20
"Wed Apr 04 2018 00:00:00 GMT+0530 (India Standard Time)",70.5263157894736,50,80,20
"Thu Apr 05 2018 00:00:00 GMT+0530 (India Standard Time)",56.570996978852,50,80,20
"Fri Apr 06 2018 00:00:00 GMT+0530 (India Standard Time)",57.8651685393259,50,80,20
"Mon Apr 09 2018 00:00:00 GMT+0530 (India Standard Time)",54.3338683788122,50,80,20
"Tue Apr 10 2018 00:00:00 GMT+0530 (India Standard Time)",57.8817733990148,50,80,20
"Wed Apr 11 2018 00:00:00 GMT+0530 (India Standard Time)",63.3825944170772,50,80,20
"Thu Apr 12 2018 00:00:00 GMT+0530 (India Standard Time)",54.5977011494253,50,80,20
"Fri Apr 13 2018 00:00:00 GMT+0530 (India Standard Time)",57.4955908289242,50,80,20
"Mon Apr 16 2018 00:00:00 GMT+0530 (India Standard Time)",95.6086286594763,50,80,20
"Tue Apr 17 2018 00:00:00 GMT+0530 (India Standard Time)",87.1657754010696,50,80,20
"Wed Apr 18 2018 00:00:00 GMT+0530 (India Standard Time)",83.2658569500675,50,80,20
"Thu Apr 19 2018 00:00:00 GMT+0530 (India Standard Time)",80.327868852459,50,80,20
"Fri Apr 20 2018 00:00:00 GMT+0530 (India Standard Time)",87.5878220140514,50,80,20
"Mon Apr 23 2018 00:00:00 GMT+0530 (India Standard Time)",97.6744186046511,50,80,20
"Tue Apr 24 2018 00:00:00 GMT+0530 (India Standard Time)",95.8304378040306,50,80,20
"Wed Apr 25 2018 00:00:00 GMT+0530 (India Standard Time)",83.2863187588152,50,80,20
"Thu Apr 26 2018 00:00:00 GMT+0530 (India Standard Time)",93.0183356840622,50,80,20
"Fri Apr 27 2018 00:00:00 GMT+0530 (India Standard Time)",88.2978723404256,50,80,20
"Mon Apr 30 2018 00:00:00 GMT+0530 (India Standard Time)",97.1656333038086,50,80,20
"Wed May 02 2018 00:00:00 GMT+0530 (India Standard Time)",85.7245854361933,50,80,20
"Thu May 03 2018 00:00:00 GMT+0530 (India Standard Time)",81.831290555155,50,80,20
"Fri May 04 2018 00:00:00 GMT+0530 (India Standard Time)",64.0951694304254,50,80,20
"Mon May 07 2018 00:00:00 GMT+0530 (India Standard Time)",55.5155010814708,50,80,20
"Tue May 08 2018 00:00:00 GMT+0530 (India Standard Time)",54.9387166546503,50,80,20
"Wed May 09 2018 00:00:00 GMT+0530 (India Standard Time)",51.1175198269647,50,80,20
"Thu May 10 2018 00:00:00 GMT+0530 (India Standard Time)",33.0930064888249,50,80,20
"Fri May 11 2018 00:00:00 GMT+0530 (India Standard Time)",30.4974765681328,50,80,20
"Mon May 14 2018 00:00:00 GMT+0530 (India Standard Time)",36.964415395788,50,80,20
"Tue May 15 2018 00:00:00 GMT+0530 (India Standard Time)",18.838028169014,50,80,20
"Wed May 16 2018 00:00:00 GMT+0530 (India Standard Time)",18.3135704874835,50,80,20
"Thu May 17 2018 00:00:00 GMT+0530 (India Standard Time)",17.9903730445247,50,80,20
"Fri May 18 2018 00:00:00 GMT+0530 (India Standard Time)",3.31882480957558,50,80,20
"Mon May 21 2018 00:00:00 GMT+0530 (India Standard Time)",4.20207743153923,50,80,20
"Tue May 22 2018 00:00:00 GMT+0530 (India Standard Time)",14.6469049694856,50,80,20
"Wed May 23 2018 00:00:00 GMT+0530 (India Standard Time)",21.9703574542284,50,80,20
"Thu May 24 2018 00:00:00 GMT+0530 (India Standard Time)",22.9293809938971,50,80,20
"Fri May 25 2018 00:00:00 GMT+0530 (India Standard Time)",25.6756756756757,50,80,20
"Mon May 28 2018 00:00:00 GMT+0530 (India Standard Time)",28.1604184829991,50,80,20
"Tue May 29 2018 00:00:00 GMT+0530 (India Standard Time)",20.4010462074979,50,80,20
"Wed May 30 2018 00:00:00 GMT+0530 (India Standard Time)",17.3748819641171,50,80,20
"Thu May 31 2018 00:00:00 GMT+0530 (India Standard Time)",16.7220902612826,50,80,20
"Fri Jun 01 2018 00:00:00 GMT+0530 (India Standard Time)",18.2585751978892,50,80,20
"Mon Jun 04 2018 00:00:00 GMT+0530 (India Standard Time)",14.2480211081795,50,80,20
"Tue Jun 05 2018 00:00:00 GMT+0530 (India Standard Time)",39.3018018018018,50,80,20
"Wed Jun 06 2018 00:00:00 GMT+0530 (India Standard Time)",35.7551487414188,50,80,20
"Thu Jun 07 2018 00:00:00 GMT+0530 (India Standard Time)",39.0442890442891,50,80,20
"Fri Jun 08 2018 00:00:00 GMT+0530 (India Standard Time)",61.1305361305361,50,80,20
"Mon Jun 11 2018 00:00:00 GMT+0530 (India Standard Time)",62.4708624708624,50,80,20
"Tue Jun 12 2018 00:00:00 GMT+0530 (India Standard Time)",88.3480825958702,50,80,20
"Wed Jun 13 2018 00:00:00 GMT+0530 (India Standard Time)",86.7902665121669,50,80,20
"Thu Jun 14 2018 00:00:00 GMT+0530 (India Standard Time)",93.6848203939745,50,80,20
"Fri Jun 15 2018 00:00:00 GMT+0530 (India Standard Time)",97.2519795062879,50,80,20
"Mon Jun 18 2018 00:00:00 GMT+0530 (India Standard Time)",88.9784946236559,50,80,20
"Tue Jun 19 2018 00:00:00 GMT+0530 (India Standard Time)",83.6705202312139,50,80,20
"Wed Jun 20 2018 00:00:00 GMT+0530 (India Standard Time)",81.1553030303031,50,80,20
"Thu Jun 21 2018 00:00:00 GMT+0530 (India Standard Time)",81.7708333333333,50,80,20
"Fri Jun 22 2018 00:00:00 GMT+0530 (India Standard Time)",93.3712121212121,50,80,20
"Mon Jun 25 2018 00:00:00 GMT+0530 (India Standard Time)",89.2518939393939,50,80,20
"Tue Jun 26 2018 00:00:00 GMT+0530 (India Standard Time)",77.9829545454545,50,80,20
"Wed Jun 27 2018 00:00:00 GMT+0530 (India Standard Time)",80.6344696969697,50,80,20
"Thu Jun 28 2018 00:00:00 GMT+0530 (India Standard Time)",79.3087121212121,50,80,20
"Fri Jun 29 2018 00:00:00 GMT+0530 (India Standard Time)",94.2234848484848,50,80,20
"Mon Jul 02 2018 00:00:00 GMT+0530 (India Standard Time)",94.5264159923846,50,80,20
"Tue Jul 03 2018 00:00:00 GMT+0530 (India Standard Time)",96.1797752808989,50,80,20
"Wed Jul 04 2018 00:00:00 GMT+0530 (India Standard Time)",82.7617328519855,50,80,20
"Thu Jul 05 2018 00:00:00 GMT+0530 (India Standard Time)",80.3661327231121,50,80,20
