"date","williams","middle","overbought","oversold"
"Thu Jul 06 2017 00:00:00 GMT+0530 (India Standard Time)",26.3616557734205,50,80,20
"Fri Jul 07 2017 00:00:00 GMT+0530 (India Standard Time)",35.160264252508,50,80,20
"Mon Jul 10 2017 00:00:00 GMT+0530 (India Standard Time)",58.7051074934758,50,80,20
"Tue Jul 11 2017 00:00:00 GMT+0530 (India Standard Time)",66.1115943829999,50,80,20
"Wed Jul 12 2017 00:00:00 GMT+0530 (India Standard Time)",64.8316142661862,50,80,20
"Thu Jul 13 2017 00:00:00 GMT+0530 (India Standard Time)",83.969181061265,50,80,20
"Fri Jul 14 2017 00:00:00 GMT+0530 (India Standard Time)",79.1226544053685,50,80,20
"Mon Jul 17 2017 00:00:00 GMT+0530 (India Standard Time)",79.1847893624954,50,80,20
"Tue Jul 18 2017 00:00:00 GMT+0530 (India Standard Time)",87.4487386603704,50,80,20
"Wed Jul 19 2017 00:00:00 GMT+0530 (India Standard Time)",91.6739157449981,50,80,20
"Thu Jul 20 2017 00:00:00 GMT+0530 (India Standard Time)",89.875747814082,50,80,20
"Fri Jul 21 2017 00:00:00 GMT+0530 (India Standard Time)",82.5126553152324,50,80,20
"Mon Jul 24 2017 00:00:00 GMT+0530 (India Standard Time)",81.0745513115508,50,80,20
"Tue Jul 25 2017 00:00:00 GMT+0530 (India Standard Time)",72.8485964104923,50,80,20
"Wed Jul 26 2017 00:00:00 GMT+0530 (India Standard Time)",83.6631385181776,50,80,20
"Thu Jul 27 2017 00:00:00 GMT+0530 (India Standard Time)",85.2924344740756,50,80,20
"Fri Jul 28 2017 00:00:00 GMT+0530 (India Standard Time)",58.5908529048208,50,80,20
"Mon Jul 31 2017 00:00:00 GMT+0530 (India Standard Time)",85.5080213903744,50,80,20
"Tue Aug 01 2017 00:00:00 GMT+0530 (India Standard Time)",80.0411757977811,50,80,20
"Wed Aug 02 2017 00:00:00 GMT+0530 (India Standard Time)",61.9578686493184,50,80,20
"Thu Aug 03 2017 00:00:00 GMT+0530 (India Standard Time)",59.4175960346964,50,80,20
"Fri Aug 04 2017 00:00:00 GMT+0530 (India Standard Time)",52.1686564908568,50,80,20
"Mon Aug 07 2017 00:00:00 GMT+0530 (India Standard Time)",49.1415912866902,50,80,20
"Tue Aug 08 2017 00:00:00 GMT+0530 (India Standard Time)",32.7777777777779,50,80,20
"Wed Aug 09 2017 00:00:00 GMT+0530 (India Standard Time)",9.91596638655477,50,80,20
"Thu Aug 10 2017 00:00:00 GMT+0530 (India Standard Time)",26.2222222222223,50,80,20
"Fri Aug 11 2017 00:00:00 GMT+0530 (India Standard Time)",8.20170109356015,50,80,20
"Mon Aug 14 2017 00:00:00 GMT+0530 (India Standard Time)",31.5254237288137,50,80,20
"Wed Aug 16 2017 00:00:00 GMT+0530 (India Standard Time)",26.271186440678,50,80,20
"Thu Aug 17 2017 00:00:00 GMT+0530 (India Standard Time)",16.9491525423729,50,80,20
"Fri Aug 18 2017 00:00:00 GMT+0530 (India Standard Time)",13.1073446327683,50,80,20
"Mon Aug 21 2017 00:00:00 GMT+0530 (India Standard Time)",9.15254237288125,50,80,20
"Tue Aug 22 2017 00:00:00 GMT+0530 (India Standard Time)",4.92323980942307,50,80,20
"Wed Aug 23 2017 00:00:00 GMT+0530 (India Standard Time)",11.752249867655,50,80,20
"Thu Aug 24 2017 00:00:00 GMT+0530 (India Standard Time)",19.7458973001589,50,80,20
"Mon Aug 28 2017 00:00:00 GMT+0530 (India Standard Time)",27.3689782953945,50,80,20
"Tue Aug 29 2017 00:00:00 GMT+0530 (India Standard Time)",17.9989412387507,50,80,20
"Wed Aug 30 2017 00:00:00 GMT+0530 (India Standard Time)",31.2206572769954,50,80,20
"Thu Aug 31 2017 00:00:00 GMT+0530 (India Standard Time)",29.505076142132,50,80,20
"Fri Sep 01 2017 00:00:00 GMT+0530 (India Standard Time)",35.8464701850584,50,80,20
"Mon Sep 04 2017 00:00:00 GMT+0530 (India Standard Time)",24.1261137765595,50,80,20
"Tue Sep 05 2017 00:00:00 GMT+0530 (India Standard Time)",18.6429061000687,50,80,20
"Wed Sep 06 2017 00:00:00 GMT+0530 (India Standard Time)",6.23714873200816,50,80,20
"Thu Sep 07 2017 00:00:00 GMT+0530 (India Standard Time)",27.6962899050905,50,80,20
"Fri Sep 08 2017 00:00:00 GMT+0530 (India Standard Time)",86.0768672951415,50,80,20
"Mon Sep 11 2017 00:00:00 GMT+0530 (India Standard Time)",93.6132201875837,50,80,20
"Tue Sep 12 2017 00:00:00 GMT+0530 (India Standard Time)",96.8995452666391,50,80,20
"Wed Sep 13 2017 00:00:00 GMT+0530 (India Standard Time)",91.194708557255,50,80,20
"Thu Sep 14 2017 00:00:00 GMT+0530 (India Standard Time)",83.6295990078545,50,80,20
"Fri Sep 15 2017 00:00:00 GMT+0530 (India Standard Time)",82.1413807358413,50,80,20
"Mon Sep 18 2017 00:00:00 GMT+0530 (India Standard Time)",93.9450921399023,50,80,20
"Tue Sep 19 2017 00:00:00 GMT+0530 (India Standard Time)",84.881534411433,50,80,20
"Wed Sep 20 2017 00:00:00 GMT+0530 (India Standard Time)",89.3093313739897,50,80,20
"Thu Sep 21 2017 00:00:00 GMT+0530 (India Standard Time)",83.3209509658246,50,80,20
"Fri Sep 22 2017 00:00:00 GMT+0530 (India Standard Time)",51.188707280832,50,80,20
"Mon Sep 25 2017 00:00:00 GMT+0530 (India Standard Time)",36.6270430906389,50,80,20
"Tue Sep 26 2017 00:00:00 GMT+0530 (India Standard Time)",34.9182763744428,50,80,20
"Wed Sep 27 2017 00:00:00 GMT+0530 (India Standard Time)",15.8246656760772,50,80,20
"Thu Sep 28 2017 00:00:00 GMT+0530 (India Standard Time)",12.9643387815749,50,80,20
"Fri Sep 29 2017 00:00:00 GMT+0530 (India Standard Time)",19.4279346210995,50,80,20
"Tue Oct 03 2017 00:00:00 GMT+0530 (India Standard Time)",14.1158989598811,50,80,20
"Wed Oct 04 2017 00:00:00 GMT+0530 (India Standard Time)",16.6419019316492,50,80,20
"Thu Oct 05 2017 00:00:00 GMT+0530 (India Standard Time)",10.4347826086956,50,80,20
"Fri Oct 06 2017 00:00:00 GMT+0530 (India Standard Time)",11.2653061224489,50,80,20
"Mon Oct 09 2017 00:00:00 GMT+0530 (India Standard Time)",10.5714285714286,50,80,20
"Tue Oct 10 2017 00:00:00 GMT+0530 (India Standard Time)",12,50,80,20
"Wed Oct 11 2017 00:00:00 GMT+0530 (India Standard Time)",5.2781161185546,50,80,20
"Thu Oct 12 2017 00:00:00 GMT+0530 (India Standard Time)",13.2358911896063,50,80,20
"Fri Oct 13 2017 00:00:00 GMT+0530 (India Standard Time)",9.17580186764123,50,80,20
"Mon Oct 16 2017 00:00:00 GMT+0530 (India Standard Time)",14.0885099472189,50,80,20
"Tue Oct 17 2017 00:00:00 GMT+0530 (India Standard Time)",17.3771822980106,50,80,20
"Wed Oct 18 2017 00:00:00 GMT+0530 (India Standard Time)",11.408850994722,50,80,20
"Thu Oct 19 2017 00:00:00 GMT+0530 (India Standard Time)",11.0075454948958,50,80,20
"Mon Oct 23 2017 00:00:00 GMT+0530 (India Standard Time)",11.8452100047192,50,80,20
"Tue Oct 24 2017 00:00:00 GMT+0530 (India Standard Time)",30.3291536050156,50,80,20
"Wed Oct 25 2017 00:00:00 GMT+0530 (India Standard Time)",88.2352941176471,50,80,20
"Thu Oct 26 2017 00:00:00 GMT+0530 (India Standard Time)",83.3748960931006,50,80,20
"Fri Oct 27 2017 00:00:00 GMT+0530 (India Standard Time)",84.3308395677474,50,80,20
"Mon Oct 30 2017 00:00:00 GMT+0530 (India Standard Time)",94.5552784704905,50,80,20
"Tue Oct 31 2017 00:00:00 GMT+0530 (India Standard Time)",82.3773898586866,50,80,20
"Wed Nov 01 2017 00:00:00 GMT+0530 (India Standard Time)",76.5586034912718,50,80,20
"Thu Nov 02 2017 00:00:00 GMT+0530 (India Standard Time)",72.9426433915212,50,80,20
"Fri Nov 03 2017 00:00:00 GMT+0530 (India Standard Time)",90.197660346914,50,80,20
"Mon Nov 06 2017 00:00:00 GMT+0530 (India Standard Time)",81.887858007261,50,80,20
"Tue Nov 07 2017 00:00:00 GMT+0530 (India Standard Time)",70.8753529649051,50,80,20
"Wed Nov 08 2017 00:00:00 GMT+0530 (India Standard Time)",76.6438079870915,50,80,20
"Thu Nov 09 2017 00:00:00 GMT+0530 (India Standard Time)",74.7882210568778,50,80,20
"Fri Nov 10 2017 00:00:00 GMT+0530 (India Standard Time)",93.4102141680395,50,80,20
"Mon Nov 13 2017 00:00:00 GMT+0530 (India Standard Time)",77.3311367380559,50,80,20
"Tue Nov 14 2017 00:00:00 GMT+0530 (India Standard Time)",57.331136738056,50,80,20
"Wed Nov 15 2017 00:00:00 GMT+0530 (India Standard Time)",56.8698517298188,50,80,20
"Thu Nov 16 2017 00:00:00 GMT+0530 (India Standard Time)",63.32784184514,50,80,20
"Fri Nov 17 2017 00:00:00 GMT+0530 (India Standard Time)",65.6342668863261,50,80,20
"Mon Nov 20 2017 00:00:00 GMT+0530 (India Standard Time)",69.6674504534766,50,80,20
"Tue Nov 21 2017 00:00:00 GMT+0530 (India Standard Time)",58.1097316780137,50,80,20
"Wed Nov 22 2017 00:00:00 GMT+0530 (India Standard Time)",27.2790535838554,50,80,20
"Thu Nov 23 2017 00:00:00 GMT+0530 (India Standard Time)",17.8844815588032,50,80,20
"Fri Nov 24 2017 00:00:00 GMT+0530 (India Standard Time)",21.4335421016006,50,80,20
"Mon Nov 27 2017 00:00:00 GMT+0530 (India Standard Time)",30.1322199025749,50,80,20
"Tue Nov 28 2017 00:00:00 GMT+0530 (India Standard Time)",11.9693806541407,50,80,20
"Wed Nov 29 2017 00:00:00 GMT+0530 (India Standard Time)",20.5288796102992,50,80,20
"Thu Nov 30 2017 00:00:00 GMT+0530 (India Standard Time)",18.7195546276966,50,80,20
"Fri Dec 01 2017 00:00:00 GMT+0530 (India Standard Time)",11.899791231733,50,80,20
"Mon Dec 04 2017 00:00:00 GMT+0530 (India Standard Time)",21.4627477785373,50,80,20
"Tue Dec 05 2017 00:00:00 GMT+0530 (India Standard Time)",22.1889952153112,50,80,20
"Wed Dec 06 2017 00:00:00 GMT+0530 (India Standard Time)",2.61780104712042,50,80,20
"Thu Dec 07 2017 00:00:00 GMT+0530 (India Standard Time)",34.2059336823736,50,80,20
"Fri Dec 08 2017 00:00:00 GMT+0530 (India Standard Time)",44.1860465116278,50,80,20
"Mon Dec 11 2017 00:00:00 GMT+0530 (India Standard Time)",55.6779661016948,50,80,20
"Tue Dec 12 2017 00:00:00 GMT+0530 (India Standard Time)",23.5593220338985,50,80,20
"Wed Dec 13 2017 00:00:00 GMT+0530 (India Standard Time)",6.74603174603175,50,80,20
"Thu Dec 14 2017 00:00:00 GMT+0530 (India Standard Time)",17.663421418637,50,80,20
"Fri Dec 15 2017 00:00:00 GMT+0530 (India Standard Time)",38.1780250347705,50,80,20
"Mon Dec 18 2017 00:00:00 GMT+0530 (India Standard Time)",70.909090909091,50,80,20
"Tue Dec 19 2017 00:00:00 GMT+0530 (India Standard Time)",74.8333333333335,50,80,20
"Wed Dec 20 2017 00:00:00 GMT+0530 (India Standard Time)",87.8533231474407,50,80,20
"Thu Dec 21 2017 00:00:00 GMT+0530 (India Standard Time)",93.1111111111111,50,80,20
"Fri Dec 22 2017 00:00:00 GMT+0530 (India Standard Time)",95.9473684210527,50,80,20
"Tue Dec 26 2017 00:00:00 GMT+0530 (India Standard Time)",94.7,50,80,20
"Wed Dec 27 2017 00:00:00 GMT+0530 (India Standard Time)",82.0703318474491,50,80,20
"Thu Dec 28 2017 00:00:00 GMT+0530 (India Standard Time)",77.0183259039128,50,80,20
"Fri Dec 29 2017 00:00:00 GMT+0530 (India Standard Time)",82.4665676077266,50,80,20
"Mon Jan 01 2018 00:00:00 GMT+0530 (India Standard Time)",84.8935116394255,50,80,20
"Tue Jan 02 2018 00:00:00 GMT+0530 (India Standard Time)",74.0465577018326,50,80,20
"Wed Jan 03 2018 00:00:00 GMT+0530 (India Standard Time)",92.0605782469022,50,80,20
"Thu Jan 04 2018 00:00:00 GMT+0530 (India Standard Time)",97.0344827586207,50,80,20
"Fri Jan 05 2018 00:00:00 GMT+0530 (India Standard Time)",90.8736602793115,50,80,20
"Mon Jan 08 2018 00:00:00 GMT+0530 (India Standard Time)",95.4957589938578,50,80,20
"Tue Jan 09 2018 00:00:00 GMT+0530 (India Standard Time)",92.2784439894706,50,80,20
"Wed Jan 10 2018 00:00:00 GMT+0530 (India Standard Time)",87.0137467095642,50,80,20
"Thu Jan 11 2018 00:00:00 GMT+0530 (India Standard Time)",86.8967534366773,50,80,20
"Fri Jan 12 2018 00:00:00 GMT+0530 (India Standard Time)",90.1725650775081,50,80,20
"Mon Jan 15 2018 00:00:00 GMT+0530 (India Standard Time)",85.6696935300795,50,80,20
"Tue Jan 16 2018 00:00:00 GMT+0530 (India Standard Time)",82.4191279887483,50,80,20
"Wed Jan 17 2018 00:00:00 GMT+0530 (India Standard Time)",97.5337837837837,50,80,20
"Thu Jan 18 2018 00:00:00 GMT+0530 (India Standard Time)",83.6486486486486,50,80,20
"Fri Jan 19 2018 00:00:00 GMT+0530 (India Standard Time)",90.4678156876539,50,80,20
"Mon Jan 22 2018 00:00:00 GMT+0530 (India Standard Time)",97.0149253731342,50,80,20
"Tue Jan 23 2018 00:00:00 GMT+0530 (India Standard Time)",97.5021783328493,50,80,20
"Wed Jan 24 2018 00:00:00 GMT+0530 (India Standard Time)",91.9837351147256,50,80,20
"Thu Jan 25 2018 00:00:00 GMT+0530 (India Standard Time)",94.2725298588491,50,80,20
"Mon Jan 29 2018 00:00:00 GMT+0530 (India Standard Time)",95.1207243460764,50,80,20
"Tue Jan 30 2018 00:00:00 GMT+0530 (India Standard Time)",94.08953722334,50,80,20
"Wed Jan 31 2018 00:00:00 GMT+0530 (India Standard Time)",86.7735997896397,50,80,20
"Thu Feb 01 2018 00:00:00 GMT+0530 (India Standard Time)",92.4170616113744,50,80,20
"Fri Feb 02 2018 00:00:00 GMT+0530 (India Standard Time)",69.8285398230089,50,80,20
"Mon Feb 05 2018 00:00:00 GMT+0530 (India Standard Time)",41.1780973451328,50,80,20
"Tue Feb 06 2018 00:00:00 GMT+0530 (India Standard Time)",35.3152654867256,50,80,20
"Wed Feb 07 2018 00:00:00 GMT+0530 (India Standard Time)",24.6404867256637,50,80,20
"Thu Feb 08 2018 00:00:00 GMT+0530 (India Standard Time)",32.1902654867257,50,80,20
"Fri Feb 09 2018 00:00:00 GMT+0530 (India Standard Time)",22.1515486725664,50,80,20
"Mon Feb 12 2018 00:00:00 GMT+0530 (India Standard Time)",33.9048672566371,50,80,20
"Wed Feb 14 2018 00:00:00 GMT+0530 (India Standard Time)",39.8230088495575,50,80,20
"Thu Feb 15 2018 00:00:00 GMT+0530 (India Standard Time)",33.8219026548672,50,80,20
"Fri Feb 16 2018 00:00:00 GMT+0530 (India Standard Time)",21.6814159292036,50,80,20
"Mon Feb 19 2018 00:00:00 GMT+0530 (India Standard Time)",4.6448087431694,50,80,20
"Tue Feb 20 2018 00:00:00 GMT+0530 (India Standard Time)",1.96721311475405,50,80,20
"Wed Feb 21 2018 00:00:00 GMT+0530 (India Standard Time)",1.98952879581149,50,80,20
"Thu Feb 22 2018 00:00:00 GMT+0530 (India Standard Time)",8.24742268041237,50,80,20
"Fri Feb 23 2018 00:00:00 GMT+0530 (India Standard Time)",13.2474226804124,50,80,20
"Mon Feb 26 2018 00:00:00 GMT+0530 (India Standard Time)",35.180412371134,50,80,20
"Tue Feb 27 2018 00:00:00 GMT+0530 (India Standard Time)",32.0103092783505,50,80,20
"Wed Feb 28 2018 00:00:00 GMT+0530 (India Standard Time)",21.7268041237114,50,80,20
"Thu Mar 01 2018 00:00:00 GMT+0530 (India Standard Time)",20.2061855670103,50,80,20
"Mon Mar 05 2018 00:00:00 GMT+0530 (India Standard Time)",14.3604651162791,50,80,20
"Tue Mar 06 2018 00:00:00 GMT+0530 (India Standard Time)",6.72000000000007,50,80,20
"Wed Mar 07 2018 00:00:00 GMT+0530 (India Standard Time)",2.93333333333329,50,80,20
"Thu Mar 08 2018 00:00:00 GMT+0530 (India Standard Time)",21.6777041942604,50,80,20
"Fri Mar 09 2018 00:00:00 GMT+0530 (India Standard Time)",27.5938189845475,50,80,20
"Mon Mar 12 2018 00:00:00 GMT+0530 (India Standard Time)",44.8565121412803,50,80,20
"Tue Mar 13 2018 00:00:00 GMT+0530 (India Standard Time)",38.4105960264901,50,80,20
"Wed Mar 14 2018 00:00:00 GMT+0530 (India Standard Time)",38.8520971302428,50,80,20
"Thu Mar 15 2018 00:00:00 GMT+0530 (India Standard Time)",32.3702031602708,50,80,20
"Fri Mar 16 2018 00:00:00 GMT+0530 (India Standard Time)",9.59427207637227,50,80,20
"Mon Mar 19 2018 00:00:00 GMT+0530 (India Standard Time)",21.0253754531331,50,80,20
"Tue Mar 20 2018 00:00:00 GMT+0530 (India Standard Time)",35.4738477472812,50,80,20
"Wed Mar 21 2018 00:00:00 GMT+0530 (India Standard Time)",51.89021232522,50,80,20
"Thu Mar 22 2018 00:00:00 GMT+0530 (India Standard Time)",38.3221128948731,50,80,20
"Fri Mar 23 2018 00:00:00 GMT+0530 (India Standard Time)",8.95908855515287,50,80,20
"Mon Mar 26 2018 00:00:00 GMT+0530 (India Standard Time)",39.5132055929571,50,80,20
"Tue Mar 27 2018 00:00:00 GMT+0530 (India Standard Time)",50.0258933195235,50,80,20
"Wed Mar 28 2018 00:00:00 GMT+0530 (India Standard Time)",70.1289884589274,50,80,20
"Mon Apr 02 2018 00:00:00 GMT+0530 (India Standard Time)",95.576323987539,50,80,20
"Tue Apr 03 2018 00:00:00 GMT+0530 (India Standard Time)",88.6604361370718,50,80,20
"Wed Apr 04 2018 00:00:00 GMT+0530 (India Standard Time)",45.9813084112151,50,80,20
"Thu Apr 05 2018 00:00:00 GMT+0530 (India Standard Time)",86.6666666666666,50,80,20
"Fri Apr 06 2018 00:00:00 GMT+0530 (India Standard Time)",71.4018691588785,50,80,20
"Mon Apr 09 2018 00:00:00 GMT+0530 (India Standard Time)",85.3350189633376,50,80,20
"Tue Apr 10 2018 00:00:00 GMT+0530 (India Standard Time)",94.1609679116255,50,80,20
"Wed Apr 11 2018 00:00:00 GMT+0530 (India Standard Time)",93.2828282828282,50,80,20
"Thu Apr 12 2018 00:00:00 GMT+0530 (India Standard Time)",96.089108910891,50,80,20
"Fri Apr 13 2018 00:00:00 GMT+0530 (India Standard Time)",90.8609908609908,50,80,20
"Mon Apr 16 2018 00:00:00 GMT+0530 (India Standard Time)",96.5053763440859,50,80,20
"Tue Apr 17 2018 00:00:00 GMT+0530 (India Standard Time)",84.2353951890033,50,80,20
"Wed Apr 18 2018 00:00:00 GMT+0530 (India Standard Time)",84.7079037800686,50,80,20
"Thu Apr 19 2018 00:00:00 GMT+0530 (India Standard Time)",97.5513428120064,50,80,20
"Fri Apr 20 2018 00:00:00 GMT+0530 (India Standard Time)",81.7930489731438,50,80,20
"Mon Apr 23 2018 00:00:00 GMT+0530 (India Standard Time)",77.8041074249606,50,80,20
"Tue Apr 24 2018 00:00:00 GMT+0530 (India Standard Time)",91.5903413821816,50,80,20
"Wed Apr 25 2018 00:00:00 GMT+0530 (India Standard Time)",74.2594484167519,50,80,20
"Thu Apr 26 2018 00:00:00 GMT+0530 (India Standard Time)",58.2226762002044,50,80,20
"Fri Apr 27 2018 00:00:00 GMT+0530 (India Standard Time)",89.4279877425946,50,80,20
"Mon Apr 30 2018 00:00:00 GMT+0530 (India Standard Time)",96.4285714285715,50,80,20
"Wed May 02 2018 00:00:00 GMT+0530 (India Standard Time)",84.5750655185324,50,80,20
"Thu May 03 2018 00:00:00 GMT+0530 (India Standard Time)",61.1978068325601,50,80,20
"Fri May 04 2018 00:00:00 GMT+0530 (India Standard Time)",53.5638970898355,50,80,20
"Mon May 07 2018 00:00:00 GMT+0530 (India Standard Time)",67.3276676109538,50,80,20
"Tue May 08 2018 00:00:00 GMT+0530 (India Standard Time)",38.537859007833,50,80,20
"Wed May 09 2018 00:00:00 GMT+0530 (India Standard Time)",48.6385477843034,50,80,20
"Thu May 10 2018 00:00:00 GMT+0530 (India Standard Time)",34.2765616657769,50,80,20
"Fri May 11 2018 00:00:00 GMT+0530 (India Standard Time)",61.1852642819008,50,80,20
"Mon May 14 2018 00:00:00 GMT+0530 (India Standard Time)",55.1521623064603,50,80,20
"Tue May 15 2018 00:00:00 GMT+0530 (India Standard Time)",47.0902295782169,50,80,20
"Wed May 16 2018 00:00:00 GMT+0530 (India Standard Time)",34.4367325146823,50,80,20
"Thu May 17 2018 00:00:00 GMT+0530 (India Standard Time)",27.6027762947145,50,80,20
"Fri May 18 2018 00:00:00 GMT+0530 (India Standard Time)",3.17673378076059,50,80,20
"Mon May 21 2018 00:00:00 GMT+0530 (India Standard Time)",1.99556541019956,50,80,20
"Tue May 22 2018 00:00:00 GMT+0530 (India Standard Time)",8.11529933481161,50,80,20
"Wed May 23 2018 00:00:00 GMT+0530 (India Standard Time)",14.1019955654103,50,80,20
"Thu May 24 2018 00:00:00 GMT+0530 (India Standard Time)",23.9911308203991,50,80,20
"Fri May 25 2018 00:00:00 GMT+0530 (India Standard Time)",27.4944567627494,50,80,20
"Mon May 28 2018 00:00:00 GMT+0530 (India Standard Time)",58.0487804878049,50,80,20
"Tue May 29 2018 00:00:00 GMT+0530 (India Standard Time)",61.0794207985958,50,80,20
"Wed May 30 2018 00:00:00 GMT+0530 (India Standard Time)",47.9596314172883,50,80,20
"Thu May 31 2018 00:00:00 GMT+0530 (India Standard Time)",52.1281263712155,50,80,20
"Fri Jun 01 2018 00:00:00 GMT+0530 (India Standard Time)",53.8832821412901,50,80,20
"Mon Jun 04 2018 00:00:00 GMT+0530 (India Standard Time)",41.1145239139973,50,80,20
"Tue Jun 05 2018 00:00:00 GMT+0530 (India Standard Time)",19.9648968845985,50,80,20
"Wed Jun 06 2018 00:00:00 GMT+0530 (India Standard Time)",34.708205353225,50,80,20
"Thu Jun 07 2018 00:00:00 GMT+0530 (India Standard Time)",38.7450636243967,50,80,20
"Fri Jun 08 2018 00:00:00 GMT+0530 (India Standard Time)",28.916191311979,50,80,20
