"date","williams","middle","overbought","oversold"
"Tue Jul 11 2017 00:00:00 GMT+0530 (India Standard Time)",81.3973063973064,50,80,20
"Wed Jul 12 2017 00:00:00 GMT+0530 (India Standard Time)",88.4353741496599,50,80,20
"Thu Jul 13 2017 00:00:00 GMT+0530 (India Standard Time)",96.4782964782965,50,80,20
"Fri Jul 14 2017 00:00:00 GMT+0530 (India Standard Time)",91.973791973792,50,80,20
"Mon Jul 17 2017 00:00:00 GMT+0530 (India Standard Time)",98.8789237668161,50,80,20
"Tue Jul 18 2017 00:00:00 GMT+0530 (India Standard Time)",91.5876027830487,50,80,20
"Wed Jul 19 2017 00:00:00 GMT+0530 (India Standard Time)",94.9945593035908,50,80,20
"Thu Jul 20 2017 00:00:00 GMT+0530 (India Standard Time)",87.9760609357998,50,80,20
"Fri Jul 21 2017 00:00:00 GMT+0530 (India Standard Time)",98.3927674535409,50,80,20
"Mon Jul 24 2017 00:00:00 GMT+0530 (India Standard Time)",92.0510304219823,50,80,20
"Tue Jul 25 2017 00:00:00 GMT+0530 (India Standard Time)",79.0971540726203,50,80,20
"Wed Jul 26 2017 00:00:00 GMT+0530 (India Standard Time)",71.1972522080471,50,80,20
"Thu Jul 27 2017 00:00:00 GMT+0530 (India Standard Time)",79.6859666339548,50,80,20
"Fri Jul 28 2017 00:00:00 GMT+0530 (India Standard Time)",80.9617271835133,50,80,20
"Mon Jul 31 2017 00:00:00 GMT+0530 (India Standard Time)",82.090284592738,50,80,20
"Tue Aug 01 2017 00:00:00 GMT+0530 (India Standard Time)",83.9057899901865,50,80,20
"Wed Aug 02 2017 00:00:00 GMT+0530 (India Standard Time)",80.6673209028459,50,80,20
"Thu Aug 03 2017 00:00:00 GMT+0530 (India Standard Time)",80.3238469087341,50,80,20
"Fri Aug 04 2017 00:00:00 GMT+0530 (India Standard Time)",82.1884200196271,50,80,20
"Mon Aug 07 2017 00:00:00 GMT+0530 (India Standard Time)",64.3974241030358,50,80,20
"Tue Aug 08 2017 00:00:00 GMT+0530 (India Standard Time)",62.134088762984,50,80,20
"Wed Aug 09 2017 00:00:00 GMT+0530 (India Standard Time)",60.1990049751244,50,80,20
"Thu Aug 10 2017 00:00:00 GMT+0530 (India Standard Time)",31.0017271157166,50,80,20
"Fri Aug 11 2017 00:00:00 GMT+0530 (India Standard Time)",4.83592400690839,50,80,20
"Mon Aug 14 2017 00:00:00 GMT+0530 (India Standard Time)",28.428093645485,50,80,20
"Wed Aug 16 2017 00:00:00 GMT+0530 (India Standard Time)",30.9364548494984,50,80,20
"Thu Aug 17 2017 00:00:00 GMT+0530 (India Standard Time)",44.3979933110368,50,80,20
"Fri Aug 18 2017 00:00:00 GMT+0530 (India Standard Time)",19.0635451505017,50,80,20
"Mon Aug 21 2017 00:00:00 GMT+0530 (India Standard Time)",15.2173913043479,50,80,20
"Tue Aug 22 2017 00:00:00 GMT+0530 (India Standard Time)",27.6360544217688,50,80,20
"Wed Aug 23 2017 00:00:00 GMT+0530 (India Standard Time)",29.2246520874751,50,80,20
"Thu Aug 24 2017 00:00:00 GMT+0530 (India Standard Time)",22.8628230616302,50,80,20
"Mon Aug 28 2017 00:00:00 GMT+0530 (India Standard Time)",35.1888667992047,50,80,20
"Tue Aug 29 2017 00:00:00 GMT+0530 (India Standard Time)",35.8846918489066,50,80,20
"Wed Aug 30 2017 00:00:00 GMT+0530 (India Standard Time)",40.0596421471174,50,80,20
"Thu Aug 31 2017 00:00:00 GMT+0530 (India Standard Time)",40.3765690376569,50,80,20
"Fri Sep 01 2017 00:00:00 GMT+0530 (India Standard Time)",49.0585774058577,50,80,20
"Mon Sep 04 2017 00:00:00 GMT+0530 (India Standard Time)",44.7698744769875,50,80,20
"Tue Sep 05 2017 00:00:00 GMT+0530 (India Standard Time)",45.4545454545456,50,80,20
"Wed Sep 06 2017 00:00:00 GMT+0530 (India Standard Time)",44.3080357142856,50,80,20
"Thu Sep 07 2017 00:00:00 GMT+0530 (India Standard Time)",46.0937500000001,50,80,20
"Fri Sep 08 2017 00:00:00 GMT+0530 (India Standard Time)",46.3356973995271,50,80,20
"Mon Sep 11 2017 00:00:00 GMT+0530 (India Standard Time)",67.6767676767676,50,80,20
"Tue Sep 12 2017 00:00:00 GMT+0530 (India Standard Time)",90.5898876404497,50,80,20
"Wed Sep 13 2017 00:00:00 GMT+0530 (India Standard Time)",89.2332789559545,50,80,20
"Thu Sep 14 2017 00:00:00 GMT+0530 (India Standard Time)",78.1402936378465,50,80,20
"Fri Sep 15 2017 00:00:00 GMT+0530 (India Standard Time)",91.4421553090335,50,80,20
"Mon Sep 18 2017 00:00:00 GMT+0530 (India Standard Time)",92.076830732293,50,80,20
"Tue Sep 19 2017 00:00:00 GMT+0530 (India Standard Time)",93.099121706399,50,80,20
"Wed Sep 20 2017 00:00:00 GMT+0530 (India Standard Time)",98.0906921241051,50,80,20
"Thu Sep 21 2017 00:00:00 GMT+0530 (India Standard Time)",62.2411693057247,50,80,20
"Fri Sep 22 2017 00:00:00 GMT+0530 (India Standard Time)",27.79827798278,50,80,20
"Mon Sep 25 2017 00:00:00 GMT+0530 (India Standard Time)",37.2924648786719,50,80,20
"Tue Sep 26 2017 00:00:00 GMT+0530 (India Standard Time)",33.205619412516,50,80,20
"Wed Sep 27 2017 00:00:00 GMT+0530 (India Standard Time)",22.9344729344729,50,80,20
"Thu Sep 28 2017 00:00:00 GMT+0530 (India Standard Time)",9.60698689956321,50,80,20
"Fri Sep 29 2017 00:00:00 GMT+0530 (India Standard Time)",9.89810771470156,50,80,20
"Tue Oct 03 2017 00:00:00 GMT+0530 (India Standard Time)",15.2838427947599,50,80,20
"Wed Oct 04 2017 00:00:00 GMT+0530 (India Standard Time)",13.6826783114991,50,80,20
"Thu Oct 05 2017 00:00:00 GMT+0530 (India Standard Time)",14.2649199417758,50,80,20
"Fri Oct 06 2017 00:00:00 GMT+0530 (India Standard Time)",14.4104803493448,50,80,20
"Mon Oct 09 2017 00:00:00 GMT+0530 (India Standard Time)",25.5882352941178,50,80,20
"Tue Oct 10 2017 00:00:00 GMT+0530 (India Standard Time)",17.2058823529412,50,80,20
"Wed Oct 11 2017 00:00:00 GMT+0530 (India Standard Time)",16.742596810934,50,80,20
"Thu Oct 12 2017 00:00:00 GMT+0530 (India Standard Time)",23.6902050113895,50,80,20
"Fri Oct 13 2017 00:00:00 GMT+0530 (India Standard Time)",6.60592255125293,50,80,20
"Mon Oct 16 2017 00:00:00 GMT+0530 (India Standard Time)",19.2052980132452,50,80,20
"Tue Oct 17 2017 00:00:00 GMT+0530 (India Standard Time)",4.09207161125326,50,80,20
"Wed Oct 18 2017 00:00:00 GMT+0530 (India Standard Time)",18.5685347738015,50,80,20
"Thu Oct 19 2017 00:00:00 GMT+0530 (India Standard Time)",16.6779203241054,50,80,20
"Mon Oct 23 2017 00:00:00 GMT+0530 (India Standard Time)",25.6118881118881,50,80,20
"Tue Oct 24 2017 00:00:00 GMT+0530 (India Standard Time)",80.9760132340778,50,80,20
"Wed Oct 25 2017 00:00:00 GMT+0530 (India Standard Time)",83.2452830188679,50,80,20
"Thu Oct 26 2017 00:00:00 GMT+0530 (India Standard Time)",82.2641509433962,50,80,20
"Fri Oct 27 2017 00:00:00 GMT+0530 (India Standard Time)",96.6292134831461,50,80,20
"Mon Oct 30 2017 00:00:00 GMT+0530 (India Standard Time)",97.6271186440678,50,80,20
"Tue Oct 31 2017 00:00:00 GMT+0530 (India Standard Time)",88,50,80,20
"Wed Nov 01 2017 00:00:00 GMT+0530 (India Standard Time)",79.728813559322,50,80,20
"Thu Nov 02 2017 00:00:00 GMT+0530 (India Standard Time)",70.8474576271186,50,80,20
"Fri Nov 03 2017 00:00:00 GMT+0530 (India Standard Time)",84.0000000000001,50,80,20
"Mon Nov 06 2017 00:00:00 GMT+0530 (India Standard Time)",72.6779661016949,50,80,20
"Tue Nov 07 2017 00:00:00 GMT+0530 (India Standard Time)",82.7796610169491,50,80,20
"Wed Nov 08 2017 00:00:00 GMT+0530 (India Standard Time)",86.1694915254237,50,80,20
"Thu Nov 09 2017 00:00:00 GMT+0530 (India Standard Time)",82.9152542372881,50,80,20
"Fri Nov 10 2017 00:00:00 GMT+0530 (India Standard Time)",89.1525423728814,50,80,20
"Mon Nov 13 2017 00:00:00 GMT+0530 (India Standard Time)",88.6779661016949,50,80,20
"Tue Nov 14 2017 00:00:00 GMT+0530 (India Standard Time)",88.3389830508474,50,80,20
"Wed Nov 15 2017 00:00:00 GMT+0530 (India Standard Time)",85.6949152542373,50,80,20
"Thu Nov 16 2017 00:00:00 GMT+0530 (India Standard Time)",82.648401826484,50,80,20
"Fri Nov 17 2017 00:00:00 GMT+0530 (India Standard Time)",76.7884322678843,50,80,20
"Mon Nov 20 2017 00:00:00 GMT+0530 (India Standard Time)",68.9061154177434,50,80,20
"Tue Nov 21 2017 00:00:00 GMT+0530 (India Standard Time)",81.5303430079156,50,80,20
"Wed Nov 22 2017 00:00:00 GMT+0530 (India Standard Time)",94.1298342541436,50,80,20
"Thu Nov 23 2017 00:00:00 GMT+0530 (India Standard Time)",96.4116452268111,50,80,20
"Fri Nov 24 2017 00:00:00 GMT+0530 (India Standard Time)",92.6781002638522,50,80,20
"Mon Nov 27 2017 00:00:00 GMT+0530 (India Standard Time)",94.4831591173055,50,80,20
"Tue Nov 28 2017 00:00:00 GMT+0530 (India Standard Time)",96.5642894325871,50,80,20
"Wed Nov 29 2017 00:00:00 GMT+0530 (India Standard Time)",81.2165450121655,50,80,20
"Thu Nov 30 2017 00:00:00 GMT+0530 (India Standard Time)",72.2627737226277,50,80,20
"Fri Dec 01 2017 00:00:00 GMT+0530 (India Standard Time)",61.2165450121654,50,80,20
"Mon Dec 04 2017 00:00:00 GMT+0530 (India Standard Time)",70.3649635036497,50,80,20
"Tue Dec 05 2017 00:00:00 GMT+0530 (India Standard Time)",72.5547445255475,50,80,20
"Wed Dec 06 2017 00:00:00 GMT+0530 (India Standard Time)",73.8199513381995,50,80,20
"Thu Dec 07 2017 00:00:00 GMT+0530 (India Standard Time)",76.9343065693431,50,80,20
"Fri Dec 08 2017 00:00:00 GMT+0530 (India Standard Time)",50.9832483612528,50,80,20
"Mon Dec 11 2017 00:00:00 GMT+0530 (India Standard Time)",58.2665695557174,50,80,20
"Tue Dec 12 2017 00:00:00 GMT+0530 (India Standard Time)",59.6504005826658,50,80,20
"Wed Dec 13 2017 00:00:00 GMT+0530 (India Standard Time)",56.8827385287691,50,80,20
"Thu Dec 14 2017 00:00:00 GMT+0530 (India Standard Time)",57.9024034959942,50,80,20
"Fri Dec 15 2017 00:00:00 GMT+0530 (India Standard Time)",63.3648943918427,50,80,20
"Mon Dec 18 2017 00:00:00 GMT+0530 (India Standard Time)",65.1562500000001,50,80,20
"Tue Dec 19 2017 00:00:00 GMT+0530 (India Standard Time)",66.8219944082014,50,80,20
"Wed Dec 20 2017 00:00:00 GMT+0530 (India Standard Time)",62.9459148446489,50,80,20
"Thu Dec 21 2017 00:00:00 GMT+0530 (India Standard Time)",48.6766398158803,50,80,20
"Fri Dec 22 2017 00:00:00 GMT+0530 (India Standard Time)",49.1369390103566,50,80,20
"Tue Dec 26 2017 00:00:00 GMT+0530 (India Standard Time)",66.0529344073647,50,80,20
"Wed Dec 27 2017 00:00:00 GMT+0530 (India Standard Time)",78.596087456847,50,80,20
"Thu Dec 28 2017 00:00:00 GMT+0530 (India Standard Time)",79.440389294404,50,80,20
"Fri Dec 29 2017 00:00:00 GMT+0530 (India Standard Time)",69.5863746958637,50,80,20
"Mon Jan 01 2018 00:00:00 GMT+0530 (India Standard Time)",63.2603406326036,50,80,20
"Tue Jan 02 2018 00:00:00 GMT+0530 (India Standard Time)",57.0478723404255,50,80,20
"Wed Jan 03 2018 00:00:00 GMT+0530 (India Standard Time)",57.7034883720931,50,80,20
"Thu Jan 04 2018 00:00:00 GMT+0530 (India Standard Time)",58.4302325581396,50,80,20
"Fri Jan 05 2018 00:00:00 GMT+0530 (India Standard Time)",78.3430232558141,50,80,20
"Mon Jan 08 2018 00:00:00 GMT+0530 (India Standard Time)",86.845466155811,50,80,20
"Tue Jan 09 2018 00:00:00 GMT+0530 (India Standard Time)",51.4687100893997,50,80,20
"Wed Jan 10 2018 00:00:00 GMT+0530 (India Standard Time)",52.6181353767562,50,80,20
"Thu Jan 11 2018 00:00:00 GMT+0530 (India Standard Time)",51.3409961685825,50,80,20
"Fri Jan 12 2018 00:00:00 GMT+0530 (India Standard Time)",79.4380587484037,50,80,20
"Mon Jan 15 2018 00:00:00 GMT+0530 (India Standard Time)",91.043307086614,50,80,20
"Tue Jan 16 2018 00:00:00 GMT+0530 (India Standard Time)",89.9176954732511,50,80,20
"Wed Jan 17 2018 00:00:00 GMT+0530 (India Standard Time)",48.1481481481482,50,80,20
"Thu Jan 18 2018 00:00:00 GMT+0530 (India Standard Time)",53.80658436214,50,80,20
"Fri Jan 19 2018 00:00:00 GMT+0530 (India Standard Time)",63.0658436213993,50,80,20
"Mon Jan 22 2018 00:00:00 GMT+0530 (India Standard Time)",79.0233074361822,50,80,20
"Tue Jan 23 2018 00:00:00 GMT+0530 (India Standard Time)",51.4908256880734,50,80,20
"Wed Jan 24 2018 00:00:00 GMT+0530 (India Standard Time)",65.3669724770644,50,80,20
"Thu Jan 25 2018 00:00:00 GMT+0530 (India Standard Time)",48.5091743119267,50,80,20
"Mon Jan 29 2018 00:00:00 GMT+0530 (India Standard Time)",77.2009029345372,50,80,20
"Tue Jan 30 2018 00:00:00 GMT+0530 (India Standard Time)",63.8418079096045,50,80,20
"Wed Jan 31 2018 00:00:00 GMT+0530 (India Standard Time)",42.8248587570623,50,80,20
"Thu Feb 01 2018 00:00:00 GMT+0530 (India Standard Time)",45.6497175141244,50,80,20
"Fri Feb 02 2018 00:00:00 GMT+0530 (India Standard Time)",21.1031175059953,50,80,20
"Mon Feb 05 2018 00:00:00 GMT+0530 (India Standard Time)",20.0440528634362,50,80,20
"Tue Feb 06 2018 00:00:00 GMT+0530 (India Standard Time)",22.4774405250206,50,80,20
"Wed Feb 07 2018 00:00:00 GMT+0530 (India Standard Time)",37.8999179655455,50,80,20
"Thu Feb 08 2018 00:00:00 GMT+0530 (India Standard Time)",43.8884331419196,50,80,20
"Fri Feb 09 2018 00:00:00 GMT+0530 (India Standard Time)",37.5717801476621,50,80,20
"Mon Feb 12 2018 00:00:00 GMT+0530 (India Standard Time)",43.3962264150944,50,80,20
"Wed Feb 14 2018 00:00:00 GMT+0530 (India Standard Time)",30.4347826086957,50,80,20
"Thu Feb 15 2018 00:00:00 GMT+0530 (India Standard Time)",21.0828547990156,50,80,20
"Fri Feb 16 2018 00:00:00 GMT+0530 (India Standard Time)",18.9499589827729,50,80,20
"Mon Feb 19 2018 00:00:00 GMT+0530 (India Standard Time)",22.1798780487806,50,80,20
"Tue Feb 20 2018 00:00:00 GMT+0530 (India Standard Time)",26.4481707317073,50,80,20
"Wed Feb 21 2018 00:00:00 GMT+0530 (India Standard Time)",30.0304878048781,50,80,20
"Thu Feb 22 2018 00:00:00 GMT+0530 (India Standard Time)",20.8079268292683,50,80,20
"Fri Feb 23 2018 00:00:00 GMT+0530 (India Standard Time)",25.2286585365855,50,80,20
"Mon Feb 26 2018 00:00:00 GMT+0530 (India Standard Time)",48.8567073170733,50,80,20
"Tue Feb 27 2018 00:00:00 GMT+0530 (India Standard Time)",40.4907975460123,50,80,20
"Wed Feb 28 2018 00:00:00 GMT+0530 (India Standard Time)",22.2118959107807,50,80,20
"Thu Mar 01 2018 00:00:00 GMT+0530 (India Standard Time)",7.77891504605927,50,80,20
"Mon Mar 05 2018 00:00:00 GMT+0530 (India Standard Time)",10.2941176470588,50,80,20
"Tue Mar 06 2018 00:00:00 GMT+0530 (India Standard Time)",27.6736493936052,50,80,20
"Wed Mar 07 2018 00:00:00 GMT+0530 (India Standard Time)",40.0220507166483,50,80,20
"Thu Mar 08 2018 00:00:00 GMT+0530 (India Standard Time)",36.4939360529217,50,80,20
"Fri Mar 09 2018 00:00:00 GMT+0530 (India Standard Time)",47.5192943770672,50,80,20
"Mon Mar 12 2018 00:00:00 GMT+0530 (India Standard Time)",68.3780630105018,50,80,20
"Tue Mar 13 2018 00:00:00 GMT+0530 (India Standard Time)",75.1458576429405,50,80,20
"Wed Mar 14 2018 00:00:00 GMT+0530 (India Standard Time)",70.5112960760999,50,80,20
"Thu Mar 15 2018 00:00:00 GMT+0530 (India Standard Time)",55.7669441141497,50,80,20
"Fri Mar 16 2018 00:00:00 GMT+0530 (India Standard Time)",55.6480380499406,50,80,20
"Mon Mar 19 2018 00:00:00 GMT+0530 (India Standard Time)",46.3733650416172,50,80,20
"Tue Mar 20 2018 00:00:00 GMT+0530 (India Standard Time)",66.9441141498217,50,80,20
"Wed Mar 21 2018 00:00:00 GMT+0530 (India Standard Time)",47.3246135552913,50,80,20
"Thu Mar 22 2018 00:00:00 GMT+0530 (India Standard Time)",29.1319857312723,50,80,20
"Fri Mar 23 2018 00:00:00 GMT+0530 (India Standard Time)",53.3888228299642,50,80,20
"Mon Mar 26 2018 00:00:00 GMT+0530 (India Standard Time)",90.3600464576075,50,80,20
"Tue Mar 27 2018 00:00:00 GMT+0530 (India Standard Time)",79.020979020979,50,80,20
"Wed Mar 28 2018 00:00:00 GMT+0530 (India Standard Time)",57.042957042957,50,80,20
"Mon Apr 02 2018 00:00:00 GMT+0530 (India Standard Time)",63.936063936064,50,80,20
"Tue Apr 03 2018 00:00:00 GMT+0530 (India Standard Time)",69.130869130869,50,80,20
"Wed Apr 04 2018 00:00:00 GMT+0530 (India Standard Time)",50.5482456140352,50,80,20
"Thu Apr 05 2018 00:00:00 GMT+0530 (India Standard Time)",76.0964912280702,50,80,20
"Fri Apr 06 2018 00:00:00 GMT+0530 (India Standard Time)",72.5877192982456,50,80,20
"Mon Apr 09 2018 00:00:00 GMT+0530 (India Standard Time)",44.7368421052631,50,80,20
"Tue Apr 10 2018 00:00:00 GMT+0530 (India Standard Time)",49.0131578947369,50,80,20
"Wed Apr 11 2018 00:00:00 GMT+0530 (India Standard Time)",52.1929824561405,50,80,20
"Thu Apr 12 2018 00:00:00 GMT+0530 (India Standard Time)",43.530701754386,50,80,20
"Fri Apr 13 2018 00:00:00 GMT+0530 (India Standard Time)",53.8377192982457,50,80,20
"Mon Apr 16 2018 00:00:00 GMT+0530 (India Standard Time)",58.5526315789474,50,80,20
"Tue Apr 17 2018 00:00:00 GMT+0530 (India Standard Time)",52.7412280701756,50,80,20
"Wed Apr 18 2018 00:00:00 GMT+0530 (India Standard Time)",80.8114035087719,50,80,20
"Thu Apr 19 2018 00:00:00 GMT+0530 (India Standard Time)",87.7378435517969,50,80,20
"Fri Apr 20 2018 00:00:00 GMT+0530 (India Standard Time)",76.7441860465117,50,80,20
"Mon Apr 23 2018 00:00:00 GMT+0530 (India Standard Time)",86.6600790513834,50,80,20
"Tue Apr 24 2018 00:00:00 GMT+0530 (India Standard Time)",61.6714697406342,50,80,20
"Wed Apr 25 2018 00:00:00 GMT+0530 (India Standard Time)",49.2378048780488,50,80,20
"Thu Apr 26 2018 00:00:00 GMT+0530 (India Standard Time)",36.4329268292681,50,80,20
"Fri Apr 27 2018 00:00:00 GMT+0530 (India Standard Time)",68.4451219512194,50,80,20
"Mon Apr 30 2018 00:00:00 GMT+0530 (India Standard Time)",57.4695121951218,50,80,20
"Wed May 02 2018 00:00:00 GMT+0530 (India Standard Time)",66.79012345679,50,80,20
"Thu May 03 2018 00:00:00 GMT+0530 (India Standard Time)",60.6172839506172,50,80,20
"Fri May 04 2018 00:00:00 GMT+0530 (India Standard Time)",42.9629629629629,50,80,20
"Mon May 07 2018 00:00:00 GMT+0530 (India Standard Time)",75.5555555555556,50,80,20
"Tue May 08 2018 00:00:00 GMT+0530 (India Standard Time)",62.469135802469,50,80,20
"Wed May 09 2018 00:00:00 GMT+0530 (India Standard Time)",54.0201005025126,50,80,20
"Thu May 10 2018 00:00:00 GMT+0530 (India Standard Time)",45.9493670886075,50,80,20
"Fri May 11 2018 00:00:00 GMT+0530 (India Standard Time)",55.15873015873,50,80,20
"Mon May 14 2018 00:00:00 GMT+0530 (India Standard Time)",17.1612903225806,50,80,20
"Tue May 15 2018 00:00:00 GMT+0530 (India Standard Time)",13.9211136890951,50,80,20
"Wed May 16 2018 00:00:00 GMT+0530 (India Standard Time)",21.2050984936268,50,80,20
"Thu May 17 2018 00:00:00 GMT+0530 (India Standard Time)",10.0811123986096,50,80,20
"Fri May 18 2018 00:00:00 GMT+0530 (India Standard Time)",12.1875,50,80,20
"Mon May 21 2018 00:00:00 GMT+0530 (India Standard Time)",5.27659574468089,50,80,20
"Tue May 22 2018 00:00:00 GMT+0530 (India Standard Time)",30.0870942201109,50,80,20
"Wed May 23 2018 00:00:00 GMT+0530 (India Standard Time)",11.8764845605701,50,80,20
"Thu May 24 2018 00:00:00 GMT+0530 (India Standard Time)",14.0934283452098,50,80,20
"Fri May 25 2018 00:00:00 GMT+0530 (India Standard Time)",25.5740300870942,50,80,20
"Mon May 28 2018 00:00:00 GMT+0530 (India Standard Time)",42.1219319081552,50,80,20
"Tue May 29 2018 00:00:00 GMT+0530 (India Standard Time)",16.9437846397465,50,80,20
"Wed May 30 2018 00:00:00 GMT+0530 (India Standard Time)",17.5141242937854,50,80,20
"Thu May 31 2018 00:00:00 GMT+0530 (India Standard Time)",16.2092624356774,50,80,20
"Fri Jun 01 2018 00:00:00 GMT+0530 (India Standard Time)",20.0686106346483,50,80,20
"Mon Jun 04 2018 00:00:00 GMT+0530 (India Standard Time)",23.4133790737564,50,80,20
"Tue Jun 05 2018 00:00:00 GMT+0530 (India Standard Time)",8.53474320241689,50,80,20
"Wed Jun 06 2018 00:00:00 GMT+0530 (India Standard Time)",24.4397759103642,50,80,20
"Thu Jun 07 2018 00:00:00 GMT+0530 (India Standard Time)",24.0458015267176,50,80,20
"Fri Jun 08 2018 00:00:00 GMT+0530 (India Standard Time)",38.16,50,80,20
"Mon Jun 11 2018 00:00:00 GMT+0530 (India Standard Time)",68.1174089068826,50,80,20
"Tue Jun 12 2018 00:00:00 GMT+0530 (India Standard Time)",66.7368421052632,50,80,20
