"date","williams","middle","overbought","oversold"
"Thu Jul 06 2017 00:00:00 GMT+0530 (India Standard Time)",80.7506053268767,50,80,20
"Fri Jul 07 2017 00:00:00 GMT+0530 (India Standard Time)",77.2397094430993,50,80,20
"Mon Jul 10 2017 00:00:00 GMT+0530 (India Standard Time)",87.5302663438257,50,80,20
"Tue Jul 11 2017 00:00:00 GMT+0530 (India Standard Time)",71.3197969543148,50,80,20
"Wed Jul 12 2017 00:00:00 GMT+0530 (India Standard Time)",76.6497461928933,50,80,20
"Thu Jul 13 2017 00:00:00 GMT+0530 (India Standard Time)",85.1522842639593,50,80,20
"Fri Jul 14 2017 00:00:00 GMT+0530 (India Standard Time)",80.0242130750605,50,80,20
"Mon Jul 17 2017 00:00:00 GMT+0530 (India Standard Time)",80.2663438256659,50,80,20
"Tue Jul 18 2017 00:00:00 GMT+0530 (India Standard Time)",65.7384987893463,50,80,20
"Wed Jul 19 2017 00:00:00 GMT+0530 (India Standard Time)",78.5714285714285,50,80,20
"Thu Jul 20 2017 00:00:00 GMT+0530 (India Standard Time)",70.7021791767554,50,80,20
"Fri Jul 21 2017 00:00:00 GMT+0530 (India Standard Time)",94.8775055679288,50,80,20
"Mon Jul 24 2017 00:00:00 GMT+0530 (India Standard Time)",81.0140237324702,50,80,20
"Tue Jul 25 2017 00:00:00 GMT+0530 (India Standard Time)",76.6990291262135,50,80,20
"Wed Jul 26 2017 00:00:00 GMT+0530 (India Standard Time)",79.2906178489701,50,80,20
"Thu Jul 27 2017 00:00:00 GMT+0530 (India Standard Time)",55.3775743707094,50,80,20
"Fri Jul 28 2017 00:00:00 GMT+0530 (India Standard Time)",41.894736842105,50,80,20
"Mon Jul 31 2017 00:00:00 GMT+0530 (India Standard Time)",88.6315789473682,50,80,20
"Tue Aug 01 2017 00:00:00 GMT+0530 (India Standard Time)",60.4868913857679,50,80,20
"Wed Aug 02 2017 00:00:00 GMT+0530 (India Standard Time)",91.4992272024729,50,80,20
"Thu Aug 03 2017 00:00:00 GMT+0530 (India Standard Time)",82.5829383886255,50,80,20
"Fri Aug 04 2017 00:00:00 GMT+0530 (India Standard Time)",94.47128287708,50,80,20
"Mon Aug 07 2017 00:00:00 GMT+0530 (India Standard Time)",96.2234042553192,50,80,20
"Tue Aug 08 2017 00:00:00 GMT+0530 (India Standard Time)",90.4255319148936,50,80,20
"Wed Aug 09 2017 00:00:00 GMT+0530 (India Standard Time)",91.9902912621359,50,80,20
"Thu Aug 10 2017 00:00:00 GMT+0530 (India Standard Time)",83.4466019417476,50,80,20
"Fri Aug 11 2017 00:00:00 GMT+0530 (India Standard Time)",80.1941747572816,50,80,20
"Mon Aug 14 2017 00:00:00 GMT+0530 (India Standard Time)",94.4320712694877,50,80,20
"Wed Aug 16 2017 00:00:00 GMT+0530 (India Standard Time)",90.6935908691836,50,80,20
"Thu Aug 17 2017 00:00:00 GMT+0530 (India Standard Time)",85.2502194907814,50,80,20
"Fri Aug 18 2017 00:00:00 GMT+0530 (India Standard Time)",87.0061457418789,50,80,20
"Mon Aug 21 2017 00:00:00 GMT+0530 (India Standard Time)",79.9824407374891,50,80,20
"Tue Aug 22 2017 00:00:00 GMT+0530 (India Standard Time)",79.6312554872696,50,80,20
"Wed Aug 23 2017 00:00:00 GMT+0530 (India Standard Time)",72.9587357330992,50,80,20
"Thu Aug 24 2017 00:00:00 GMT+0530 (India Standard Time)",72.3441615452151,50,80,20
"Mon Aug 28 2017 00:00:00 GMT+0530 (India Standard Time)",76.8341485104491,50,80,20
"Tue Aug 29 2017 00:00:00 GMT+0530 (India Standard Time)",65.4179990863409,50,80,20
"Wed Aug 30 2017 00:00:00 GMT+0530 (India Standard Time)",73.3532934131737,50,80,20
"Thu Aug 31 2017 00:00:00 GMT+0530 (India Standard Time)",78.7575150300602,50,80,20
"Fri Sep 01 2017 00:00:00 GMT+0530 (India Standard Time)",72.9405346426623,50,80,20
"Mon Sep 04 2017 00:00:00 GMT+0530 (India Standard Time)",64.5578231292518,50,80,20
"Tue Sep 05 2017 00:00:00 GMT+0530 (India Standard Time)",92.7335640138409,50,80,20
"Wed Sep 06 2017 00:00:00 GMT+0530 (India Standard Time)",80.5157593123208,50,80,20
"Thu Sep 07 2017 00:00:00 GMT+0530 (India Standard Time)",73.2569245463228,50,80,20
"Fri Sep 08 2017 00:00:00 GMT+0530 (India Standard Time)",66.3801337153772,50,80,20
"Mon Sep 11 2017 00:00:00 GMT+0530 (India Standard Time)",65.5205348615092,50,80,20
"Tue Sep 12 2017 00:00:00 GMT+0530 (India Standard Time)",74.9761222540592,50,80,20
"Wed Sep 13 2017 00:00:00 GMT+0530 (India Standard Time)",60.458452722063,50,80,20
"Thu Sep 14 2017 00:00:00 GMT+0530 (India Standard Time)",66.6666666666666,50,80,20
"Fri Sep 15 2017 00:00:00 GMT+0530 (India Standard Time)",63.9923591212989,50,80,20
"Mon Sep 18 2017 00:00:00 GMT+0530 (India Standard Time)",90.639923591213,50,80,20
"Tue Sep 19 2017 00:00:00 GMT+0530 (India Standard Time)",77.2277227722771,50,80,20
"Wed Sep 20 2017 00:00:00 GMT+0530 (India Standard Time)",57.8757875787578,50,80,20
"Thu Sep 21 2017 00:00:00 GMT+0530 (India Standard Time)",35.8235823582357,50,80,20
"Fri Sep 22 2017 00:00:00 GMT+0530 (India Standard Time)",6.57065706570652,50,80,20
"Mon Sep 25 2017 00:00:00 GMT+0530 (India Standard Time)",25,50,80,20
"Tue Sep 26 2017 00:00:00 GMT+0530 (India Standard Time)",10.7348703170029,50,80,20
"Wed Sep 27 2017 00:00:00 GMT+0530 (India Standard Time)",7.49279538904905,50,80,20
"Thu Sep 28 2017 00:00:00 GMT+0530 (India Standard Time)",5.58894230769228,50,80,20
"Fri Sep 29 2017 00:00:00 GMT+0530 (India Standard Time)",23.0811706239646,50,80,20
"Tue Oct 03 2017 00:00:00 GMT+0530 (India Standard Time)",40.1987852015461,50,80,20
"Wed Oct 04 2017 00:00:00 GMT+0530 (India Standard Time)",41.137493097736,50,80,20
"Thu Oct 05 2017 00:00:00 GMT+0530 (India Standard Time)",35.4500276090558,50,80,20
"Fri Oct 06 2017 00:00:00 GMT+0530 (India Standard Time)",36.3887355052457,50,80,20
"Mon Oct 09 2017 00:00:00 GMT+0530 (India Standard Time)",57.9790171176145,50,80,20
"Tue Oct 10 2017 00:00:00 GMT+0530 (India Standard Time)",57.6477084483711,50,80,20
"Wed Oct 11 2017 00:00:00 GMT+0530 (India Standard Time)",51.8498067366096,50,80,20
"Thu Oct 12 2017 00:00:00 GMT+0530 (India Standard Time)",66.0408614025401,50,80,20
"Fri Oct 13 2017 00:00:00 GMT+0530 (India Standard Time)",67.9182771949199,50,80,20
"Mon Oct 16 2017 00:00:00 GMT+0530 (India Standard Time)",70.4583103257869,50,80,20
"Tue Oct 17 2017 00:00:00 GMT+0530 (India Standard Time)",68.5808945334069,50,80,20
"Wed Oct 18 2017 00:00:00 GMT+0530 (India Standard Time)",59.8784194528875,50,80,20
"Thu Oct 19 2017 00:00:00 GMT+0530 (India Standard Time)",58.0818242790074,50,80,20
"Mon Oct 23 2017 00:00:00 GMT+0530 (India Standard Time)",57.8382247673586,50,80,20
"Tue Oct 24 2017 00:00:00 GMT+0530 (India Standard Time)",60.7015032211882,50,80,20
"Wed Oct 25 2017 00:00:00 GMT+0530 (India Standard Time)",38.7974230493916,50,80,20
"Thu Oct 26 2017 00:00:00 GMT+0530 (India Standard Time)",30.0644237652112,50,80,20
"Fri Oct 27 2017 00:00:00 GMT+0530 (India Standard Time)",37.7952755905511,50,80,20
"Mon Oct 30 2017 00:00:00 GMT+0530 (India Standard Time)",78.2390837508947,50,80,20
"Tue Oct 31 2017 00:00:00 GMT+0530 (India Standard Time)",92.595818815331,50,80,20
"Wed Nov 01 2017 00:00:00 GMT+0530 (India Standard Time)",90.6633906633908,50,80,20
"Thu Nov 02 2017 00:00:00 GMT+0530 (India Standard Time)",91.6562107904643,50,80,20
"Fri Nov 03 2017 00:00:00 GMT+0530 (India Standard Time)",90.395809080326,50,80,20
"Mon Nov 06 2017 00:00:00 GMT+0530 (India Standard Time)",83.1168831168831,50,80,20
"Tue Nov 07 2017 00:00:00 GMT+0530 (India Standard Time)",70.7895279323851,50,80,20
"Wed Nov 08 2017 00:00:00 GMT+0530 (India Standard Time)",66.4605236033807,50,80,20
"Thu Nov 09 2017 00:00:00 GMT+0530 (India Standard Time)",80.7256235827664,50,80,20
"Fri Nov 10 2017 00:00:00 GMT+0530 (India Standard Time)",82.4366110080396,50,80,20
"Mon Nov 13 2017 00:00:00 GMT+0530 (India Standard Time)",75.4483611626469,50,80,20
"Tue Nov 14 2017 00:00:00 GMT+0530 (India Standard Time)",79.2413935271078,50,80,20
"Wed Nov 15 2017 00:00:00 GMT+0530 (India Standard Time)",77.9014636157493,50,80,20
"Thu Nov 16 2017 00:00:00 GMT+0530 (India Standard Time)",76.7676767676767,50,80,20
"Fri Nov 17 2017 00:00:00 GMT+0530 (India Standard Time)",84.1888270459699,50,80,20
"Mon Nov 20 2017 00:00:00 GMT+0530 (India Standard Time)",83.2199546485261,50,80,20
"Tue Nov 21 2017 00:00:00 GMT+0530 (India Standard Time)",96.2069676355391,50,80,20
"Wed Nov 22 2017 00:00:00 GMT+0530 (India Standard Time)",94.3446304614128,50,80,20
"Thu Nov 23 2017 00:00:00 GMT+0530 (India Standard Time)",91.3311421528348,50,80,20
"Fri Nov 24 2017 00:00:00 GMT+0530 (India Standard Time)",98.9694971145919,50,80,20
"Mon Nov 27 2017 00:00:00 GMT+0530 (India Standard Time)",97.1047794117647,50,80,20
"Tue Nov 28 2017 00:00:00 GMT+0530 (India Standard Time)",89.8238747553816,50,80,20
"Wed Nov 29 2017 00:00:00 GMT+0530 (India Standard Time)",89.7964189354918,50,80,20
"Thu Nov 30 2017 00:00:00 GMT+0530 (India Standard Time)",89.2990904226859,50,80,20
"Fri Dec 01 2017 00:00:00 GMT+0530 (India Standard Time)",70.273851590106,50,80,20
"Mon Dec 04 2017 00:00:00 GMT+0530 (India Standard Time)",65.6328164082041,50,80,20
"Tue Dec 05 2017 00:00:00 GMT+0530 (India Standard Time)",53.6768384192096,50,80,20
"Wed Dec 06 2017 00:00:00 GMT+0530 (India Standard Time)",33.8399189463019,50,80,20
"Thu Dec 07 2017 00:00:00 GMT+0530 (India Standard Time)",59.2119275825346,50,80,20
"Fri Dec 08 2017 00:00:00 GMT+0530 (India Standard Time)",70.2342917997871,50,80,20
"Mon Dec 11 2017 00:00:00 GMT+0530 (India Standard Time)",80.5111821086262,50,80,20
"Tue Dec 12 2017 00:00:00 GMT+0530 (India Standard Time)",82.4281150159744,50,80,20
"Wed Dec 13 2017 00:00:00 GMT+0530 (India Standard Time)",67.7089980855138,50,80,20
"Thu Dec 14 2017 00:00:00 GMT+0530 (India Standard Time)",62.2895622895623,50,80,20
"Fri Dec 15 2017 00:00:00 GMT+0530 (India Standard Time)",84.6464646464647,50,80,20
"Mon Dec 18 2017 00:00:00 GMT+0530 (India Standard Time)",91.8140144073346,50,80,20
"Tue Dec 19 2017 00:00:00 GMT+0530 (India Standard Time)",97.3762376237624,50,80,20
"Wed Dec 20 2017 00:00:00 GMT+0530 (India Standard Time)",91.1274509803922,50,80,20
"Thu Dec 21 2017 00:00:00 GMT+0530 (India Standard Time)",86.7156862745098,50,80,20
"Fri Dec 22 2017 00:00:00 GMT+0530 (India Standard Time)",85.1470588235294,50,80,20
"Tue Dec 26 2017 00:00:00 GMT+0530 (India Standard Time)",83.1372549019607,50,80,20
"Wed Dec 27 2017 00:00:00 GMT+0530 (India Standard Time)",77.5,50,80,20
"Thu Dec 28 2017 00:00:00 GMT+0530 (India Standard Time)",80.0980392156863,50,80,20
"Fri Dec 29 2017 00:00:00 GMT+0530 (India Standard Time)",86.421568627451,50,80,20
"Mon Jan 01 2018 00:00:00 GMT+0530 (India Standard Time)",80.8333333333334,50,80,20
"Tue Jan 02 2018 00:00:00 GMT+0530 (India Standard Time)",73.6764705882353,50,80,20
"Wed Jan 03 2018 00:00:00 GMT+0530 (India Standard Time)",84.6078431372549,50,80,20
"Thu Jan 04 2018 00:00:00 GMT+0530 (India Standard Time)",96.3262010496568,50,80,20
"Fri Jan 05 2018 00:00:00 GMT+0530 (India Standard Time)",96.4195450716091,50,80,20
"Mon Jan 08 2018 00:00:00 GMT+0530 (India Standard Time)",96.953125,50,80,20
"Tue Jan 09 2018 00:00:00 GMT+0530 (India Standard Time)",95.934065934066,50,80,20
"Wed Jan 10 2018 00:00:00 GMT+0530 (India Standard Time)",84.6886446886447,50,80,20
"Thu Jan 11 2018 00:00:00 GMT+0530 (India Standard Time)",76.8498168498168,50,80,20
"Fri Jan 12 2018 00:00:00 GMT+0530 (India Standard Time)",74.5787545787545,50,80,20
"Mon Jan 15 2018 00:00:00 GMT+0530 (India Standard Time)",85.1648351648352,50,80,20
"Tue Jan 16 2018 00:00:00 GMT+0530 (India Standard Time)",49.8467824310521,50,80,20
"Wed Jan 17 2018 00:00:00 GMT+0530 (India Standard Time)",53.6261491317671,50,80,20
"Thu Jan 18 2018 00:00:00 GMT+0530 (India Standard Time)",46.220633299285,50,80,20
"Fri Jan 19 2018 00:00:00 GMT+0530 (India Standard Time)",51.9407558733402,50,80,20
"Mon Jan 22 2018 00:00:00 GMT+0530 (India Standard Time)",70.6332992849847,50,80,20
"Tue Jan 23 2018 00:00:00 GMT+0530 (India Standard Time)",66.4964249233912,50,80,20
"Wed Jan 24 2018 00:00:00 GMT+0530 (India Standard Time)",47.2931562819203,50,80,20
"Thu Jan 25 2018 00:00:00 GMT+0530 (India Standard Time)",44.4330949948928,50,80,20
"Mon Jan 29 2018 00:00:00 GMT+0530 (India Standard Time)",56.7926455566905,50,80,20
"Tue Jan 30 2018 00:00:00 GMT+0530 (India Standard Time)",44.4841675178753,50,80,20
"Wed Jan 31 2018 00:00:00 GMT+0530 (India Standard Time)",19.3567251461988,50,80,20
"Thu Feb 01 2018 00:00:00 GMT+0530 (India Standard Time)",14.5129224652087,50,80,20
"Fri Feb 02 2018 00:00:00 GMT+0530 (India Standard Time)",24.651765468092,50,80,20
"Mon Feb 05 2018 00:00:00 GMT+0530 (India Standard Time)",11.7589893100097,50,80,20
"Tue Feb 06 2018 00:00:00 GMT+0530 (India Standard Time)",16.1194833153929,50,80,20
"Wed Feb 07 2018 00:00:00 GMT+0530 (India Standard Time)",16.9403393541324,50,80,20
"Thu Feb 08 2018 00:00:00 GMT+0530 (India Standard Time)",27.4885583524027,50,80,20
"Fri Feb 09 2018 00:00:00 GMT+0530 (India Standard Time)",25.228832951945,50,80,20
"Mon Feb 12 2018 00:00:00 GMT+0530 (India Standard Time)",32.2368421052631,50,80,20
"Wed Feb 14 2018 00:00:00 GMT+0530 (India Standard Time)",34.8970251716247,50,80,20
"Thu Feb 15 2018 00:00:00 GMT+0530 (India Standard Time)",38.3641975308642,50,80,20
"Fri Feb 16 2018 00:00:00 GMT+0530 (India Standard Time)",31.1728395061728,50,80,20
"Mon Feb 19 2018 00:00:00 GMT+0530 (India Standard Time)",31.6358024691358,50,80,20
"Tue Feb 20 2018 00:00:00 GMT+0530 (India Standard Time)",49.1049382716049,50,80,20
"Wed Feb 21 2018 00:00:00 GMT+0530 (India Standard Time)",43.3333333333333,50,80,20
"Thu Feb 22 2018 00:00:00 GMT+0530 (India Standard Time)",40.7803650094399,50,80,20
"Fri Feb 23 2018 00:00:00 GMT+0530 (India Standard Time)",38.7035871617369,50,80,20
"Mon Feb 26 2018 00:00:00 GMT+0530 (India Standard Time)",42.1648835745752,50,80,20
"Tue Feb 27 2018 00:00:00 GMT+0530 (India Standard Time)",43.9899307740717,50,80,20
"Wed Feb 28 2018 00:00:00 GMT+0530 (India Standard Time)",47.977315689981,50,80,20
"Thu Mar 01 2018 00:00:00 GMT+0530 (India Standard Time)",45.4905063291139,50,80,20
"Mon Mar 05 2018 00:00:00 GMT+0530 (India Standard Time)",57.9082946934569,50,80,20
"Tue Mar 06 2018 00:00:00 GMT+0530 (India Standard Time)",61.8806306306306,50,80,20
"Wed Mar 07 2018 00:00:00 GMT+0530 (India Standard Time)",69.9887387387388,50,80,20
"Thu Mar 08 2018 00:00:00 GMT+0530 (India Standard Time)",61.3008130081301,50,80,20
"Fri Mar 09 2018 00:00:00 GMT+0530 (India Standard Time)",63.0971993410215,50,80,20
"Mon Mar 12 2018 00:00:00 GMT+0530 (India Standard Time)",78.7852865697178,50,80,20
"Tue Mar 13 2018 00:00:00 GMT+0530 (India Standard Time)",88.5000000000001,50,80,20
"Wed Mar 14 2018 00:00:00 GMT+0530 (India Standard Time)",96.3391136801541,50,80,20
"Thu Mar 15 2018 00:00:00 GMT+0530 (India Standard Time)",96.2099125364432,50,80,20
"Fri Mar 16 2018 00:00:00 GMT+0530 (India Standard Time)",95.5567451820129,50,80,20
"Mon Mar 19 2018 00:00:00 GMT+0530 (India Standard Time)",77.5650466372116,50,80,20
"Tue Mar 20 2018 00:00:00 GMT+0530 (India Standard Time)",78.6624203821656,50,80,20
"Wed Mar 21 2018 00:00:00 GMT+0530 (India Standard Time)",78.8793103448276,50,80,20
"Thu Mar 22 2018 00:00:00 GMT+0530 (India Standard Time)",95.2124798278644,50,80,20
"Fri Mar 23 2018 00:00:00 GMT+0530 (India Standard Time)",95.0965824665676,50,80,20
"Mon Mar 26 2018 00:00:00 GMT+0530 (India Standard Time)",92.8689883913764,50,80,20
"Tue Mar 27 2018 00:00:00 GMT+0530 (India Standard Time)",95.0912106135987,50,80,20
"Wed Mar 28 2018 00:00:00 GMT+0530 (India Standard Time)",86.8444983328281,50,80,20
"Mon Apr 02 2018 00:00:00 GMT+0530 (India Standard Time)",87.9357381024553,50,80,20
"Tue Apr 03 2018 00:00:00 GMT+0530 (India Standard Time)",80.569869657472,50,80,20
"Wed Apr 04 2018 00:00:00 GMT+0530 (India Standard Time)",63.8375265231889,50,80,20
"Thu Apr 05 2018 00:00:00 GMT+0530 (India Standard Time)",73.1684981684981,50,80,20
"Fri Apr 06 2018 00:00:00 GMT+0530 (India Standard Time)",84.8028214171208,50,80,20
"Mon Apr 09 2018 00:00:00 GMT+0530 (India Standard Time)",92.8662827895074,50,80,20
"Tue Apr 10 2018 00:00:00 GMT+0530 (India Standard Time)",93.6077643908969,50,80,20
"Wed Apr 11 2018 00:00:00 GMT+0530 (India Standard Time)",99.0422721268164,50,80,20
"Thu Apr 12 2018 00:00:00 GMT+0530 (India Standard Time)",88.1509961551905,50,80,20
"Fri Apr 13 2018 00:00:00 GMT+0530 (India Standard Time)",94.3249258160238,50,80,20
"Mon Apr 16 2018 00:00:00 GMT+0530 (India Standard Time)",89.3838158871567,50,80,20
"Tue Apr 17 2018 00:00:00 GMT+0530 (India Standard Time)",98.9920806335493,50,80,20
"Wed Apr 18 2018 00:00:00 GMT+0530 (India Standard Time)",83.810888252149,50,80,20
"Thu Apr 19 2018 00:00:00 GMT+0530 (India Standard Time)",63.9123750960799,50,80,20
"Fri Apr 20 2018 00:00:00 GMT+0530 (India Standard Time)",66.1435857198901,50,80,20
"Mon Apr 23 2018 00:00:00 GMT+0530 (India Standard Time)",71.0287741426882,50,80,20
"Tue Apr 24 2018 00:00:00 GMT+0530 (India Standard Time)",63.4382566585956,50,80,20
"Wed Apr 25 2018 00:00:00 GMT+0530 (India Standard Time)",60.2354145342886,50,80,20
"Thu Apr 26 2018 00:00:00 GMT+0530 (India Standard Time)",69.0890481064483,50,80,20
"Fri Apr 27 2018 00:00:00 GMT+0530 (India Standard Time)",69.6008188331627,50,80,20
"Mon Apr 30 2018 00:00:00 GMT+0530 (India Standard Time)",81.6786079836233,50,80,20
"Wed May 02 2018 00:00:00 GMT+0530 (India Standard Time)",63.971340839304,50,80,20
"Thu May 03 2018 00:00:00 GMT+0530 (India Standard Time)",58.4234930448223,50,80,20
"Fri May 04 2018 00:00:00 GMT+0530 (India Standard Time)",54.6099290780142,50,80,20
"Mon May 07 2018 00:00:00 GMT+0530 (India Standard Time)",41.5954415954417,50,80,20
"Tue May 08 2018 00:00:00 GMT+0530 (India Standard Time)",39.9810066476734,50,80,20
"Wed May 09 2018 00:00:00 GMT+0530 (India Standard Time)",73.4093067426401,50,80,20
"Thu May 10 2018 00:00:00 GMT+0530 (India Standard Time)",49.4776828110162,50,80,20
"Fri May 11 2018 00:00:00 GMT+0530 (India Standard Time)",17.0940170940171,50,80,20
"Mon May 14 2018 00:00:00 GMT+0530 (India Standard Time)",3.56926799758021,50,80,20
"Tue May 15 2018 00:00:00 GMT+0530 (India Standard Time)",24.0464344941957,50,80,20
"Wed May 16 2018 00:00:00 GMT+0530 (India Standard Time)",24.212271973466,50,80,20
"Thu May 17 2018 00:00:00 GMT+0530 (India Standard Time)",31.5576143601621,50,80,20
"Fri May 18 2018 00:00:00 GMT+0530 (India Standard Time)",35.5529820497974,50,80,20
"Mon May 21 2018 00:00:00 GMT+0530 (India Standard Time)",6.94846554719166,50,80,20
"Tue May 22 2018 00:00:00 GMT+0530 (India Standard Time)",11.0868377935555,50,80,20
"Wed May 23 2018 00:00:00 GMT+0530 (India Standard Time)",17.5314036045877,50,80,20
"Thu May 24 2018 00:00:00 GMT+0530 (India Standard Time)",18.8421627525942,50,80,20
"Fri May 25 2018 00:00:00 GMT+0530 (India Standard Time)",22.2282905516111,50,80,20
"Mon May 28 2018 00:00:00 GMT+0530 (India Standard Time)",27.1436373566357,50,80,20
"Tue May 29 2018 00:00:00 GMT+0530 (India Standard Time)",11.4145275805571,50,80,20
"Wed May 30 2018 00:00:00 GMT+0530 (India Standard Time)",16.6666666666666,50,80,20
"Thu May 31 2018 00:00:00 GMT+0530 (India Standard Time)",9.43575154101474,50,80,20
"Fri Jun 01 2018 00:00:00 GMT+0530 (India Standard Time)",9.34091986723567,50,80,20
"Mon Jun 04 2018 00:00:00 GMT+0530 (India Standard Time)",3.28947368421053,50,80,20
"Tue Jun 05 2018 00:00:00 GMT+0530 (India Standard Time)",4.18486171761281,50,80,20
"Wed Jun 06 2018 00:00:00 GMT+0530 (India Standard Time)",32.8352899324084,50,80,20
"Thu Jun 07 2018 00:00:00 GMT+0530 (India Standard Time)",24.431613136052,50,80,20
"Fri Jun 08 2018 00:00:00 GMT+0530 (India Standard Time)",39.2824287028519,50,80,20
