"date","williams","middle","overbought","oversold"
"Fri Aug 04 2017 00:00:00 GMT+0530 (India Standard Time)",53.1325301204819,50,80,20
"Mon Aug 07 2017 00:00:00 GMT+0530 (India Standard Time)",64.6040675032453,50,80,20
"Tue Aug 08 2017 00:00:00 GMT+0530 (India Standard Time)",80.3099361896081,50,80,20
"Wed Aug 09 2017 00:00:00 GMT+0530 (India Standard Time)",58.3737210554657,50,80,20
"Thu Aug 10 2017 00:00:00 GMT+0530 (India Standard Time)",15.3814602132896,50,80,20
"Fri Aug 11 2017 00:00:00 GMT+0530 (India Standard Time)",38.033038801383,50,80,20
"Mon Aug 14 2017 00:00:00 GMT+0530 (India Standard Time)",49.6445497630332,50,80,20
"Wed Aug 16 2017 00:00:00 GMT+0530 (India Standard Time)",45.7740916271721,50,80,20
"Thu Aug 17 2017 00:00:00 GMT+0530 (India Standard Time)",60.5845181674565,50,80,20
"Fri Aug 18 2017 00:00:00 GMT+0530 (India Standard Time)",75.5529225908373,50,80,20
"Mon Aug 21 2017 00:00:00 GMT+0530 (India Standard Time)",54.6603475513427,50,80,20
"Tue Aug 22 2017 00:00:00 GMT+0530 (India Standard Time)",65.1658767772512,50,80,20
"Wed Aug 23 2017 00:00:00 GMT+0530 (India Standard Time)",87.9936808846761,50,80,20
"Thu Aug 24 2017 00:00:00 GMT+0530 (India Standard Time)",78.4042961258151,50,80,20
"Mon Aug 28 2017 00:00:00 GMT+0530 (India Standard Time)",75.5274261603376,50,80,20
"Tue Aug 29 2017 00:00:00 GMT+0530 (India Standard Time)",66.8968162639049,50,80,20
"Wed Aug 30 2017 00:00:00 GMT+0530 (India Standard Time)",72.65055619486,50,80,20
"Thu Aug 31 2017 00:00:00 GMT+0530 (India Standard Time)",64.9021864211739,50,80,20
"Fri Sep 01 2017 00:00:00 GMT+0530 (India Standard Time)",81.7031070195628,50,80,20
"Mon Sep 04 2017 00:00:00 GMT+0530 (India Standard Time)",68.6229382431914,50,80,20
"Tue Sep 05 2017 00:00:00 GMT+0530 (India Standard Time)",66.0145761411584,50,80,20
"Wed Sep 06 2017 00:00:00 GMT+0530 (India Standard Time)",76.2562332182585,50,80,20
"Thu Sep 07 2017 00:00:00 GMT+0530 (India Standard Time)",74.2232451093212,50,80,20
"Fri Sep 08 2017 00:00:00 GMT+0530 (India Standard Time)",70.0805523590333,50,80,20
"Mon Sep 11 2017 00:00:00 GMT+0530 (India Standard Time)",86.5799586166126,50,80,20
"Tue Sep 12 2017 00:00:00 GMT+0530 (India Standard Time)",95.428388746803,50,80,20
"Wed Sep 13 2017 00:00:00 GMT+0530 (India Standard Time)",84.5132743362832,50,80,20
"Thu Sep 14 2017 00:00:00 GMT+0530 (India Standard Time)",68.7703703703703,50,80,20
"Fri Sep 15 2017 00:00:00 GMT+0530 (India Standard Time)",64.7751937984496,50,80,20
"Mon Sep 18 2017 00:00:00 GMT+0530 (India Standard Time)",65.7054263565891,50,80,20
"Tue Sep 19 2017 00:00:00 GMT+0530 (India Standard Time)",95.9758022093634,50,80,20
"Wed Sep 20 2017 00:00:00 GMT+0530 (India Standard Time)",83.3046047771486,50,80,20
"Thu Sep 21 2017 00:00:00 GMT+0530 (India Standard Time)",65.6488549618321,50,80,20
"Fri Sep 22 2017 00:00:00 GMT+0530 (India Standard Time)",48.6579660182222,50,80,20
"Mon Sep 25 2017 00:00:00 GMT+0530 (India Standard Time)",47.9192317163261,50,80,20
"Tue Sep 26 2017 00:00:00 GMT+0530 (India Standard Time)",49.1258310760897,50,80,20
"Wed Sep 27 2017 00:00:00 GMT+0530 (India Standard Time)",50.8741689239104,50,80,20
"Thu Sep 28 2017 00:00:00 GMT+0530 (India Standard Time)",41.0397074190177,50,80,20
"Fri Sep 29 2017 00:00:00 GMT+0530 (India Standard Time)",81.4750434566675,50,80,20
"Tue Oct 03 2017 00:00:00 GMT+0530 (India Standard Time)",95.4670620631222,50,80,20
"Wed Oct 04 2017 00:00:00 GMT+0530 (India Standard Time)",94.1212871287129,50,80,20
"Thu Oct 05 2017 00:00:00 GMT+0530 (India Standard Time)",85.4572713643179,50,80,20
"Fri Oct 06 2017 00:00:00 GMT+0530 (India Standard Time)",94.3950327236113,50,80,20
"Mon Oct 09 2017 00:00:00 GMT+0530 (India Standard Time)",84.8341232227488,50,80,20
"Tue Oct 10 2017 00:00:00 GMT+0530 (India Standard Time)",82.0864268037312,50,80,20
"Wed Oct 11 2017 00:00:00 GMT+0530 (India Standard Time)",81.4442759666415,50,80,20
"Thu Oct 12 2017 00:00:00 GMT+0530 (India Standard Time)",83.6429112964367,50,80,20
"Fri Oct 13 2017 00:00:00 GMT+0530 (India Standard Time)",71.6451857467779,50,80,20
"Mon Oct 16 2017 00:00:00 GMT+0530 (India Standard Time)",72.2706595905989,50,80,20
"Tue Oct 17 2017 00:00:00 GMT+0530 (India Standard Time)",71.4177407126611,50,80,20
"Wed Oct 18 2017 00:00:00 GMT+0530 (India Standard Time)",70.2236542835482,50,80,20
"Thu Oct 19 2017 00:00:00 GMT+0530 (India Standard Time)",65.5989385898408,50,80,20
"Mon Oct 23 2017 00:00:00 GMT+0530 (India Standard Time)",68.2903714935558,50,80,20
"Tue Oct 24 2017 00:00:00 GMT+0530 (India Standard Time)",81.2357846853677,50,80,20
"Wed Oct 25 2017 00:00:00 GMT+0530 (India Standard Time)",97.3584905660377,50,80,20
"Thu Oct 26 2017 00:00:00 GMT+0530 (India Standard Time)",94.459655339024,50,80,20
"Fri Oct 27 2017 00:00:00 GMT+0530 (India Standard Time)",94.6088001201381,50,80,20
"Mon Oct 30 2017 00:00:00 GMT+0530 (India Standard Time)",94.1264737406216,50,80,20
"Tue Oct 31 2017 00:00:00 GMT+0530 (India Standard Time)",75.3313182980702,50,80,20
"Wed Nov 01 2017 00:00:00 GMT+0530 (India Standard Time)",77.298311444653,50,80,20
"Thu Nov 02 2017 00:00:00 GMT+0530 (India Standard Time)",83.1144465290806,50,80,20
"Fri Nov 03 2017 00:00:00 GMT+0530 (India Standard Time)",67.7848627668422,50,80,20
"Mon Nov 06 2017 00:00:00 GMT+0530 (India Standard Time)",72.1375103964513,50,80,20
"Tue Nov 07 2017 00:00:00 GMT+0530 (India Standard Time)",67.0640421402828,50,80,20
"Wed Nov 08 2017 00:00:00 GMT+0530 (India Standard Time)",54.0615469919601,50,80,20
"Thu Nov 09 2017 00:00:00 GMT+0530 (India Standard Time)",41.2808428056556,50,80,20
"Fri Nov 10 2017 00:00:00 GMT+0530 (India Standard Time)",53.7565844191849,50,80,20
"Mon Nov 13 2017 00:00:00 GMT+0530 (India Standard Time)",50.3188245079012,50,80,20
"Tue Nov 14 2017 00:00:00 GMT+0530 (India Standard Time)",51.5663986692543,50,80,20
"Wed Nov 15 2017 00:00:00 GMT+0530 (India Standard Time)",37.3163293595785,50,80,20
"Thu Nov 16 2017 00:00:00 GMT+0530 (India Standard Time)",37.843082894372,50,80,20
"Fri Nov 17 2017 00:00:00 GMT+0530 (India Standard Time)",25.3452243958573,50,80,20
"Mon Nov 20 2017 00:00:00 GMT+0530 (India Standard Time)",56.4220183486238,50,80,20
"Tue Nov 21 2017 00:00:00 GMT+0530 (India Standard Time)",49.3384401114205,50,80,20
"Wed Nov 22 2017 00:00:00 GMT+0530 (India Standard Time)",73.1197771587744,50,80,20
"Thu Nov 23 2017 00:00:00 GMT+0530 (India Standard Time)",57.033426183844,50,80,20
"Fri Nov 24 2017 00:00:00 GMT+0530 (India Standard Time)",78.3426183844012,50,80,20
"Mon Nov 27 2017 00:00:00 GMT+0530 (India Standard Time)",69.2065711289758,50,80,20
"Tue Nov 28 2017 00:00:00 GMT+0530 (India Standard Time)",56.2390772457183,50,80,20
"Wed Nov 29 2017 00:00:00 GMT+0530 (India Standard Time)",55.2953512757778,50,80,20
"Thu Nov 30 2017 00:00:00 GMT+0530 (India Standard Time)",74.7176684881603,50,80,20
"Fri Dec 01 2017 00:00:00 GMT+0530 (India Standard Time)",40.2914389799636,50,80,20
"Mon Dec 04 2017 00:00:00 GMT+0530 (India Standard Time)",60.3642987249545,50,80,20
"Tue Dec 05 2017 00:00:00 GMT+0530 (India Standard Time)",65.2102225886232,50,80,20
"Wed Dec 06 2017 00:00:00 GMT+0530 (India Standard Time)",46.3726298433636,50,80,20
"Thu Dec 07 2017 00:00:00 GMT+0530 (India Standard Time)",93.1949806949807,50,80,20
"Fri Dec 08 2017 00:00:00 GMT+0530 (India Standard Time)",70.4509404033537,50,80,20
"Mon Dec 11 2017 00:00:00 GMT+0530 (India Standard Time)",68.2302288692499,50,80,20
"Tue Dec 12 2017 00:00:00 GMT+0530 (India Standard Time)",86.4038069340585,50,80,20
"Wed Dec 13 2017 00:00:00 GMT+0530 (India Standard Time)",81.6666666666667,50,80,20
"Thu Dec 14 2017 00:00:00 GMT+0530 (India Standard Time)",73.8444444444444,50,80,20
"Fri Dec 15 2017 00:00:00 GMT+0530 (India Standard Time)",71.1076162660076,50,80,20
"Mon Dec 18 2017 00:00:00 GMT+0530 (India Standard Time)",84.6711798839459,50,80,20
"Tue Dec 19 2017 00:00:00 GMT+0530 (India Standard Time)",85.6624758220504,50,80,20
"Wed Dec 20 2017 00:00:00 GMT+0530 (India Standard Time)",83.2115171650056,50,80,20
"Thu Dec 21 2017 00:00:00 GMT+0530 (India Standard Time)",86.7109634551495,50,80,20
"Fri Dec 22 2017 00:00:00 GMT+0530 (India Standard Time)",89.3687707641196,50,80,20
"Tue Dec 26 2017 00:00:00 GMT+0530 (India Standard Time)",93.2811211871393,50,80,20
"Wed Dec 27 2017 00:00:00 GMT+0530 (India Standard Time)",90.8903544929925,50,80,20
"Thu Dec 28 2017 00:00:00 GMT+0530 (India Standard Time)",88.1671415004748,50,80,20
"Fri Dec 29 2017 00:00:00 GMT+0530 (India Standard Time)",71.7188983855651,50,80,20
"Mon Jan 01 2018 00:00:00 GMT+0530 (India Standard Time)",70.0841622035195,50,80,20
"Tue Jan 02 2018 00:00:00 GMT+0530 (India Standard Time)",61.0606685926537,50,80,20
"Wed Jan 03 2018 00:00:00 GMT+0530 (India Standard Time)",54.4985555096987,50,80,20
"Thu Jan 04 2018 00:00:00 GMT+0530 (India Standard Time)",64.0470687119142,50,80,20
"Fri Jan 05 2018 00:00:00 GMT+0530 (India Standard Time)",42.4862553451436,50,80,20
"Mon Jan 08 2018 00:00:00 GMT+0530 (India Standard Time)",49.358582773366,50,80,20
"Tue Jan 09 2018 00:00:00 GMT+0530 (India Standard Time)",57.4832009773976,50,80,20
"Wed Jan 10 2018 00:00:00 GMT+0530 (India Standard Time)",46.3958460598656,50,80,20
"Thu Jan 11 2018 00:00:00 GMT+0530 (India Standard Time)",45.0213805742212,50,80,20
"Fri Jan 12 2018 00:00:00 GMT+0530 (India Standard Time)",57.9413561392792,50,80,20
"Mon Jan 15 2018 00:00:00 GMT+0530 (India Standard Time)",30.6963958460599,50,80,20
"Tue Jan 16 2018 00:00:00 GMT+0530 (India Standard Time)",11.3316077077941,50,80,20
"Wed Jan 17 2018 00:00:00 GMT+0530 (India Standard Time)",25.7998984255968,50,80,20
"Thu Jan 18 2018 00:00:00 GMT+0530 (India Standard Time)",4.42278860569711,50,80,20
"Fri Jan 19 2018 00:00:00 GMT+0530 (India Standard Time)",15.1926932501671,50,80,20
"Mon Jan 22 2018 00:00:00 GMT+0530 (India Standard Time)",9.20077972709557,50,80,20
"Tue Jan 23 2018 00:00:00 GMT+0530 (India Standard Time)",32.7255985267036,50,80,20
"Wed Jan 24 2018 00:00:00 GMT+0530 (India Standard Time)",52.2651933701657,50,80,20
"Thu Jan 25 2018 00:00:00 GMT+0530 (India Standard Time)",69.7229419972095,50,80,20
"Mon Jan 29 2018 00:00:00 GMT+0530 (India Standard Time)",45.7456336766681,50,80,20
"Tue Jan 30 2018 00:00:00 GMT+0530 (India Standard Time)",48.7012987012987,50,80,20
"Wed Jan 31 2018 00:00:00 GMT+0530 (India Standard Time)",52.8884908195253,50,80,20
"Thu Feb 01 2018 00:00:00 GMT+0530 (India Standard Time)",65.7411553963278,50,80,20
"Fri Feb 02 2018 00:00:00 GMT+0530 (India Standard Time)",32.4899238692342,50,80,20
"Mon Feb 05 2018 00:00:00 GMT+0530 (India Standard Time)",25.5933721450963,50,80,20
"Tue Feb 06 2018 00:00:00 GMT+0530 (India Standard Time)",20.0394477317554,50,80,20
"Wed Feb 07 2018 00:00:00 GMT+0530 (India Standard Time)",31.439842209073,50,80,20
"Thu Feb 08 2018 00:00:00 GMT+0530 (India Standard Time)",35.7965250157002,50,80,20
"Fri Feb 09 2018 00:00:00 GMT+0530 (India Standard Time)",36.7385388319028,50,80,20
"Mon Feb 12 2018 00:00:00 GMT+0530 (India Standard Time)",40.736864140674,50,80,20
"Wed Feb 14 2018 00:00:00 GMT+0530 (India Standard Time)",46.44128113879,50,80,20
"Thu Feb 15 2018 00:00:00 GMT+0530 (India Standard Time)",61.4546263345196,50,80,20
"Fri Feb 16 2018 00:00:00 GMT+0530 (India Standard Time)",48.7989323843417,50,80,20
"Mon Feb 19 2018 00:00:00 GMT+0530 (India Standard Time)",41.2811387900356,50,80,20
"Tue Feb 20 2018 00:00:00 GMT+0530 (India Standard Time)",43.5275800711744,50,80,20
"Wed Feb 21 2018 00:00:00 GMT+0530 (India Standard Time)",45.1290035587188,50,80,20
"Thu Feb 22 2018 00:00:00 GMT+0530 (India Standard Time)",45.1957295373666,50,80,20
"Fri Feb 23 2018 00:00:00 GMT+0530 (India Standard Time)",32.2731316725979,50,80,20
"Mon Feb 26 2018 00:00:00 GMT+0530 (India Standard Time)",40.4150859183217,50,80,20
"Tue Feb 27 2018 00:00:00 GMT+0530 (India Standard Time)",31.7199248120301,50,80,20
"Wed Feb 28 2018 00:00:00 GMT+0530 (India Standard Time)",32.5187969924811,50,80,20
"Thu Mar 01 2018 00:00:00 GMT+0530 (India Standard Time)",26.7857142857142,50,80,20
"Mon Mar 05 2018 00:00:00 GMT+0530 (India Standard Time)",9.89553105049324,50,80,20
"Tue Mar 06 2018 00:00:00 GMT+0530 (India Standard Time)",4.98220640569384,50,80,20
"Wed Mar 07 2018 00:00:00 GMT+0530 (India Standard Time)",16.3419598720558,50,80,20
"Thu Mar 08 2018 00:00:00 GMT+0530 (India Standard Time)",6.97877289909851,50,80,20
"Fri Mar 09 2018 00:00:00 GMT+0530 (India Standard Time)",7.93835417272468,50,80,20
"Mon Mar 12 2018 00:00:00 GMT+0530 (India Standard Time)",28.7874382087816,50,80,20
"Tue Mar 13 2018 00:00:00 GMT+0530 (India Standard Time)",49.491131142774,50,80,20
"Wed Mar 14 2018 00:00:00 GMT+0530 (India Standard Time)",53.9691770863623,50,80,20
"Thu Mar 15 2018 00:00:00 GMT+0530 (India Standard Time)",37.2782785693516,50,80,20
"Fri Mar 16 2018 00:00:00 GMT+0530 (India Standard Time)",16.8944460599011,50,80,20
"Mon Mar 19 2018 00:00:00 GMT+0530 (India Standard Time)",21.4146658014277,50,80,20
"Tue Mar 20 2018 00:00:00 GMT+0530 (India Standard Time)",12.7839065541856,50,80,20
"Wed Mar 21 2018 00:00:00 GMT+0530 (India Standard Time)",4.38027255029209,50,80,20
"Thu Mar 22 2018 00:00:00 GMT+0530 (India Standard Time)",12.5243348475017,50,80,20
"Fri Mar 23 2018 00:00:00 GMT+0530 (India Standard Time)",22.3480333730632,50,80,20
"Mon Mar 26 2018 00:00:00 GMT+0530 (India Standard Time)",20.3195854027208,50,80,20
"Tue Mar 27 2018 00:00:00 GMT+0530 (India Standard Time)",25.3964852121731,50,80,20
"Wed Mar 28 2018 00:00:00 GMT+0530 (India Standard Time)",50.3364389233954,50,80,20
"Mon Apr 02 2018 00:00:00 GMT+0530 (India Standard Time)",40.6314699792961,50,80,20
"Tue Apr 03 2018 00:00:00 GMT+0530 (India Standard Time)",53.4420289855072,50,80,20
"Wed Apr 04 2018 00:00:00 GMT+0530 (India Standard Time)",49.5600414078675,50,80,20
"Thu Apr 05 2018 00:00:00 GMT+0530 (India Standard Time)",60.3002070393374,50,80,20
"Fri Apr 06 2018 00:00:00 GMT+0530 (India Standard Time)",65.0879917184265,50,80,20
"Mon Apr 09 2018 00:00:00 GMT+0530 (India Standard Time)",56.1594202898551,50,80,20
"Tue Apr 10 2018 00:00:00 GMT+0530 (India Standard Time)",59.1356107660455,50,80,20
"Wed Apr 11 2018 00:00:00 GMT+0530 (India Standard Time)",46.3250517598343,50,80,20
"Thu Apr 12 2018 00:00:00 GMT+0530 (India Standard Time)",43.8664596273292,50,80,20
"Fri Apr 13 2018 00:00:00 GMT+0530 (India Standard Time)",50.7723112128147,50,80,20
"Mon Apr 16 2018 00:00:00 GMT+0530 (India Standard Time)",52.1739130434782,50,80,20
"Tue Apr 17 2018 00:00:00 GMT+0530 (India Standard Time)",55.3511705685618,50,80,20
"Wed Apr 18 2018 00:00:00 GMT+0530 (India Standard Time)",72.0735785953176,50,80,20
"Thu Apr 19 2018 00:00:00 GMT+0530 (India Standard Time)",87.7926421404683,50,80,20
"Fri Apr 20 2018 00:00:00 GMT+0530 (India Standard Time)",63.7444279346211,50,80,20
"Mon Apr 23 2018 00:00:00 GMT+0530 (India Standard Time)",69.6879643387816,50,80,20
"Tue Apr 24 2018 00:00:00 GMT+0530 (India Standard Time)",85.1411589895988,50,80,20
"Wed Apr 25 2018 00:00:00 GMT+0530 (India Standard Time)",54.8291233283804,50,80,20
"Thu Apr 26 2018 00:00:00 GMT+0530 (India Standard Time)",33.4608030592735,50,80,20
"Fri Apr 27 2018 00:00:00 GMT+0530 (India Standard Time)",46.2921348314607,50,80,20
"Mon Apr 30 2018 00:00:00 GMT+0530 (India Standard Time)",18.8505747126438,50,80,20
"Wed May 02 2018 00:00:00 GMT+0530 (India Standard Time)",12.4137931034482,50,80,20
"Thu May 03 2018 00:00:00 GMT+0530 (India Standard Time)",13.6563876651981,50,80,20
"Fri May 04 2018 00:00:00 GMT+0530 (India Standard Time)",42.7312775330396,50,80,20
"Mon May 07 2018 00:00:00 GMT+0530 (India Standard Time)",97.1370143149285,50,80,20
"Tue May 08 2018 00:00:00 GMT+0530 (India Standard Time)",76.3572679509632,50,80,20
"Wed May 09 2018 00:00:00 GMT+0530 (India Standard Time)",76.5323992994744,50,80,20
"Thu May 10 2018 00:00:00 GMT+0530 (India Standard Time)",69.877408056042,50,80,20
"Fri May 11 2018 00:00:00 GMT+0530 (India Standard Time)",78.984238178634,50,80,20
"Mon May 14 2018 00:00:00 GMT+0530 (India Standard Time)",84.5884413309981,50,80,20
"Tue May 15 2018 00:00:00 GMT+0530 (India Standard Time)",61.7834394904458,50,80,20
"Wed May 16 2018 00:00:00 GMT+0530 (India Standard Time)",33.7579617834394,50,80,20
"Thu May 17 2018 00:00:00 GMT+0530 (India Standard Time)",32.8025477707007,50,80,20
"Fri May 18 2018 00:00:00 GMT+0530 (India Standard Time)",4.61783439490443,50,80,20
"Mon May 21 2018 00:00:00 GMT+0530 (India Standard Time)",20.4930662557781,50,80,20
"Tue May 22 2018 00:00:00 GMT+0530 (India Standard Time)",27.7349768875193,50,80,20
"Wed May 23 2018 00:00:00 GMT+0530 (India Standard Time)",12.1725731895223,50,80,20
"Thu May 24 2018 00:00:00 GMT+0530 (India Standard Time)",20.3984819734345,50,80,20
"Fri May 25 2018 00:00:00 GMT+0530 (India Standard Time)",38.7096774193548,50,80,20
"Mon May 28 2018 00:00:00 GMT+0530 (India Standard Time)",71.4421252371916,50,80,20
"Tue May 29 2018 00:00:00 GMT+0530 (India Standard Time)",83.8709677419355,50,80,20
"Wed May 30 2018 00:00:00 GMT+0530 (India Standard Time)",84.0607210626186,50,80,20
"Thu May 31 2018 00:00:00 GMT+0530 (India Standard Time)",96.0405156537753,50,80,20
"Fri Jun 01 2018 00:00:00 GMT+0530 (India Standard Time)",78.4530386740332,50,80,20
"Mon Jun 04 2018 00:00:00 GMT+0530 (India Standard Time)",66.8508287292818,50,80,20
"Tue Jun 05 2018 00:00:00 GMT+0530 (India Standard Time)",66.2062615101289,50,80,20
"Wed Jun 06 2018 00:00:00 GMT+0530 (India Standard Time)",62.9834254143646,50,80,20
"Thu Jun 07 2018 00:00:00 GMT+0530 (India Standard Time)",67.219152854512,50,80,20
"Fri Jun 08 2018 00:00:00 GMT+0530 (India Standard Time)",80.3867403314917,50,80,20
"Mon Jun 11 2018 00:00:00 GMT+0530 (India Standard Time)",82.5046040515654,50,80,20
"Tue Jun 12 2018 00:00:00 GMT+0530 (India Standard Time)",82.0441988950276,50,80,20
"Wed Jun 13 2018 00:00:00 GMT+0530 (India Standard Time)",84.8987108655617,50,80,20
"Thu Jun 14 2018 00:00:00 GMT+0530 (India Standard Time)",74.1252302025783,50,80,20
"Fri Jun 15 2018 00:00:00 GMT+0530 (India Standard Time)",66.5745856353591,50,80,20
"Mon Jun 18 2018 00:00:00 GMT+0530 (India Standard Time)",72.4677716390424,50,80,20
"Tue Jun 19 2018 00:00:00 GMT+0530 (India Standard Time)",81.0313075506446,50,80,20
"Wed Jun 20 2018 00:00:00 GMT+0530 (India Standard Time)",81.4917127071823,50,80,20
"Thu Jun 21 2018 00:00:00 GMT+0530 (India Standard Time)",67.9860302677532,50,80,20
"Fri Jun 22 2018 00:00:00 GMT+0530 (India Standard Time)",57.2831423895253,50,80,20
"Mon Jun 25 2018 00:00:00 GMT+0530 (India Standard Time)",52.4096385542168,50,80,20
"Tue Jun 26 2018 00:00:00 GMT+0530 (India Standard Time)",54.6184738955823,50,80,20
"Wed Jun 27 2018 00:00:00 GMT+0530 (India Standard Time)",19.3011647254576,50,80,20
"Thu Jun 28 2018 00:00:00 GMT+0530 (India Standard Time)",11.7820324005891,50,80,20
"Fri Jun 29 2018 00:00:00 GMT+0530 (India Standard Time)",74.2857142857142,50,80,20
"Mon Jul 02 2018 00:00:00 GMT+0530 (India Standard Time)",76.8421052631579,50,80,20
"Tue Jul 03 2018 00:00:00 GMT+0530 (India Standard Time)",89.4736842105263,50,80,20
"Wed Jul 04 2018 00:00:00 GMT+0530 (India Standard Time)",95.4876273653568,50,80,20
"Thu Jul 05 2018 00:00:00 GMT+0530 (India Standard Time)",88.7918486171762,50,80,20
"Fri Jul 06 2018 00:00:00 GMT+0530 (India Standard Time)",73.7451737451738,50,80,20
