"date","williams","middle","overbought","oversold"
"Tue Aug 01 2017 00:00:00 GMT+0530 (India Standard Time)",62.0015637216576,50,80,20
"Wed Aug 02 2017 00:00:00 GMT+0530 (India Standard Time)",53.6807278742763,50,80,20
"Thu Aug 03 2017 00:00:00 GMT+0530 (India Standard Time)",56.3275434243175,50,80,20
"Fri Aug 04 2017 00:00:00 GMT+0530 (India Standard Time)",74.8552522746071,50,80,20
"Mon Aug 07 2017 00:00:00 GMT+0530 (India Standard Time)",62.2001654259721,50,80,20
"Tue Aug 08 2017 00:00:00 GMT+0530 (India Standard Time)",58.3953680727873,50,80,20
"Wed Aug 09 2017 00:00:00 GMT+0530 (India Standard Time)",71.9602977667493,50,80,20
"Thu Aug 10 2017 00:00:00 GMT+0530 (India Standard Time)",64.5988420181967,50,80,20
"Fri Aug 11 2017 00:00:00 GMT+0530 (India Standard Time)",50.0436681222709,50,80,20
"Mon Aug 14 2017 00:00:00 GMT+0530 (India Standard Time)",66.6666666666667,50,80,20
"Wed Aug 16 2017 00:00:00 GMT+0530 (India Standard Time)",39.1812865497075,50,80,20
"Thu Aug 17 2017 00:00:00 GMT+0530 (India Standard Time)",26.8031189083821,50,80,20
"Fri Aug 18 2017 00:00:00 GMT+0530 (India Standard Time)",36.6471734892787,50,80,20
"Mon Aug 21 2017 00:00:00 GMT+0530 (India Standard Time)",30.2511415525114,50,80,20
"Tue Aug 22 2017 00:00:00 GMT+0530 (India Standard Time)",18.8356164383562,50,80,20
"Wed Aug 23 2017 00:00:00 GMT+0530 (India Standard Time)",54.5999999999999,50,80,20
"Thu Aug 24 2017 00:00:00 GMT+0530 (India Standard Time)",43.1999999999998,50,80,20
"Mon Aug 28 2017 00:00:00 GMT+0530 (India Standard Time)",83.8000000000002,50,80,20
"Tue Aug 29 2017 00:00:00 GMT+0530 (India Standard Time)",75.4000000000001,50,80,20
"Wed Aug 30 2017 00:00:00 GMT+0530 (India Standard Time)",79.1750503018106,50,80,20
"Thu Aug 31 2017 00:00:00 GMT+0530 (India Standard Time)",90.9166666666666,50,80,20
"Fri Sep 01 2017 00:00:00 GMT+0530 (India Standard Time)",97.0476190476191,50,80,20
"Mon Sep 04 2017 00:00:00 GMT+0530 (India Standard Time)",79.095238095238,50,80,20
"Tue Sep 05 2017 00:00:00 GMT+0530 (India Standard Time)",84.6859238881247,50,80,20
"Wed Sep 06 2017 00:00:00 GMT+0530 (India Standard Time)",84.4108207244383,50,80,20
"Thu Sep 07 2017 00:00:00 GMT+0530 (India Standard Time)",77.624942686841,50,80,20
"Fri Sep 08 2017 00:00:00 GMT+0530 (India Standard Time)",82.4850985786337,50,80,20
"Mon Sep 11 2017 00:00:00 GMT+0530 (India Standard Time)",97.6771653543307,50,80,20
"Tue Sep 12 2017 00:00:00 GMT+0530 (India Standard Time)",97.5334018499485,50,80,20
"Wed Sep 13 2017 00:00:00 GMT+0530 (India Standard Time)",95.2364864864865,50,80,20
"Thu Sep 14 2017 00:00:00 GMT+0530 (India Standard Time)",89.2229729729729,50,80,20
"Fri Sep 15 2017 00:00:00 GMT+0530 (India Standard Time)",88.8513513513514,50,80,20
"Mon Sep 18 2017 00:00:00 GMT+0530 (India Standard Time)",95.9121621621622,50,80,20
"Tue Sep 19 2017 00:00:00 GMT+0530 (India Standard Time)",94.1216216216216,50,80,20
"Wed Sep 20 2017 00:00:00 GMT+0530 (India Standard Time)",83.3108108108108,50,80,20
"Thu Sep 21 2017 00:00:00 GMT+0530 (India Standard Time)",75.7910228108903,50,80,20
"Fri Sep 22 2017 00:00:00 GMT+0530 (India Standard Time)",64.1280353200883,50,80,20
"Mon Sep 25 2017 00:00:00 GMT+0530 (India Standard Time)",46.9845150774247,50,80,20
"Tue Sep 26 2017 00:00:00 GMT+0530 (India Standard Time)",25.2336448598131,50,80,20
"Wed Sep 27 2017 00:00:00 GMT+0530 (India Standard Time)",13.338997451147,50,80,20
"Thu Sep 28 2017 00:00:00 GMT+0530 (India Standard Time)",5.03597122302158,50,80,20
"Fri Sep 29 2017 00:00:00 GMT+0530 (India Standard Time)",6.25899280575543,50,80,20
"Tue Oct 03 2017 00:00:00 GMT+0530 (India Standard Time)",18.5611510791367,50,80,20
"Wed Oct 04 2017 00:00:00 GMT+0530 (India Standard Time)",22.3381294964028,50,80,20
"Thu Oct 05 2017 00:00:00 GMT+0530 (India Standard Time)",21.7625899280576,50,80,20
"Fri Oct 06 2017 00:00:00 GMT+0530 (India Standard Time)",24.6762589928057,50,80,20
"Mon Oct 09 2017 00:00:00 GMT+0530 (India Standard Time)",25.6115107913668,50,80,20
"Tue Oct 10 2017 00:00:00 GMT+0530 (India Standard Time)",28.7769784172662,50,80,20
"Wed Oct 11 2017 00:00:00 GMT+0530 (India Standard Time)",27.0503597122301,50,80,20
"Thu Oct 12 2017 00:00:00 GMT+0530 (India Standard Time)",25.7553956834532,50,80,20
"Fri Oct 13 2017 00:00:00 GMT+0530 (India Standard Time)",36.8705035971223,50,80,20
"Mon Oct 16 2017 00:00:00 GMT+0530 (India Standard Time)",34.568345323741,50,80,20
"Tue Oct 17 2017 00:00:00 GMT+0530 (India Standard Time)",53.3453237410073,50,80,20
"Wed Oct 18 2017 00:00:00 GMT+0530 (India Standard Time)",42.3076923076923,50,80,20
"Thu Oct 19 2017 00:00:00 GMT+0530 (India Standard Time)",44.6680080482897,50,80,20
"Mon Oct 23 2017 00:00:00 GMT+0530 (India Standard Time)",47.714552238806,50,80,20
"Tue Oct 24 2017 00:00:00 GMT+0530 (India Standard Time)",90.0000000000001,50,80,20
"Wed Oct 25 2017 00:00:00 GMT+0530 (India Standard Time)",70.9009009009009,50,80,20
"Thu Oct 26 2017 00:00:00 GMT+0530 (India Standard Time)",61.3963963963965,50,80,20
"Fri Oct 27 2017 00:00:00 GMT+0530 (India Standard Time)",55.4504504504504,50,80,20
"Mon Oct 30 2017 00:00:00 GMT+0530 (India Standard Time)",51.9158878504672,50,80,20
"Tue Oct 31 2017 00:00:00 GMT+0530 (India Standard Time)",46.0406091370557,50,80,20
"Wed Nov 01 2017 00:00:00 GMT+0530 (India Standard Time)",33.9965889710063,50,80,20
"Thu Nov 02 2017 00:00:00 GMT+0530 (India Standard Time)",36.7822626492327,50,80,20
"Fri Nov 03 2017 00:00:00 GMT+0530 (India Standard Time)",30.0170551449688,50,80,20
"Mon Nov 06 2017 00:00:00 GMT+0530 (India Standard Time)",18.533257532689,50,80,20
"Tue Nov 07 2017 00:00:00 GMT+0530 (India Standard Time)",8.81773399014783,50,80,20
"Wed Nov 08 2017 00:00:00 GMT+0530 (India Standard Time)",39.1133004926109,50,80,20
"Thu Nov 09 2017 00:00:00 GMT+0530 (India Standard Time)",62.167487684729,50,80,20
"Fri Nov 10 2017 00:00:00 GMT+0530 (India Standard Time)",45.4187192118226,50,80,20
"Mon Nov 13 2017 00:00:00 GMT+0530 (India Standard Time)",41.8226600985222,50,80,20
"Tue Nov 14 2017 00:00:00 GMT+0530 (India Standard Time)",22.2167487684729,50,80,20
"Wed Nov 15 2017 00:00:00 GMT+0530 (India Standard Time)",48.3251231527093,50,80,20
"Thu Nov 16 2017 00:00:00 GMT+0530 (India Standard Time)",46.3546798029556,50,80,20
"Fri Nov 17 2017 00:00:00 GMT+0530 (India Standard Time)",38.2266009852216,50,80,20
"Mon Nov 20 2017 00:00:00 GMT+0530 (India Standard Time)",33.3497536945812,50,80,20
"Tue Nov 21 2017 00:00:00 GMT+0530 (India Standard Time)",27.9256654947262,50,80,20
"Wed Nov 22 2017 00:00:00 GMT+0530 (India Standard Time)",58.749121574139,50,80,20
"Thu Nov 23 2017 00:00:00 GMT+0530 (India Standard Time)",40.8748114630466,50,80,20
"Fri Nov 24 2017 00:00:00 GMT+0530 (India Standard Time)",40.8748114630466,50,80,20
"Mon Nov 27 2017 00:00:00 GMT+0530 (India Standard Time)",36.3912054586808,50,80,20
"Tue Nov 28 2017 00:00:00 GMT+0530 (India Standard Time)",58.3775587566338,50,80,20
"Wed Nov 29 2017 00:00:00 GMT+0530 (India Standard Time)",32.3730098559513,50,80,20
"Thu Nov 30 2017 00:00:00 GMT+0530 (India Standard Time)",21.6072782410917,50,80,20
"Fri Dec 01 2017 00:00:00 GMT+0530 (India Standard Time)",5.13196480938416,50,80,20
"Mon Dec 04 2017 00:00:00 GMT+0530 (India Standard Time)",4.9109883364027,50,80,20
"Tue Dec 05 2017 00:00:00 GMT+0530 (India Standard Time)",7.68805309734518,50,80,20
"Wed Dec 06 2017 00:00:00 GMT+0530 (India Standard Time)",5.37958773252882,50,80,20
"Thu Dec 07 2017 00:00:00 GMT+0530 (India Standard Time)",47.3409801876956,50,80,20
"Fri Dec 08 2017 00:00:00 GMT+0530 (India Standard Time)",38.4615384615384,50,80,20
"Mon Dec 11 2017 00:00:00 GMT+0530 (India Standard Time)",28.2929399367754,50,80,20
"Tue Dec 12 2017 00:00:00 GMT+0530 (India Standard Time)",19.3888303477345,50,80,20
"Wed Dec 13 2017 00:00:00 GMT+0530 (India Standard Time)",18.4931506849314,50,80,20
"Thu Dec 14 2017 00:00:00 GMT+0530 (India Standard Time)",25.763962065332,50,80,20
"Fri Dec 15 2017 00:00:00 GMT+0530 (India Standard Time)",24.9683143219265,50,80,20
"Mon Dec 18 2017 00:00:00 GMT+0530 (India Standard Time)",48.3523447401775,50,80,20
"Tue Dec 19 2017 00:00:00 GMT+0530 (India Standard Time)",49.0494296577947,50,80,20
"Wed Dec 20 2017 00:00:00 GMT+0530 (India Standard Time)",46.2610899873257,50,80,20
"Thu Dec 21 2017 00:00:00 GMT+0530 (India Standard Time)",50.2908855850034,50,80,20
"Fri Dec 22 2017 00:00:00 GMT+0530 (India Standard Time)",50.4201680672269,50,80,20
"Tue Dec 26 2017 00:00:00 GMT+0530 (India Standard Time)",66.9036845507434,50,80,20
"Wed Dec 27 2017 00:00:00 GMT+0530 (India Standard Time)",64.7058823529412,50,80,20
"Thu Dec 28 2017 00:00:00 GMT+0530 (India Standard Time)",76.949152542373,50,80,20
"Fri Dec 29 2017 00:00:00 GMT+0530 (India Standard Time)",80.9523809523809,50,80,20
"Mon Jan 01 2018 00:00:00 GMT+0530 (India Standard Time)",60.748299319728,50,80,20
"Tue Jan 02 2018 00:00:00 GMT+0530 (India Standard Time)",59.5238095238095,50,80,20
"Wed Jan 03 2018 00:00:00 GMT+0530 (India Standard Time)",58.3673469387756,50,80,20
"Thu Jan 04 2018 00:00:00 GMT+0530 (India Standard Time)",92.2727272727272,50,80,20
"Fri Jan 05 2018 00:00:00 GMT+0530 (India Standard Time)",92.5824175824176,50,80,20
"Mon Jan 08 2018 00:00:00 GMT+0530 (India Standard Time)",89.010989010989,50,80,20
"Tue Jan 09 2018 00:00:00 GMT+0530 (India Standard Time)",95.6860706860706,50,80,20
"Wed Jan 10 2018 00:00:00 GMT+0530 (India Standard Time)",77.2935779816514,50,80,20
"Thu Jan 11 2018 00:00:00 GMT+0530 (India Standard Time)",90.5389908256881,50,80,20
"Fri Jan 12 2018 00:00:00 GMT+0530 (India Standard Time)",91.3990825688073,50,80,20
"Mon Jan 15 2018 00:00:00 GMT+0530 (India Standard Time)",95.7739307535641,50,80,20
"Tue Jan 16 2018 00:00:00 GMT+0530 (India Standard Time)",76.6225961538461,50,80,20
"Wed Jan 17 2018 00:00:00 GMT+0530 (India Standard Time)",82.6322115384615,50,80,20
"Thu Jan 18 2018 00:00:00 GMT+0530 (India Standard Time)",74.357326478149,50,80,20
"Fri Jan 19 2018 00:00:00 GMT+0530 (India Standard Time)",75.8256274768825,50,80,20
"Mon Jan 22 2018 00:00:00 GMT+0530 (India Standard Time)",56.5745111260957,50,80,20
"Tue Jan 23 2018 00:00:00 GMT+0530 (India Standard Time)",48.3479433580581,50,80,20
"Wed Jan 24 2018 00:00:00 GMT+0530 (India Standard Time)",22.9265003371544,50,80,20
"Thu Jan 25 2018 00:00:00 GMT+0530 (India Standard Time)",22.1173297370196,50,80,20
"Mon Jan 29 2018 00:00:00 GMT+0530 (India Standard Time)",24.2751180040458,50,80,20
"Tue Jan 30 2018 00:00:00 GMT+0530 (India Standard Time)",3.83480825958702,50,80,20
"Wed Jan 31 2018 00:00:00 GMT+0530 (India Standard Time)",5.72271386430668,50,80,20
"Thu Feb 01 2018 00:00:00 GMT+0530 (India Standard Time)",34.8672566371681,50,80,20
"Fri Feb 02 2018 00:00:00 GMT+0530 (India Standard Time)",17.0501474926254,50,80,20
"Mon Feb 05 2018 00:00:00 GMT+0530 (India Standard Time)",21.0862619808306,50,80,20
"Tue Feb 06 2018 00:00:00 GMT+0530 (India Standard Time)",17.0618120237088,50,80,20
"Wed Feb 07 2018 00:00:00 GMT+0530 (India Standard Time)",26.2489415749365,50,80,20
"Thu Feb 08 2018 00:00:00 GMT+0530 (India Standard Time)",28.7468247248095,50,80,20
"Fri Feb 09 2018 00:00:00 GMT+0530 (India Standard Time)",34.419983065199,50,80,20
"Mon Feb 12 2018 00:00:00 GMT+0530 (India Standard Time)",45.9779847586792,50,80,20
"Wed Feb 14 2018 00:00:00 GMT+0530 (India Standard Time)",43.0263157894738,50,80,20
"Thu Feb 15 2018 00:00:00 GMT+0530 (India Standard Time)",39.7807017543861,50,80,20
"Fri Feb 16 2018 00:00:00 GMT+0530 (India Standard Time)",47.1491228070175,50,80,20
"Mon Feb 19 2018 00:00:00 GMT+0530 (India Standard Time)",28.836987607245,50,80,20
"Tue Feb 20 2018 00:00:00 GMT+0530 (India Standard Time)",35.0386100386102,50,80,20
"Wed Feb 21 2018 00:00:00 GMT+0530 (India Standard Time)",42.2792022792024,50,80,20
"Thu Feb 22 2018 00:00:00 GMT+0530 (India Standard Time)",34.3347639484978,50,80,20
"Fri Feb 23 2018 00:00:00 GMT+0530 (India Standard Time)",15.7788267026298,50,80,20
"Mon Feb 26 2018 00:00:00 GMT+0530 (India Standard Time)",19.8246797033042,50,80,20
"Tue Feb 27 2018 00:00:00 GMT+0530 (India Standard Time)",30.1115241635688,50,80,20
"Wed Feb 28 2018 00:00:00 GMT+0530 (India Standard Time)",41.1152416356879,50,80,20
"Thu Mar 01 2018 00:00:00 GMT+0530 (India Standard Time)",42.8252788104092,50,80,20
"Mon Mar 05 2018 00:00:00 GMT+0530 (India Standard Time)",26.4607679465778,50,80,20
"Tue Mar 06 2018 00:00:00 GMT+0530 (India Standard Time)",19.1986644407345,50,80,20
"Wed Mar 07 2018 00:00:00 GMT+0530 (India Standard Time)",28.6310517529216,50,80,20
"Thu Mar 08 2018 00:00:00 GMT+0530 (India Standard Time)",59.0867579908674,50,80,20
"Fri Mar 09 2018 00:00:00 GMT+0530 (India Standard Time)",61.8264840182647,50,80,20
"Mon Mar 12 2018 00:00:00 GMT+0530 (India Standard Time)",66.2100456621005,50,80,20
"Tue Mar 13 2018 00:00:00 GMT+0530 (India Standard Time)",82.283105022831,50,80,20
"Wed Mar 14 2018 00:00:00 GMT+0530 (India Standard Time)",80.6763285024155,50,80,20
"Thu Mar 15 2018 00:00:00 GMT+0530 (India Standard Time)",95.6934306569342,50,80,20
"Fri Mar 16 2018 00:00:00 GMT+0530 (India Standard Time)",40.1459854014599,50,80,20
"Mon Mar 19 2018 00:00:00 GMT+0530 (India Standard Time)",10.6569343065693,50,80,20
"Tue Mar 20 2018 00:00:00 GMT+0530 (India Standard Time)",20.0418994413407,50,80,20
"Wed Mar 21 2018 00:00:00 GMT+0530 (India Standard Time)",15.921787709497,50,80,20
"Thu Mar 22 2018 00:00:00 GMT+0530 (India Standard Time)",20.8798882681562,50,80,20
"Fri Mar 23 2018 00:00:00 GMT+0530 (India Standard Time)",28.6312849162012,50,80,20
"Mon Mar 26 2018 00:00:00 GMT+0530 (India Standard Time)",35.4748603351954,50,80,20
"Tue Mar 27 2018 00:00:00 GMT+0530 (India Standard Time)",54.3994413407819,50,80,20
"Wed Mar 28 2018 00:00:00 GMT+0530 (India Standard Time)",39.4553072625699,50,80,20
"Mon Apr 02 2018 00:00:00 GMT+0530 (India Standard Time)",81.0055865921789,50,80,20
"Tue Apr 03 2018 00:00:00 GMT+0530 (India Standard Time)",83.7290502793295,50,80,20
"Wed Apr 04 2018 00:00:00 GMT+0530 (India Standard Time)",61.2430167597765,50,80,20
"Thu Apr 05 2018 00:00:00 GMT+0530 (India Standard Time)",70.8798882681565,50,80,20
"Fri Apr 06 2018 00:00:00 GMT+0530 (India Standard Time)",71.717877094972,50,80,20
"Mon Apr 09 2018 00:00:00 GMT+0530 (India Standard Time)",82.2936357908003,50,80,20
"Tue Apr 10 2018 00:00:00 GMT+0530 (India Standard Time)",81.411468178954,50,80,20
"Wed Apr 11 2018 00:00:00 GMT+0530 (India Standard Time)",80.2772526780087,50,80,20
"Thu Apr 12 2018 00:00:00 GMT+0530 (India Standard Time)",92.0604914933838,50,80,20
"Fri Apr 13 2018 00:00:00 GMT+0530 (India Standard Time)",82.7036599763874,50,80,20
"Mon Apr 16 2018 00:00:00 GMT+0530 (India Standard Time)",89.9844317592111,50,80,20
"Tue Apr 17 2018 00:00:00 GMT+0530 (India Standard Time)",87.0264660093409,50,80,20
"Wed Apr 18 2018 00:00:00 GMT+0530 (India Standard Time)",83.1862999481058,50,80,20
"Thu Apr 19 2018 00:00:00 GMT+0530 (India Standard Time)",75.3797799895233,50,80,20
"Fri Apr 20 2018 00:00:00 GMT+0530 (India Standard Time)",69.4604504976427,50,80,20
"Mon Apr 23 2018 00:00:00 GMT+0530 (India Standard Time)",89.732844421163,50,80,20
"Tue Apr 24 2018 00:00:00 GMT+0530 (India Standard Time)",78.9714285714285,50,80,20
"Wed Apr 25 2018 00:00:00 GMT+0530 (India Standard Time)",66.9480519480519,50,80,20
"Thu Apr 26 2018 00:00:00 GMT+0530 (India Standard Time)",57.4025974025975,50,80,20
"Fri Apr 27 2018 00:00:00 GMT+0530 (India Standard Time)",80.0228310502283,50,80,20
"Mon Apr 30 2018 00:00:00 GMT+0530 (India Standard Time)",93.4567901234568,50,80,20
"Wed May 02 2018 00:00:00 GMT+0530 (India Standard Time)",92.0650095602295,50,80,20
"Thu May 03 2018 00:00:00 GMT+0530 (India Standard Time)",75.0523012552302,50,80,20
"Fri May 04 2018 00:00:00 GMT+0530 (India Standard Time)",58.0020920502093,50,80,20
"Mon May 07 2018 00:00:00 GMT+0530 (India Standard Time)",83.0667402095974,50,80,20
"Tue May 08 2018 00:00:00 GMT+0530 (India Standard Time)",76.8456375838928,50,80,20
"Wed May 09 2018 00:00:00 GMT+0530 (India Standard Time)",90.9955257270694,50,80,20
"Thu May 10 2018 00:00:00 GMT+0530 (India Standard Time)",78.7989556135771,50,80,20
"Fri May 11 2018 00:00:00 GMT+0530 (India Standard Time)",96.3581690611426,50,80,20
"Mon May 14 2018 00:00:00 GMT+0530 (India Standard Time)",95.2995391705068,50,80,20
"Tue May 15 2018 00:00:00 GMT+0530 (India Standard Time)",95.1434878587197,50,80,20
"Wed May 16 2018 00:00:00 GMT+0530 (India Standard Time)",95.6258234519104,50,80,20
"Thu May 17 2018 00:00:00 GMT+0530 (India Standard Time)",88.1159420289855,50,80,20
"Fri May 18 2018 00:00:00 GMT+0530 (India Standard Time)",87.5362318840579,50,80,20
"Mon May 21 2018 00:00:00 GMT+0530 (India Standard Time)",83.7620578778135,50,80,20
"Tue May 22 2018 00:00:00 GMT+0530 (India Standard Time)",75.2534941079747,50,80,20
"Wed May 23 2018 00:00:00 GMT+0530 (India Standard Time)",70.7317073170731,50,80,20
"Thu May 24 2018 00:00:00 GMT+0530 (India Standard Time)",78.9531378459852,50,80,20
"Fri May 25 2018 00:00:00 GMT+0530 (India Standard Time)",76.3636363636363,50,80,20
"Mon May 28 2018 00:00:00 GMT+0530 (India Standard Time)",93.404808317089,50,80,20
"Tue May 29 2018 00:00:00 GMT+0530 (India Standard Time)",78.8823911630929,50,80,20
"Wed May 30 2018 00:00:00 GMT+0530 (India Standard Time)",75.211176088369,50,80,20
"Thu May 31 2018 00:00:00 GMT+0530 (India Standard Time)",82.2287199480183,50,80,20
"Fri Jun 01 2018 00:00:00 GMT+0530 (India Standard Time)",74.375,50,80,20
"Mon Jun 04 2018 00:00:00 GMT+0530 (India Standard Time)",64.6205357142858,50,80,20
"Tue Jun 05 2018 00:00:00 GMT+0530 (India Standard Time)",56.547619047619,50,80,20
"Wed Jun 06 2018 00:00:00 GMT+0530 (India Standard Time)",44.4176706827309,50,80,20
"Thu Jun 07 2018 00:00:00 GMT+0530 (India Standard Time)",59.6671561429271,50,80,20
"Fri Jun 08 2018 00:00:00 GMT+0530 (India Standard Time)",38.8729154686601,50,80,20
"Mon Jun 11 2018 00:00:00 GMT+0530 (India Standard Time)",43.9907993099482,50,80,20
"Tue Jun 12 2018 00:00:00 GMT+0530 (India Standard Time)",49.051178838413,50,80,20
"Wed Jun 13 2018 00:00:00 GMT+0530 (India Standard Time)",47.6108232584917,50,80,20
"Thu Jun 14 2018 00:00:00 GMT+0530 (India Standard Time)",47.2654001151409,50,80,20
"Fri Jun 15 2018 00:00:00 GMT+0530 (India Standard Time)",42.7748992515832,50,80,20
"Mon Jun 18 2018 00:00:00 GMT+0530 (India Standard Time)",42.6021876799078,50,80,20
"Tue Jun 19 2018 00:00:00 GMT+0530 (India Standard Time)",27.8065630397237,50,80,20
"Wed Jun 20 2018 00:00:00 GMT+0530 (India Standard Time)",30.2245250431778,50,80,20
"Thu Jun 21 2018 00:00:00 GMT+0530 (India Standard Time)",9.15371329879106,50,80,20
"Fri Jun 22 2018 00:00:00 GMT+0530 (India Standard Time)",29.989094874591,50,80,20
"Mon Jun 25 2018 00:00:00 GMT+0530 (India Standard Time)",14.7550111358575,50,80,20
"Tue Jun 26 2018 00:00:00 GMT+0530 (India Standard Time)",48.1118881118879,50,80,20
"Wed Jun 27 2018 00:00:00 GMT+0530 (India Standard Time)",37.6923076923078,50,80,20
"Thu Jun 28 2018 00:00:00 GMT+0530 (India Standard Time)",40.4011461318052,50,80,20
"Fri Jun 29 2018 00:00:00 GMT+0530 (India Standard Time)",42.3211169284468,50,80,20
"Mon Jul 02 2018 00:00:00 GMT+0530 (India Standard Time)",91.5151515151514,50,80,20
"Tue Jul 03 2018 00:00:00 GMT+0530 (India Standard Time)",75.5116959064327,50,80,20
